ISO-10303-21;
HEADER;
FILE_DESCRIPTION(('Open CASCADE Model'),'2;1');
FILE_NAME('Open CASCADE Shape Model','2026-08-26T15:57:16',('Author'),(
    'Open CASCADE'),'Open CASCADE STEP processor 7.9','Open CASCADE 7.9'
  ,'Unknown');
FILE_SCHEMA(('AUTOMOTIVE_DESIGN { 1 0 10303 214 1 1 1 1 }'));
ENDSEC;
DATA;
#1 = APPLICATION_PROTOCOL_DEFINITION('international standard',
  'automotive_design',2000,#2);
#2 = APPLICATION_CONTEXT(
  'core data for automotive mechanical design processes');
#3 = SHAPE_DEFINITION_REPRESENTATION(#4,#10);
#4 = PRODUCT_DEFINITION_SHAPE('','',#5);
#5 = PRODUCT_DEFINITION('design','',#6,#9);
#6 = PRODUCT_DEFINITION_FORMATION('','',#7);
#7 = PRODUCT('COMPOUND','COMPOUND','',(#8));
#8 = PRODUCT_CONTEXT('',#2,'mechanical');
#9 = PRODUCT_DEFINITION_CONTEXT('part definition',#2,'design');
#10 = SHAPE_REPRESENTATION('',(#11,#15,#247,#895,#1105,#1315,#1525,#1761
    ,#1997,#2233,#2731,#2839,#3037,#3571,#3949,#4455,#4913,#5291,#6085,
    #6885,#7393,#7771,#8277,#8735),#10059);
#11 = AXIS2_PLACEMENT_3D('',#12,#13,#14);
#12 = CARTESIAN_POINT('',(0.,0.,0.));
#13 = DIRECTION('',(0.,0.,1.));
#14 = DIRECTION('',(1.,0.,-0.));
#15 = MANIFOLD_SOLID_BREP('',#16);
#16 = CLOSED_SHELL('',(#17,#65,#101,#129,#157,#177,#200,#212,#237));
#17 = ADVANCED_FACE('',(#18),#54,.F.);
#18 = FACE_BOUND('',#19,.F.);
#19 = EDGE_LOOP('',(#20,#29,#39,#46));
#20 = ORIENTED_EDGE('',*,*,#21,.T.);
#21 = EDGE_CURVE('',#22,#24,#26,.T.);
#22 = VERTEX_POINT('',#23);
#23 = CARTESIAN_POINT('',(0.871633800714,-0.784759853562,0.6500001));
#24 = VERTEX_POINT('',#25);
#25 = CARTESIAN_POINT('',(0.871633800714,-0.784759853562,0.6600001));
#26 = B_SPLINE_CURVE_WITH_KNOTS('',1,(#27,#28),.UNSPECIFIED.,.F.,.F.,(2,
    2),(0.,1.E-02),.PIECEWISE_BEZIER_KNOTS.);
#27 = CARTESIAN_POINT('',(0.871633800714,-0.784759853562,0.6500001));
#28 = CARTESIAN_POINT('',(0.871633800714,-0.784759853562,0.6600001));
#29 = ORIENTED_EDGE('',*,*,#30,.F.);
#30 = EDGE_CURVE('',#31,#24,#33,.T.);
#31 = VERTEX_POINT('',#32);
#32 = CARTESIAN_POINT('',(0.711492115787,-0.784759853562,0.6600001));
#33 = ( BOUNDED_CURVE() B_SPLINE_CURVE(2,(#34,#35,#36,#37,#38),
.UNSPECIFIED.,.F.,.F.) B_SPLINE_CURVE_WITH_KNOTS((3,2,3),(3.14159265359,
4.712388980385,6.28318530718),.PIECEWISE_BEZIER_KNOTS.) CURVE() 
GEOMETRIC_REPRESENTATION_ITEM() RATIONAL_B_SPLINE_CURVE((1.,
0.707106781187,1.,0.707106781187,1.)) REPRESENTATION_ITEM('') );
#34 = CARTESIAN_POINT('',(0.711492115787,-0.784759853562,0.6600001));
#35 = CARTESIAN_POINT('',(0.711492115787,-0.864830696026,0.6600001));
#36 = CARTESIAN_POINT('',(0.79156295825,-0.864830696026,0.6600001));
#37 = CARTESIAN_POINT('',(0.871633800714,-0.864830696026,0.6600001));
#38 = CARTESIAN_POINT('',(0.871633800714,-0.784759853562,0.6600001));
#39 = ORIENTED_EDGE('',*,*,#40,.F.);
#40 = EDGE_CURVE('',#41,#31,#43,.T.);
#41 = VERTEX_POINT('',#42);
#42 = CARTESIAN_POINT('',(0.711492115787,-0.784759853562,0.6500001));
#43 = B_SPLINE_CURVE_WITH_KNOTS('',1,(#44,#45),.UNSPECIFIED.,.F.,.F.,(2,
    2),(0.,1.E-02),.PIECEWISE_BEZIER_KNOTS.);
#44 = CARTESIAN_POINT('',(0.711492115787,-0.784759853562,0.6500001));
#45 = CARTESIAN_POINT('',(0.711492115787,-0.784759853562,0.6600001));
#46 = ORIENTED_EDGE('',*,*,#47,.T.);
#47 = EDGE_CURVE('',#41,#22,#48,.T.);
#48 = ( BOUNDED_CURVE() B_SPLINE_CURVE(2,(#49,#50,#51,#52,#53),
.UNSPECIFIED.,.F.,.F.) B_SPLINE_CURVE_WITH_KNOTS((3,2,3),(3.14159265359,
4.712388980385,6.28318530718),.PIECEWISE_BEZIER_KNOTS.) CURVE() 
GEOMETRIC_REPRESENTATION_ITEM() RATIONAL_B_SPLINE_CURVE((1.,
0.707106781187,1.,0.707106781187,1.)) REPRESENTATION_ITEM('') );
#49 = CARTESIAN_POINT('',(0.711492115787,-0.784759853562,0.6500001));
#50 = CARTESIAN_POINT('',(0.711492115787,-0.864830696026,0.6500001));
#51 = CARTESIAN_POINT('',(0.79156295825,-0.864830696026,0.6500001));
#52 = CARTESIAN_POINT('',(0.871633800714,-0.864830696026,0.6500001));
#53 = CARTESIAN_POINT('',(0.871633800714,-0.784759853562,0.6500001));
#54 = ( BOUNDED_SURFACE() B_SPLINE_SURFACE(2,1,(
    (#55,#56)
    ,(#57,#58)
    ,(#59,#60)
    ,(#61,#62)
,(#63,#64
    )),.UNSPECIFIED.,.F.,.F.,.F.) B_SPLINE_SURFACE_WITH_KNOTS((3,2,3),(2
    ,2),(3.14159265359,4.712388980385,6.28318530718),(0.,1.E-02),
.PIECEWISE_BEZIER_KNOTS.) GEOMETRIC_REPRESENTATION_ITEM() 
RATIONAL_B_SPLINE_SURFACE((
    (1.,1.)
    ,(0.707106781187,0.707106781187)
    ,(1.,1.)
    ,(0.707106781187,0.707106781187)
,(1.,1.))) REPRESENTATION_ITEM('') SURFACE() );
#55 = CARTESIAN_POINT('',(0.711492115787,-0.784759853562,0.6500001));
#56 = CARTESIAN_POINT('',(0.711492115787,-0.784759853562,0.6600001));
#57 = CARTESIAN_POINT('',(0.711492115787,-0.864830696026,0.6500001));
#58 = CARTESIAN_POINT('',(0.711492115787,-0.864830696026,0.6600001));
#59 = CARTESIAN_POINT('',(0.79156295825,-0.864830696026,0.6500001));
#60 = CARTESIAN_POINT('',(0.79156295825,-0.864830696026,0.6600001));
#61 = CARTESIAN_POINT('',(0.871633800714,-0.864830696026,0.6500001));
#62 = CARTESIAN_POINT('',(0.871633800714,-0.864830696026,0.6600001));
#63 = CARTESIAN_POINT('',(0.871633800714,-0.784759853562,0.6500001));
#64 = CARTESIAN_POINT('',(0.871633800714,-0.784759853562,0.6600001));
#65 = ADVANCED_FACE('',(#66),#96,.F.);
#66 = FACE_BOUND('',#67,.T.);
#67 = EDGE_LOOP('',(#68,#77,#84,#91));
#68 = ORIENTED_EDGE('',*,*,#69,.T.);
#69 = EDGE_CURVE('',#70,#72,#74,.T.);
#70 = VERTEX_POINT('',#71);
#71 = CARTESIAN_POINT('',(-1.,-0.995,0.1900001));
#72 = VERTEX_POINT('',#73);
#73 = CARTESIAN_POINT('',(1.,-0.995,0.1900001));
#74 = B_SPLINE_CURVE_WITH_KNOTS('',1,(#75,#76),.UNSPECIFIED.,.F.,.F.,(2,
    2),(0.,2.),.PIECEWISE_BEZIER_KNOTS.);
#75 = CARTESIAN_POINT('',(-1.,-0.995,0.1900001));
#76 = CARTESIAN_POINT('',(1.,-0.995,0.1900001));
#77 = ORIENTED_EDGE('',*,*,#78,.F.);
#78 = EDGE_CURVE('',#79,#72,#81,.T.);
#79 = VERTEX_POINT('',#80);
#80 = CARTESIAN_POINT('',(1.,-0.995,0.6600001));
#81 = B_SPLINE_CURVE_WITH_KNOTS('',1,(#82,#83),.UNSPECIFIED.,.F.,.F.,(2,
    2),(-0.,0.47),.PIECEWISE_BEZIER_KNOTS.);
#82 = CARTESIAN_POINT('',(1.,-0.995,0.6600001));
#83 = CARTESIAN_POINT('',(1.,-0.995,0.1900001));
#84 = ORIENTED_EDGE('',*,*,#85,.F.);
#85 = EDGE_CURVE('',#86,#79,#88,.T.);
#86 = VERTEX_POINT('',#87);
#87 = CARTESIAN_POINT('',(-1.,-0.995,0.6600001));
#88 = B_SPLINE_CURVE_WITH_KNOTS('',1,(#89,#90),.UNSPECIFIED.,.F.,.F.,(2,
    2),(0.,2.),.PIECEWISE_BEZIER_KNOTS.);
#89 = CARTESIAN_POINT('',(-1.,-0.995,0.6600001));
#90 = CARTESIAN_POINT('',(1.,-0.995,0.6600001));
#91 = ORIENTED_EDGE('',*,*,#92,.T.);
#92 = EDGE_CURVE('',#86,#70,#93,.T.);
#93 = B_SPLINE_CURVE_WITH_KNOTS('',1,(#94,#95),.UNSPECIFIED.,.F.,.F.,(2,
    2),(-0.,0.47),.PIECEWISE_BEZIER_KNOTS.);
#94 = CARTESIAN_POINT('',(-1.,-0.995,0.6600001));
#95 = CARTESIAN_POINT('',(-1.,-0.995,0.1900001));
#96 = B_SPLINE_SURFACE_WITH_KNOTS('',1,1,(
    (#97,#98)
    ,(#99,#100
    )),.UNSPECIFIED.,.F.,.F.,.F.,(2,2),(2,2),(-0.47,0.),(0.,2.),
  .PIECEWISE_BEZIER_KNOTS.);
#97 = CARTESIAN_POINT('',(-1.,-0.995,0.1900001));
#98 = CARTESIAN_POINT('',(1.,-0.995,0.1900001));
#99 = CARTESIAN_POINT('',(-1.,-0.995,0.6600001));
#100 = CARTESIAN_POINT('',(1.,-0.995,0.6600001));
#101 = ADVANCED_FACE('',(#102),#124,.F.);
#102 = FACE_BOUND('',#103,.T.);
#103 = EDGE_LOOP('',(#104,#111,#118,#123));
#104 = ORIENTED_EDGE('',*,*,#105,.T.);
#105 = EDGE_CURVE('',#72,#106,#108,.T.);
#106 = VERTEX_POINT('',#107);
#107 = CARTESIAN_POINT('',(1.,1.005,0.1900001));
#108 = B_SPLINE_CURVE_WITH_KNOTS('',1,(#109,#110),.UNSPECIFIED.,.F.,.F.,
  (2,2),(0.,2.),.PIECEWISE_BEZIER_KNOTS.);
#109 = CARTESIAN_POINT('',(1.,-0.995,0.1900001));
#110 = CARTESIAN_POINT('',(1.,1.005,0.1900001));
#111 = ORIENTED_EDGE('',*,*,#112,.F.);
#112 = EDGE_CURVE('',#113,#106,#115,.T.);
#113 = VERTEX_POINT('',#114);
#114 = CARTESIAN_POINT('',(1.,1.005,0.6600001));
#115 = B_SPLINE_CURVE_WITH_KNOTS('',1,(#116,#117),.UNSPECIFIED.,.F.,.F.,
  (2,2),(-0.,0.47),.PIECEWISE_BEZIER_KNOTS.);
#116 = CARTESIAN_POINT('',(1.,1.005,0.6600001));
#117 = CARTESIAN_POINT('',(1.,1.005,0.1900001));
#118 = ORIENTED_EDGE('',*,*,#119,.F.);
#119 = EDGE_CURVE('',#79,#113,#120,.T.);
#120 = B_SPLINE_CURVE_WITH_KNOTS('',1,(#121,#122),.UNSPECIFIED.,.F.,.F.,
  (2,2),(0.,2.),.PIECEWISE_BEZIER_KNOTS.);
#121 = CARTESIAN_POINT('',(1.,-0.995,0.6600001));
#122 = CARTESIAN_POINT('',(1.,1.005,0.6600001));
#123 = ORIENTED_EDGE('',*,*,#78,.T.);
#124 = B_SPLINE_SURFACE_WITH_KNOTS('',1,1,(
    (#125,#126)
    ,(#127,#128
    )),.UNSPECIFIED.,.F.,.F.,.F.,(2,2),(2,2),(-0.47,0.),(0.,2.),
  .PIECEWISE_BEZIER_KNOTS.);
#125 = CARTESIAN_POINT('',(1.,-0.995,0.1900001));
#126 = CARTESIAN_POINT('',(1.,1.005,0.1900001));
#127 = CARTESIAN_POINT('',(1.,-0.995,0.6600001));
#128 = CARTESIAN_POINT('',(1.,1.005,0.6600001));
#129 = ADVANCED_FACE('',(#130),#152,.F.);
#130 = FACE_BOUND('',#131,.T.);
#131 = EDGE_LOOP('',(#132,#139,#146,#151));
#132 = ORIENTED_EDGE('',*,*,#133,.T.);
#133 = EDGE_CURVE('',#106,#134,#136,.T.);
#134 = VERTEX_POINT('',#135);
#135 = CARTESIAN_POINT('',(-1.,1.005,0.1900001));
#136 = B_SPLINE_CURVE_WITH_KNOTS('',1,(#137,#138),.UNSPECIFIED.,.F.,.F.,
  (2,2),(0.,2.),.PIECEWISE_BEZIER_KNOTS.);
#137 = CARTESIAN_POINT('',(1.,1.005,0.1900001));
#138 = CARTESIAN_POINT('',(-1.,1.005,0.1900001));
#139 = ORIENTED_EDGE('',*,*,#140,.F.);
#140 = EDGE_CURVE('',#141,#134,#143,.T.);
#141 = VERTEX_POINT('',#142);
#142 = CARTESIAN_POINT('',(-1.,1.005,0.6600001));
#143 = B_SPLINE_CURVE_WITH_KNOTS('',1,(#144,#145),.UNSPECIFIED.,.F.,.F.,
  (2,2),(-0.,0.47),.PIECEWISE_BEZIER_KNOTS.);
#144 = CARTESIAN_POINT('',(-1.,1.005,0.6600001));
#145 = CARTESIAN_POINT('',(-1.,1.005,0.1900001));
#146 = ORIENTED_EDGE('',*,*,#147,.F.);
#147 = EDGE_CURVE('',#113,#141,#148,.T.);
#148 = B_SPLINE_CURVE_WITH_KNOTS('',1,(#149,#150),.UNSPECIFIED.,.F.,.F.,
  (2,2),(0.,2.),.PIECEWISE_BEZIER_KNOTS.);
#149 = CARTESIAN_POINT('',(1.,1.005,0.6600001));
#150 = CARTESIAN_POINT('',(-1.,1.005,0.6600001));
#151 = ORIENTED_EDGE('',*,*,#112,.T.);
#152 = B_SPLINE_SURFACE_WITH_KNOTS('',1,1,(
    (#153,#154)
    ,(#155,#156
    )),.UNSPECIFIED.,.F.,.F.,.F.,(2,2),(2,2),(-0.,0.47),(-2.,0.),
  .PIECEWISE_BEZIER_KNOTS.);
#153 = CARTESIAN_POINT('',(-1.,1.005,0.6600001));
#154 = CARTESIAN_POINT('',(1.,1.005,0.6600001));
#155 = CARTESIAN_POINT('',(-1.,1.005,0.1900001));
#156 = CARTESIAN_POINT('',(1.,1.005,0.1900001));
#157 = ADVANCED_FACE('',(#158),#172,.F.);
#158 = FACE_BOUND('',#159,.T.);
#159 = EDGE_LOOP('',(#160,#165,#166,#171));
#160 = ORIENTED_EDGE('',*,*,#161,.T.);
#161 = EDGE_CURVE('',#134,#70,#162,.T.);
#162 = B_SPLINE_CURVE_WITH_KNOTS('',1,(#163,#164),.UNSPECIFIED.,.F.,.F.,
  (2,2),(0.,2.),.PIECEWISE_BEZIER_KNOTS.);
#163 = CARTESIAN_POINT('',(-1.,1.005,0.1900001));
#164 = CARTESIAN_POINT('',(-1.,-0.995,0.1900001));
#165 = ORIENTED_EDGE('',*,*,#92,.F.);
#166 = ORIENTED_EDGE('',*,*,#167,.F.);
#167 = EDGE_CURVE('',#141,#86,#168,.T.);
#168 = B_SPLINE_CURVE_WITH_KNOTS('',1,(#169,#170),.UNSPECIFIED.,.F.,.F.,
  (2,2),(0.,2.),.PIECEWISE_BEZIER_KNOTS.);
#169 = CARTESIAN_POINT('',(-1.,1.005,0.6600001));
#170 = CARTESIAN_POINT('',(-1.,-0.995,0.6600001));
#171 = ORIENTED_EDGE('',*,*,#140,.T.);
#172 = B_SPLINE_SURFACE_WITH_KNOTS('',1,1,(
    (#173,#174)
    ,(#175,#176
    )),.UNSPECIFIED.,.F.,.F.,.F.,(2,2),(2,2),(-0.,0.47),(-2.,0.),
  .PIECEWISE_BEZIER_KNOTS.);
#173 = CARTESIAN_POINT('',(-1.,-0.995,0.6600001));
#174 = CARTESIAN_POINT('',(-1.,1.005,0.6600001));
#175 = CARTESIAN_POINT('',(-1.,-0.995,0.1900001));
#176 = CARTESIAN_POINT('',(-1.,1.005,0.1900001));
#177 = ADVANCED_FACE('',(#178,#189),#195,.T.);
#178 = FACE_BOUND('',#179,.T.);
#179 = EDGE_LOOP('',(#180,#188));
#180 = ORIENTED_EDGE('',*,*,#181,.F.);
#181 = EDGE_CURVE('',#24,#31,#182,.T.);
#182 = ( BOUNDED_CURVE() B_SPLINE_CURVE(2,(#183,#184,#185,#186,#187),
.UNSPECIFIED.,.F.,.F.) B_SPLINE_CURVE_WITH_KNOTS((3,2,3),(0.,
1.570796326795,3.14159265359),.PIECEWISE_BEZIER_KNOTS.) CURVE() 
GEOMETRIC_REPRESENTATION_ITEM() RATIONAL_B_SPLINE_CURVE((1.,
0.707106781187,1.,0.707106781187,1.)) REPRESENTATION_ITEM('') );
#183 = CARTESIAN_POINT('',(0.871633800714,-0.784759853562,0.6600001));
#184 = CARTESIAN_POINT('',(0.871633800714,-0.704689011098,0.6600001));
#185 = CARTESIAN_POINT('',(0.79156295825,-0.704689011098,0.6600001));
#186 = CARTESIAN_POINT('',(0.711492115787,-0.704689011098,0.6600001));
#187 = CARTESIAN_POINT('',(0.711492115787,-0.784759853562,0.6600001));
#188 = ORIENTED_EDGE('',*,*,#30,.F.);
#189 = FACE_BOUND('',#190,.T.);
#190 = EDGE_LOOP('',(#191,#192,#193,#194));
#191 = ORIENTED_EDGE('',*,*,#85,.T.);
#192 = ORIENTED_EDGE('',*,*,#119,.T.);
#193 = ORIENTED_EDGE('',*,*,#147,.T.);
#194 = ORIENTED_EDGE('',*,*,#167,.T.);
#195 = B_SPLINE_SURFACE_WITH_KNOTS('',1,1,(
    (#196,#197)
    ,(#198,#199
    )),.UNSPECIFIED.,.F.,.F.,.F.,(2,2),(2,2),(-1.,1.),(-1.,1.),
  .PIECEWISE_BEZIER_KNOTS.);
#196 = CARTESIAN_POINT('',(-1.,-0.995,0.6600001));
#197 = CARTESIAN_POINT('',(-1.,1.005,0.6600001));
#198 = CARTESIAN_POINT('',(1.,-0.995,0.6600001));
#199 = CARTESIAN_POINT('',(1.,1.005,0.6600001));
#200 = ADVANCED_FACE('',(#201),#207,.F.);
#201 = FACE_BOUND('',#202,.T.);
#202 = EDGE_LOOP('',(#203,#204,#205,#206));
#203 = ORIENTED_EDGE('',*,*,#69,.F.);
#204 = ORIENTED_EDGE('',*,*,#161,.F.);
#205 = ORIENTED_EDGE('',*,*,#133,.F.);
#206 = ORIENTED_EDGE('',*,*,#105,.F.);
#207 = B_SPLINE_SURFACE_WITH_KNOTS('',1,1,(
    (#208,#209)
    ,(#210,#211
    )),.UNSPECIFIED.,.F.,.F.,.F.,(2,2),(2,2),(-1.,1.),(-1.,1.),
  .PIECEWISE_BEZIER_KNOTS.);
#208 = CARTESIAN_POINT('',(-1.,-0.995,0.1900001));
#209 = CARTESIAN_POINT('',(-1.,1.005,0.1900001));
#210 = CARTESIAN_POINT('',(1.,-0.995,0.1900001));
#211 = CARTESIAN_POINT('',(1.,1.005,0.1900001));
#212 = ADVANCED_FACE('',(#213),#226,.F.);
#213 = FACE_BOUND('',#214,.F.);
#214 = EDGE_LOOP('',(#215,#216,#217,#225));
#215 = ORIENTED_EDGE('',*,*,#181,.F.);
#216 = ORIENTED_EDGE('',*,*,#21,.F.);
#217 = ORIENTED_EDGE('',*,*,#218,.T.);
#218 = EDGE_CURVE('',#22,#41,#219,.T.);
#219 = ( BOUNDED_CURVE() B_SPLINE_CURVE(2,(#220,#221,#222,#223,#224),
.UNSPECIFIED.,.F.,.F.) B_SPLINE_CURVE_WITH_KNOTS((3,2,3),(0.,
1.570796326795,3.14159265359),.PIECEWISE_BEZIER_KNOTS.) CURVE() 
GEOMETRIC_REPRESENTATION_ITEM() RATIONAL_B_SPLINE_CURVE((1.,
0.707106781187,1.,0.707106781187,1.)) REPRESENTATION_ITEM('') );
#220 = CARTESIAN_POINT('',(0.871633800714,-0.784759853562,0.6500001));
#221 = CARTESIAN_POINT('',(0.871633800714,-0.704689011098,0.6500001));
#222 = CARTESIAN_POINT('',(0.79156295825,-0.704689011098,0.6500001));
#223 = CARTESIAN_POINT('',(0.711492115787,-0.704689011098,0.6500001));
#224 = CARTESIAN_POINT('',(0.711492115787,-0.784759853562,0.6500001));
#225 = ORIENTED_EDGE('',*,*,#40,.T.);
#226 = ( BOUNDED_SURFACE() B_SPLINE_SURFACE(2,1,(
    (#227,#228)
    ,(#229,#230)
    ,(#231,#232)
    ,(#233,#234)
,(#235,#236
    )),.UNSPECIFIED.,.F.,.F.,.F.) B_SPLINE_SURFACE_WITH_KNOTS((3,2,3),(2
    ,2),(0.,1.570796326795,3.14159265359),(0.,1.E-02),
.PIECEWISE_BEZIER_KNOTS.) GEOMETRIC_REPRESENTATION_ITEM() 
RATIONAL_B_SPLINE_SURFACE((
    (1.,1.)
    ,(0.707106781187,0.707106781187)
    ,(1.,1.)
    ,(0.707106781187,0.707106781187)
,(1.,1.))) REPRESENTATION_ITEM('') SURFACE() );
#227 = CARTESIAN_POINT('',(0.871633800714,-0.784759853562,0.6500001));
#228 = CARTESIAN_POINT('',(0.871633800714,-0.784759853562,0.6600001));
#229 = CARTESIAN_POINT('',(0.871633800714,-0.704689011098,0.6500001));
#230 = CARTESIAN_POINT('',(0.871633800714,-0.704689011098,0.6600001));
#231 = CARTESIAN_POINT('',(0.79156295825,-0.704689011098,0.6500001));
#232 = CARTESIAN_POINT('',(0.79156295825,-0.704689011098,0.6600001));
#233 = CARTESIAN_POINT('',(0.711492115787,-0.704689011098,0.6500001));
#234 = CARTESIAN_POINT('',(0.711492115787,-0.704689011098,0.6600001));
#235 = CARTESIAN_POINT('',(0.711492115787,-0.784759853562,0.6500001));
#236 = CARTESIAN_POINT('',(0.711492115787,-0.784759853562,0.6600001));
#237 = ADVANCED_FACE('',(#238),#242,.T.);
#238 = FACE_BOUND('',#239,.T.);
#239 = EDGE_LOOP('',(#240,#241));
#240 = ORIENTED_EDGE('',*,*,#218,.T.);
#241 = ORIENTED_EDGE('',*,*,#47,.T.);
#242 = B_SPLINE_SURFACE_WITH_KNOTS('',1,1,(
    (#243,#244)
    ,(#245,#246
    )),.UNSPECIFIED.,.F.,.F.,.F.,(2,2),(2,2),(-8.007084246383E-02,
    8.007084246383E-02),(-8.007084246383E-02,8.007084246383E-02),
  .PIECEWISE_BEZIER_KNOTS.);
#243 = CARTESIAN_POINT('',(0.711492115787,-0.864830696026,0.6500001));
#244 = CARTESIAN_POINT('',(0.711492115787,-0.704689011098,0.6500001));
#245 = CARTESIAN_POINT('',(0.871633800714,-0.864830696026,0.6500001));
#246 = CARTESIAN_POINT('',(0.871633800714,-0.704689011098,0.6500001));
#247 = MANIFOLD_SOLID_BREP('',#248);
#248 = CLOSED_SHELL('',(#249,#289,#329,#369,#405,#441,#477,#513,#541,
    #577,#605,#633,#653,#673,#736,#799,#813,#827,#841,#859,#877));
#249 = ADVANCED_FACE('',(#250),#282,.F.);
#250 = FACE_BOUND('',#251,.F.);
#251 = EDGE_LOOP('',(#252,#261,#269,#276));
#252 = ORIENTED_EDGE('',*,*,#253,.F.);
#253 = EDGE_CURVE('',#254,#256,#258,.T.);
#254 = VERTEX_POINT('',#255);
#255 = CARTESIAN_POINT('',(-1.,-0.645,0.1900001));
#256 = VERTEX_POINT('',#257);
#257 = CARTESIAN_POINT('',(-1.,-0.645,1.00001E-02));
#258 = B_SPLINE_CURVE_WITH_KNOTS('',1,(#259,#260),.UNSPECIFIED.,.F.,.F.,
  (2,2),(-0.39,-0.21),.PIECEWISE_BEZIER_KNOTS.);
#259 = CARTESIAN_POINT('',(-1.,-0.645,0.1900001));
#260 = CARTESIAN_POINT('',(-1.,-0.645,1.00001E-02));
#261 = ORIENTED_EDGE('',*,*,#262,.T.);
#262 = EDGE_CURVE('',#254,#263,#265,.T.);
#263 = VERTEX_POINT('',#264);
#264 = CARTESIAN_POINT('',(-0.875,-0.77,0.1900001));
#265 = ( BOUNDED_CURVE() B_SPLINE_CURVE(2,(#266,#267,#268),
.UNSPECIFIED.,.F.,.F.) B_SPLINE_CURVE_WITH_KNOTS((3,3),(4.712388980385,
6.28318530718),.PIECEWISE_BEZIER_KNOTS.) CURVE() 
GEOMETRIC_REPRESENTATION_ITEM() RATIONAL_B_SPLINE_CURVE((1.,
0.707106781187,1.)) REPRESENTATION_ITEM('') );
#266 = CARTESIAN_POINT('',(-1.,-0.645,0.1900001));
#267 = CARTESIAN_POINT('',(-0.875,-0.645,0.1900001));
#268 = CARTESIAN_POINT('',(-0.875,-0.77,0.1900001));
#269 = ORIENTED_EDGE('',*,*,#270,.F.);
#270 = EDGE_CURVE('',#271,#263,#273,.T.);
#271 = VERTEX_POINT('',#272);
#272 = CARTESIAN_POINT('',(-0.875,-0.77,1.00001E-02));
#273 = B_SPLINE_CURVE_WITH_KNOTS('',1,(#274,#275),.UNSPECIFIED.,.F.,.F.,
  (2,2),(0.21,0.39),.PIECEWISE_BEZIER_KNOTS.);
#274 = CARTESIAN_POINT('',(-0.875,-0.77,1.00001E-02));
#275 = CARTESIAN_POINT('',(-0.875,-0.77,0.1900001));
#276 = ORIENTED_EDGE('',*,*,#277,.F.);
#277 = EDGE_CURVE('',#256,#271,#278,.T.);
#278 = ( BOUNDED_CURVE() B_SPLINE_CURVE(2,(#279,#280,#281),
.UNSPECIFIED.,.F.,.F.) B_SPLINE_CURVE_WITH_KNOTS((3,3),(4.712388980385,
6.28318530718),.PIECEWISE_BEZIER_KNOTS.) CURVE() 
GEOMETRIC_REPRESENTATION_ITEM() RATIONAL_B_SPLINE_CURVE((1.,
0.707106781187,1.)) REPRESENTATION_ITEM('') );
#279 = CARTESIAN_POINT('',(-1.,-0.645,1.00001E-02));
#280 = CARTESIAN_POINT('',(-0.875,-0.645,1.00001E-02));
#281 = CARTESIAN_POINT('',(-0.875,-0.77,1.00001E-02));
#282 = ( BOUNDED_SURFACE() B_SPLINE_SURFACE(2,1,(
    (#283,#284)
    ,(#285,#286)
,(#287,#288
    )),.UNSPECIFIED.,.F.,.F.,.F.) B_SPLINE_SURFACE_WITH_KNOTS((3,3),(2,2
    ),(0.,1.570796326795),(0.21,0.39),.PIECEWISE_BEZIER_KNOTS.) 
GEOMETRIC_REPRESENTATION_ITEM() RATIONAL_B_SPLINE_SURFACE((
    (1.,1.)
    ,(0.707106781187,0.707106781187)
,(1.,1.))) REPRESENTATION_ITEM('') SURFACE() );
#283 = CARTESIAN_POINT('',(-0.875,-0.77,1.00001E-02));
#284 = CARTESIAN_POINT('',(-0.875,-0.77,0.1900001));
#285 = CARTESIAN_POINT('',(-0.875,-0.645,1.00001E-02));
#286 = CARTESIAN_POINT('',(-0.875,-0.645,0.1900001));
#287 = CARTESIAN_POINT('',(-1.,-0.645,1.00001E-02));
#288 = CARTESIAN_POINT('',(-1.,-0.645,0.1900001));
#289 = ADVANCED_FACE('',(#290),#322,.F.);
#290 = FACE_BOUND('',#291,.F.);
#291 = EDGE_LOOP('',(#292,#301,#309,#316));
#292 = ORIENTED_EDGE('',*,*,#293,.F.);
#293 = EDGE_CURVE('',#294,#296,#298,.T.);
#294 = VERTEX_POINT('',#295);
#295 = CARTESIAN_POINT('',(-1.,0.13,0.1900001));
#296 = VERTEX_POINT('',#297);
#297 = CARTESIAN_POINT('',(-1.,0.13,1.00001E-02));
#298 = B_SPLINE_CURVE_WITH_KNOTS('',1,(#299,#300),.UNSPECIFIED.,.F.,.F.,
  (2,2),(-0.39,-0.21),.PIECEWISE_BEZIER_KNOTS.);
#299 = CARTESIAN_POINT('',(-1.,0.13,0.1900001));
#300 = CARTESIAN_POINT('',(-1.,0.13,1.00001E-02));
#301 = ORIENTED_EDGE('',*,*,#302,.T.);
#302 = EDGE_CURVE('',#294,#303,#305,.T.);
#303 = VERTEX_POINT('',#304);
#304 = CARTESIAN_POINT('',(-0.875,5.E-03,0.1900001));
#305 = ( BOUNDED_CURVE() B_SPLINE_CURVE(2,(#306,#307,#308),
.UNSPECIFIED.,.F.,.F.) B_SPLINE_CURVE_WITH_KNOTS((3,3),(4.712388980385,
6.28318530718),.PIECEWISE_BEZIER_KNOTS.) CURVE() 
GEOMETRIC_REPRESENTATION_ITEM() RATIONAL_B_SPLINE_CURVE((1.,
0.707106781187,1.)) REPRESENTATION_ITEM('') );
#306 = CARTESIAN_POINT('',(-1.,0.13,0.1900001));
#307 = CARTESIAN_POINT('',(-0.875,0.13,0.1900001));
#308 = CARTESIAN_POINT('',(-0.875,5.E-03,0.1900001));
#309 = ORIENTED_EDGE('',*,*,#310,.F.);
#310 = EDGE_CURVE('',#311,#303,#313,.T.);
#311 = VERTEX_POINT('',#312);
#312 = CARTESIAN_POINT('',(-0.875,5.E-03,1.00001E-02));
#313 = B_SPLINE_CURVE_WITH_KNOTS('',1,(#314,#315),.UNSPECIFIED.,.F.,.F.,
  (2,2),(0.21,0.39),.PIECEWISE_BEZIER_KNOTS.);
#314 = CARTESIAN_POINT('',(-0.875,5.E-03,1.00001E-02));
#315 = CARTESIAN_POINT('',(-0.875,5.E-03,0.1900001));
#316 = ORIENTED_EDGE('',*,*,#317,.F.);
#317 = EDGE_CURVE('',#296,#311,#318,.T.);
#318 = ( BOUNDED_CURVE() B_SPLINE_CURVE(2,(#319,#320,#321),
.UNSPECIFIED.,.F.,.F.) B_SPLINE_CURVE_WITH_KNOTS((3,3),(4.712388980385,
6.28318530718),.PIECEWISE_BEZIER_KNOTS.) CURVE() 
GEOMETRIC_REPRESENTATION_ITEM() RATIONAL_B_SPLINE_CURVE((1.,
0.707106781187,1.)) REPRESENTATION_ITEM('') );
#319 = CARTESIAN_POINT('',(-1.,0.13,1.00001E-02));
#320 = CARTESIAN_POINT('',(-0.875,0.13,1.00001E-02));
#321 = CARTESIAN_POINT('',(-0.875,5.E-03,1.00001E-02));
#322 = ( BOUNDED_SURFACE() B_SPLINE_SURFACE(2,1,(
    (#323,#324)
    ,(#325,#326)
,(#327,#328
    )),.UNSPECIFIED.,.F.,.F.,.F.) B_SPLINE_SURFACE_WITH_KNOTS((3,3),(2,2
    ),(0.,1.570796326795),(0.21,0.39),.PIECEWISE_BEZIER_KNOTS.) 
GEOMETRIC_REPRESENTATION_ITEM() RATIONAL_B_SPLINE_SURFACE((
    (1.,1.)
    ,(0.707106781187,0.707106781187)
,(1.,1.))) REPRESENTATION_ITEM('') SURFACE() );
#323 = CARTESIAN_POINT('',(-0.875,5.E-03,1.00001E-02));
#324 = CARTESIAN_POINT('',(-0.875,5.E-03,0.1900001));
#325 = CARTESIAN_POINT('',(-0.875,0.13,1.00001E-02));
#326 = CARTESIAN_POINT('',(-0.875,0.13,0.1900001));
#327 = CARTESIAN_POINT('',(-1.,0.13,1.00001E-02));
#328 = CARTESIAN_POINT('',(-1.,0.13,0.1900001));
#329 = ADVANCED_FACE('',(#330),#362,.F.);
#330 = FACE_BOUND('',#331,.F.);
#331 = EDGE_LOOP('',(#332,#341,#349,#356));
#332 = ORIENTED_EDGE('',*,*,#333,.F.);
#333 = EDGE_CURVE('',#334,#336,#338,.T.);
#334 = VERTEX_POINT('',#335);
#335 = CARTESIAN_POINT('',(-1.,0.905,0.1900001));
#336 = VERTEX_POINT('',#337);
#337 = CARTESIAN_POINT('',(-1.,0.905,1.00001E-02));
#338 = B_SPLINE_CURVE_WITH_KNOTS('',1,(#339,#340),.UNSPECIFIED.,.F.,.F.,
  (2,2),(-0.39,-0.21),.PIECEWISE_BEZIER_KNOTS.);
#339 = CARTESIAN_POINT('',(-1.,0.905,0.1900001));
#340 = CARTESIAN_POINT('',(-1.,0.905,1.00001E-02));
#341 = ORIENTED_EDGE('',*,*,#342,.T.);
#342 = EDGE_CURVE('',#334,#343,#345,.T.);
#343 = VERTEX_POINT('',#344);
#344 = CARTESIAN_POINT('',(-0.875,0.78,0.1900001));
#345 = ( BOUNDED_CURVE() B_SPLINE_CURVE(2,(#346,#347,#348),
.UNSPECIFIED.,.F.,.F.) B_SPLINE_CURVE_WITH_KNOTS((3,3),(4.712388980385,
6.28318530718),.PIECEWISE_BEZIER_KNOTS.) CURVE() 
GEOMETRIC_REPRESENTATION_ITEM() RATIONAL_B_SPLINE_CURVE((1.,
0.707106781187,1.)) REPRESENTATION_ITEM('') );
#346 = CARTESIAN_POINT('',(-1.,0.905,0.1900001));
#347 = CARTESIAN_POINT('',(-0.875,0.905,0.1900001));
#348 = CARTESIAN_POINT('',(-0.875,0.78,0.1900001));
#349 = ORIENTED_EDGE('',*,*,#350,.F.);
#350 = EDGE_CURVE('',#351,#343,#353,.T.);
#351 = VERTEX_POINT('',#352);
#352 = CARTESIAN_POINT('',(-0.875,0.78,1.00001E-02));
#353 = B_SPLINE_CURVE_WITH_KNOTS('',1,(#354,#355),.UNSPECIFIED.,.F.,.F.,
  (2,2),(0.21,0.39),.PIECEWISE_BEZIER_KNOTS.);
#354 = CARTESIAN_POINT('',(-0.875,0.78,1.00001E-02));
#355 = CARTESIAN_POINT('',(-0.875,0.78,0.1900001));
#356 = ORIENTED_EDGE('',*,*,#357,.F.);
#357 = EDGE_CURVE('',#336,#351,#358,.T.);
#358 = ( BOUNDED_CURVE() B_SPLINE_CURVE(2,(#359,#360,#361),
.UNSPECIFIED.,.F.,.F.) B_SPLINE_CURVE_WITH_KNOTS((3,3),(4.712388980385,
6.28318530718),.PIECEWISE_BEZIER_KNOTS.) CURVE() 
GEOMETRIC_REPRESENTATION_ITEM() RATIONAL_B_SPLINE_CURVE((1.,
0.707106781187,1.)) REPRESENTATION_ITEM('') );
#359 = CARTESIAN_POINT('',(-1.,0.905,1.00001E-02));
#360 = CARTESIAN_POINT('',(-0.875,0.905,1.00001E-02));
#361 = CARTESIAN_POINT('',(-0.875,0.78,1.00001E-02));
#362 = ( BOUNDED_SURFACE() B_SPLINE_SURFACE(2,1,(
    (#363,#364)
    ,(#365,#366)
,(#367,#368
    )),.UNSPECIFIED.,.F.,.F.,.F.) B_SPLINE_SURFACE_WITH_KNOTS((3,3),(2,2
    ),(0.,1.570796326795),(0.21,0.39),.PIECEWISE_BEZIER_KNOTS.) 
GEOMETRIC_REPRESENTATION_ITEM() RATIONAL_B_SPLINE_SURFACE((
    (1.,1.)
    ,(0.707106781187,0.707106781187)
,(1.,1.))) REPRESENTATION_ITEM('') SURFACE() );
#363 = CARTESIAN_POINT('',(-0.875,0.78,1.00001E-02));
#364 = CARTESIAN_POINT('',(-0.875,0.78,0.1900001));
#365 = CARTESIAN_POINT('',(-0.875,0.905,1.00001E-02));
#366 = CARTESIAN_POINT('',(-0.875,0.905,0.1900001));
#367 = CARTESIAN_POINT('',(-1.,0.905,1.00001E-02));
#368 = CARTESIAN_POINT('',(-1.,0.905,0.1900001));
#369 = ADVANCED_FACE('',(#370),#400,.F.);
#370 = FACE_BOUND('',#371,.T.);
#371 = EDGE_LOOP('',(#372,#381,#388,#395));
#372 = ORIENTED_EDGE('',*,*,#373,.F.);
#373 = EDGE_CURVE('',#374,#376,#378,.T.);
#374 = VERTEX_POINT('',#375);
#375 = CARTESIAN_POINT('',(1.,0.655,0.1900001));
#376 = VERTEX_POINT('',#377);
#377 = CARTESIAN_POINT('',(1.,0.655,1.00001E-02));
#378 = B_SPLINE_CURVE_WITH_KNOTS('',1,(#379,#380),.UNSPECIFIED.,.F.,.F.,
  (2,2),(-0.39,-0.21),.PIECEWISE_BEZIER_KNOTS.);
#379 = CARTESIAN_POINT('',(1.,0.655,0.1900001));
#380 = CARTESIAN_POINT('',(1.,0.655,1.00001E-02));
#381 = ORIENTED_EDGE('',*,*,#382,.F.);
#382 = EDGE_CURVE('',#383,#374,#385,.T.);
#383 = VERTEX_POINT('',#384);
#384 = CARTESIAN_POINT('',(1.,0.13,0.1900001));
#385 = B_SPLINE_CURVE_WITH_KNOTS('',1,(#386,#387),.UNSPECIFIED.,.F.,.F.,
  (2,2),(-0.875,-0.35),.PIECEWISE_BEZIER_KNOTS.);
#386 = CARTESIAN_POINT('',(1.,0.13,0.1900001));
#387 = CARTESIAN_POINT('',(1.,0.655,0.1900001));
#388 = ORIENTED_EDGE('',*,*,#389,.F.);
#389 = EDGE_CURVE('',#390,#383,#392,.T.);
#390 = VERTEX_POINT('',#391);
#391 = CARTESIAN_POINT('',(1.,0.13,1.00001E-02));
#392 = B_SPLINE_CURVE_WITH_KNOTS('',1,(#393,#394),.UNSPECIFIED.,.F.,.F.,
  (2,2),(0.21,0.39),.PIECEWISE_BEZIER_KNOTS.);
#393 = CARTESIAN_POINT('',(1.,0.13,1.00001E-02));
#394 = CARTESIAN_POINT('',(1.,0.13,0.1900001));
#395 = ORIENTED_EDGE('',*,*,#396,.T.);
#396 = EDGE_CURVE('',#390,#376,#397,.T.);
#397 = B_SPLINE_CURVE_WITH_KNOTS('',1,(#398,#399),.UNSPECIFIED.,.F.,.F.,
  (2,2),(-0.875,-0.35),.PIECEWISE_BEZIER_KNOTS.);
#398 = CARTESIAN_POINT('',(1.,0.13,1.00001E-02));
#399 = CARTESIAN_POINT('',(1.,0.655,1.00001E-02));
#400 = B_SPLINE_SURFACE_WITH_KNOTS('',1,1,(
    (#401,#402)
    ,(#403,#404
    )),.UNSPECIFIED.,.F.,.F.,.F.,(2,2),(2,2),(-0.18,0.),(-0.875,-0.35),
  .PIECEWISE_BEZIER_KNOTS.);
#401 = CARTESIAN_POINT('',(1.,0.13,1.00001E-02));
#402 = CARTESIAN_POINT('',(1.,0.655,1.00001E-02));
#403 = CARTESIAN_POINT('',(1.,0.13,0.1900001));
#404 = CARTESIAN_POINT('',(1.,0.655,0.1900001));
#405 = ADVANCED_FACE('',(#406),#436,.F.);
#406 = FACE_BOUND('',#407,.T.);
#407 = EDGE_LOOP('',(#408,#417,#424,#431));
#408 = ORIENTED_EDGE('',*,*,#409,.F.);
#409 = EDGE_CURVE('',#410,#412,#414,.T.);
#410 = VERTEX_POINT('',#411);
#411 = CARTESIAN_POINT('',(1.,0.905,1.00001E-02));
#412 = VERTEX_POINT('',#413);
#413 = CARTESIAN_POINT('',(1.,0.905,0.1900001));
#414 = B_SPLINE_CURVE_WITH_KNOTS('',1,(#415,#416),.UNSPECIFIED.,.F.,.F.,
  (2,2),(0.21,0.39),.PIECEWISE_BEZIER_KNOTS.);
#415 = CARTESIAN_POINT('',(1.,0.905,1.00001E-02));
#416 = CARTESIAN_POINT('',(1.,0.905,0.1900001));
#417 = ORIENTED_EDGE('',*,*,#418,.T.);
#418 = EDGE_CURVE('',#410,#419,#421,.T.);
#419 = VERTEX_POINT('',#420);
#420 = CARTESIAN_POINT('',(1.,1.005,1.00001E-02));
#421 = B_SPLINE_CURVE_WITH_KNOTS('',1,(#422,#423),.UNSPECIFIED.,.F.,.F.,
  (2,2),(-1.E-01,0.),.PIECEWISE_BEZIER_KNOTS.);
#422 = CARTESIAN_POINT('',(1.,0.905,1.00001E-02));
#423 = CARTESIAN_POINT('',(1.,1.005,1.00001E-02));
#424 = ORIENTED_EDGE('',*,*,#425,.F.);
#425 = EDGE_CURVE('',#426,#419,#428,.T.);
#426 = VERTEX_POINT('',#427);
#427 = CARTESIAN_POINT('',(1.,1.005,0.1900001));
#428 = B_SPLINE_CURVE_WITH_KNOTS('',1,(#429,#430),.UNSPECIFIED.,.F.,.F.,
  (2,2),(-0.,0.18),.PIECEWISE_BEZIER_KNOTS.);
#429 = CARTESIAN_POINT('',(1.,1.005,0.1900001));
#430 = CARTESIAN_POINT('',(1.,1.005,1.00001E-02));
#431 = ORIENTED_EDGE('',*,*,#432,.F.);
#432 = EDGE_CURVE('',#412,#426,#433,.T.);
#433 = B_SPLINE_CURVE_WITH_KNOTS('',1,(#434,#435),.UNSPECIFIED.,.F.,.F.,
  (2,2),(-1.E-01,0.),.PIECEWISE_BEZIER_KNOTS.);
#434 = CARTESIAN_POINT('',(1.,0.905,0.1900001));
#435 = CARTESIAN_POINT('',(1.,1.005,0.1900001));
#436 = B_SPLINE_SURFACE_WITH_KNOTS('',1,1,(
    (#437,#438)
    ,(#439,#440
    )),.UNSPECIFIED.,.F.,.F.,.F.,(2,2),(2,2),(-0.18,0.),(-1.E-01,0.),
  .PIECEWISE_BEZIER_KNOTS.);
#437 = CARTESIAN_POINT('',(1.,0.905,1.00001E-02));
#438 = CARTESIAN_POINT('',(1.,1.005,1.00001E-02));
#439 = CARTESIAN_POINT('',(1.,0.905,0.1900001));
#440 = CARTESIAN_POINT('',(1.,1.005,0.1900001));
#441 = ADVANCED_FACE('',(#442),#472,.F.);
#442 = FACE_BOUND('',#443,.T.);
#443 = EDGE_LOOP('',(#444,#453,#460,#467));
#444 = ORIENTED_EDGE('',*,*,#445,.F.);
#445 = EDGE_CURVE('',#446,#448,#450,.T.);
#446 = VERTEX_POINT('',#447);
#447 = CARTESIAN_POINT('',(1.,-0.12,0.1900001));
#448 = VERTEX_POINT('',#449);
#449 = CARTESIAN_POINT('',(1.,-0.12,1.00001E-02));
#450 = B_SPLINE_CURVE_WITH_KNOTS('',1,(#451,#452),.UNSPECIFIED.,.F.,.F.,
  (2,2),(-0.39,-0.21),.PIECEWISE_BEZIER_KNOTS.);
#451 = CARTESIAN_POINT('',(1.,-0.12,0.1900001));
#452 = CARTESIAN_POINT('',(1.,-0.12,1.00001E-02));
#453 = ORIENTED_EDGE('',*,*,#454,.F.);
#454 = EDGE_CURVE('',#455,#446,#457,.T.);
#455 = VERTEX_POINT('',#456);
#456 = CARTESIAN_POINT('',(1.,-0.645,0.1900001));
#457 = B_SPLINE_CURVE_WITH_KNOTS('',1,(#458,#459),.UNSPECIFIED.,.F.,.F.,
  (2,2),(-1.65,-1.125),.PIECEWISE_BEZIER_KNOTS.);
#458 = CARTESIAN_POINT('',(1.,-0.645,0.1900001));
#459 = CARTESIAN_POINT('',(1.,-0.12,0.1900001));
#460 = ORIENTED_EDGE('',*,*,#461,.F.);
#461 = EDGE_CURVE('',#462,#455,#464,.T.);
#462 = VERTEX_POINT('',#463);
#463 = CARTESIAN_POINT('',(1.,-0.645,1.00001E-02));
#464 = B_SPLINE_CURVE_WITH_KNOTS('',1,(#465,#466),.UNSPECIFIED.,.F.,.F.,
  (2,2),(0.21,0.39),.PIECEWISE_BEZIER_KNOTS.);
#465 = CARTESIAN_POINT('',(1.,-0.645,1.00001E-02));
#466 = CARTESIAN_POINT('',(1.,-0.645,0.1900001));
#467 = ORIENTED_EDGE('',*,*,#468,.T.);
#468 = EDGE_CURVE('',#462,#448,#469,.T.);
#469 = B_SPLINE_CURVE_WITH_KNOTS('',1,(#470,#471),.UNSPECIFIED.,.F.,.F.,
  (2,2),(-1.65,-1.125),.PIECEWISE_BEZIER_KNOTS.);
#470 = CARTESIAN_POINT('',(1.,-0.645,1.00001E-02));
#471 = CARTESIAN_POINT('',(1.,-0.12,1.00001E-02));
#472 = B_SPLINE_SURFACE_WITH_KNOTS('',1,1,(
    (#473,#474)
    ,(#475,#476
    )),.UNSPECIFIED.,.F.,.F.,.F.,(2,2),(2,2),(-0.18,0.),(-1.65,-1.125),
  .PIECEWISE_BEZIER_KNOTS.);
#473 = CARTESIAN_POINT('',(1.,-0.645,1.00001E-02));
#474 = CARTESIAN_POINT('',(1.,-0.12,1.00001E-02));
#475 = CARTESIAN_POINT('',(1.,-0.645,0.1900001));
#476 = CARTESIAN_POINT('',(1.,-0.12,0.1900001));
#477 = ADVANCED_FACE('',(#478),#508,.F.);
#478 = FACE_BOUND('',#479,.T.);
#479 = EDGE_LOOP('',(#480,#489,#496,#503));
#480 = ORIENTED_EDGE('',*,*,#481,.F.);
#481 = EDGE_CURVE('',#482,#484,#486,.T.);
#482 = VERTEX_POINT('',#483);
#483 = CARTESIAN_POINT('',(1.,-0.895,0.1900001));
#484 = VERTEX_POINT('',#485);
#485 = CARTESIAN_POINT('',(1.,-0.895,1.00001E-02));
#486 = B_SPLINE_CURVE_WITH_KNOTS('',1,(#487,#488),.UNSPECIFIED.,.F.,.F.,
  (2,2),(-0.39,-0.21),.PIECEWISE_BEZIER_KNOTS.);
#487 = CARTESIAN_POINT('',(1.,-0.895,0.1900001));
#488 = CARTESIAN_POINT('',(1.,-0.895,1.00001E-02));
#489 = ORIENTED_EDGE('',*,*,#490,.F.);
#490 = EDGE_CURVE('',#491,#482,#493,.T.);
#491 = VERTEX_POINT('',#492);
#492 = CARTESIAN_POINT('',(1.,-0.995,0.1900001));
#493 = B_SPLINE_CURVE_WITH_KNOTS('',1,(#494,#495),.UNSPECIFIED.,.F.,.F.,
  (2,2),(-2.,-1.9),.PIECEWISE_BEZIER_KNOTS.);
#494 = CARTESIAN_POINT('',(1.,-0.995,0.1900001));
#495 = CARTESIAN_POINT('',(1.,-0.895,0.1900001));
#496 = ORIENTED_EDGE('',*,*,#497,.T.);
#497 = EDGE_CURVE('',#491,#498,#500,.T.);
#498 = VERTEX_POINT('',#499);
#499 = CARTESIAN_POINT('',(1.,-0.995,1.00001E-02));
#500 = B_SPLINE_CURVE_WITH_KNOTS('',1,(#501,#502),.UNSPECIFIED.,.F.,.F.,
  (2,2),(-0.,0.18),.PIECEWISE_BEZIER_KNOTS.);
#501 = CARTESIAN_POINT('',(1.,-0.995,0.1900001));
#502 = CARTESIAN_POINT('',(1.,-0.995,1.00001E-02));
#503 = ORIENTED_EDGE('',*,*,#504,.T.);
#504 = EDGE_CURVE('',#498,#484,#505,.T.);
#505 = B_SPLINE_CURVE_WITH_KNOTS('',1,(#506,#507),.UNSPECIFIED.,.F.,.F.,
  (2,2),(-2.,-1.9),.PIECEWISE_BEZIER_KNOTS.);
#506 = CARTESIAN_POINT('',(1.,-0.995,1.00001E-02));
#507 = CARTESIAN_POINT('',(1.,-0.895,1.00001E-02));
#508 = B_SPLINE_SURFACE_WITH_KNOTS('',1,1,(
    (#509,#510)
    ,(#511,#512
    )),.UNSPECIFIED.,.F.,.F.,.F.,(2,2),(2,2),(-0.18,0.),(-2.,-1.9),
  .PIECEWISE_BEZIER_KNOTS.);
#509 = CARTESIAN_POINT('',(1.,-0.995,1.00001E-02));
#510 = CARTESIAN_POINT('',(1.,-0.895,1.00001E-02));
#511 = CARTESIAN_POINT('',(1.,-0.995,0.1900001));
#512 = CARTESIAN_POINT('',(1.,-0.895,0.1900001));
#513 = ADVANCED_FACE('',(#514),#536,.F.);
#514 = FACE_BOUND('',#515,.T.);
#515 = EDGE_LOOP('',(#516,#517,#524,#531));
#516 = ORIENTED_EDGE('',*,*,#253,.F.);
#517 = ORIENTED_EDGE('',*,*,#518,.F.);
#518 = EDGE_CURVE('',#519,#254,#521,.T.);
#519 = VERTEX_POINT('',#520);
#520 = CARTESIAN_POINT('',(-1.,-0.12,0.1900001));
#521 = B_SPLINE_CURVE_WITH_KNOTS('',1,(#522,#523),.UNSPECIFIED.,.F.,.F.,
  (2,2),(1.125,1.65),.PIECEWISE_BEZIER_KNOTS.);
#522 = CARTESIAN_POINT('',(-1.,-0.12,0.1900001));
#523 = CARTESIAN_POINT('',(-1.,-0.645,0.1900001));
#524 = ORIENTED_EDGE('',*,*,#525,.F.);
#525 = EDGE_CURVE('',#526,#519,#528,.T.);
#526 = VERTEX_POINT('',#527);
#527 = CARTESIAN_POINT('',(-1.,-0.12,1.00001E-02));
#528 = B_SPLINE_CURVE_WITH_KNOTS('',1,(#529,#530),.UNSPECIFIED.,.F.,.F.,
  (2,2),(0.21,0.39),.PIECEWISE_BEZIER_KNOTS.);
#529 = CARTESIAN_POINT('',(-1.,-0.12,1.00001E-02));
#530 = CARTESIAN_POINT('',(-1.,-0.12,0.1900001));
#531 = ORIENTED_EDGE('',*,*,#532,.T.);
#532 = EDGE_CURVE('',#526,#256,#533,.T.);
#533 = B_SPLINE_CURVE_WITH_KNOTS('',1,(#534,#535),.UNSPECIFIED.,.F.,.F.,
  (2,2),(1.125,1.65),.PIECEWISE_BEZIER_KNOTS.);
#534 = CARTESIAN_POINT('',(-1.,-0.12,1.00001E-02));
#535 = CARTESIAN_POINT('',(-1.,-0.645,1.00001E-02));
#536 = B_SPLINE_SURFACE_WITH_KNOTS('',1,1,(
    (#537,#538)
    ,(#539,#540
    )),.UNSPECIFIED.,.F.,.F.,.F.,(2,2),(2,2),(0.,0.18),(-1.65,-1.125),
  .PIECEWISE_BEZIER_KNOTS.);
#537 = CARTESIAN_POINT('',(-1.,-0.645,0.1900001));
#538 = CARTESIAN_POINT('',(-1.,-0.12,0.1900001));
#539 = CARTESIAN_POINT('',(-1.,-0.645,1.00001E-02));
#540 = CARTESIAN_POINT('',(-1.,-0.12,1.00001E-02));
#541 = ADVANCED_FACE('',(#542),#572,.F.);
#542 = FACE_BOUND('',#543,.T.);
#543 = EDGE_LOOP('',(#544,#553,#560,#567));
#544 = ORIENTED_EDGE('',*,*,#545,.F.);
#545 = EDGE_CURVE('',#546,#548,#550,.T.);
#546 = VERTEX_POINT('',#547);
#547 = CARTESIAN_POINT('',(-1.,-0.895,1.00001E-02));
#548 = VERTEX_POINT('',#549);
#549 = CARTESIAN_POINT('',(-1.,-0.895,0.1900001));
#550 = B_SPLINE_CURVE_WITH_KNOTS('',1,(#551,#552),.UNSPECIFIED.,.F.,.F.,
  (2,2),(0.21,0.39),.PIECEWISE_BEZIER_KNOTS.);
#551 = CARTESIAN_POINT('',(-1.,-0.895,1.00001E-02));
#552 = CARTESIAN_POINT('',(-1.,-0.895,0.1900001));
#553 = ORIENTED_EDGE('',*,*,#554,.T.);
#554 = EDGE_CURVE('',#546,#555,#557,.T.);
#555 = VERTEX_POINT('',#556);
#556 = CARTESIAN_POINT('',(-1.,-0.995,1.00001E-02));
#557 = B_SPLINE_CURVE_WITH_KNOTS('',1,(#558,#559),.UNSPECIFIED.,.F.,.F.,
  (2,2),(1.9,2.),.PIECEWISE_BEZIER_KNOTS.);
#558 = CARTESIAN_POINT('',(-1.,-0.895,1.00001E-02));
#559 = CARTESIAN_POINT('',(-1.,-0.995,1.00001E-02));
#560 = ORIENTED_EDGE('',*,*,#561,.F.);
#561 = EDGE_CURVE('',#562,#555,#564,.T.);
#562 = VERTEX_POINT('',#563);
#563 = CARTESIAN_POINT('',(-1.,-0.995,0.1900001));
#564 = B_SPLINE_CURVE_WITH_KNOTS('',1,(#565,#566),.UNSPECIFIED.,.F.,.F.,
  (2,2),(-0.,0.18),.PIECEWISE_BEZIER_KNOTS.);
#565 = CARTESIAN_POINT('',(-1.,-0.995,0.1900001));
#566 = CARTESIAN_POINT('',(-1.,-0.995,1.00001E-02));
#567 = ORIENTED_EDGE('',*,*,#568,.F.);
#568 = EDGE_CURVE('',#548,#562,#569,.T.);
#569 = B_SPLINE_CURVE_WITH_KNOTS('',1,(#570,#571),.UNSPECIFIED.,.F.,.F.,
  (2,2),(1.9,2.),.PIECEWISE_BEZIER_KNOTS.);
#570 = CARTESIAN_POINT('',(-1.,-0.895,0.1900001));
#571 = CARTESIAN_POINT('',(-1.,-0.995,0.1900001));
#572 = B_SPLINE_SURFACE_WITH_KNOTS('',1,1,(
    (#573,#574)
    ,(#575,#576
    )),.UNSPECIFIED.,.F.,.F.,.F.,(2,2),(2,2),(0.,0.18),(-2.,-1.9),
  .PIECEWISE_BEZIER_KNOTS.);
#573 = CARTESIAN_POINT('',(-1.,-0.995,0.1900001));
#574 = CARTESIAN_POINT('',(-1.,-0.895,0.1900001));
#575 = CARTESIAN_POINT('',(-1.,-0.995,1.00001E-02));
#576 = CARTESIAN_POINT('',(-1.,-0.895,1.00001E-02));
#577 = ADVANCED_FACE('',(#578),#600,.F.);
#578 = FACE_BOUND('',#579,.T.);
#579 = EDGE_LOOP('',(#580,#581,#588,#595));
#580 = ORIENTED_EDGE('',*,*,#293,.F.);
#581 = ORIENTED_EDGE('',*,*,#582,.F.);
#582 = EDGE_CURVE('',#583,#294,#585,.T.);
#583 = VERTEX_POINT('',#584);
#584 = CARTESIAN_POINT('',(-1.,0.655,0.1900001));
#585 = B_SPLINE_CURVE_WITH_KNOTS('',1,(#586,#587),.UNSPECIFIED.,.F.,.F.,
  (2,2),(0.35,0.875),.PIECEWISE_BEZIER_KNOTS.);
#586 = CARTESIAN_POINT('',(-1.,0.655,0.1900001));
#587 = CARTESIAN_POINT('',(-1.,0.13,0.1900001));
#588 = ORIENTED_EDGE('',*,*,#589,.F.);
#589 = EDGE_CURVE('',#590,#583,#592,.T.);
#590 = VERTEX_POINT('',#591);
#591 = CARTESIAN_POINT('',(-1.,0.655,1.00001E-02));
#592 = B_SPLINE_CURVE_WITH_KNOTS('',1,(#593,#594),.UNSPECIFIED.,.F.,.F.,
  (2,2),(0.21,0.39),.PIECEWISE_BEZIER_KNOTS.);
#593 = CARTESIAN_POINT('',(-1.,0.655,1.00001E-02));
#594 = CARTESIAN_POINT('',(-1.,0.655,0.1900001));
#595 = ORIENTED_EDGE('',*,*,#596,.T.);
#596 = EDGE_CURVE('',#590,#296,#597,.T.);
#597 = B_SPLINE_CURVE_WITH_KNOTS('',1,(#598,#599),.UNSPECIFIED.,.F.,.F.,
  (2,2),(0.35,0.875),.PIECEWISE_BEZIER_KNOTS.);
#598 = CARTESIAN_POINT('',(-1.,0.655,1.00001E-02));
#599 = CARTESIAN_POINT('',(-1.,0.13,1.00001E-02));
#600 = B_SPLINE_SURFACE_WITH_KNOTS('',1,1,(
    (#601,#602)
    ,(#603,#604
    )),.UNSPECIFIED.,.F.,.F.,.F.,(2,2),(2,2),(0.,0.18),(-0.875,-0.35),
  .PIECEWISE_BEZIER_KNOTS.);
#601 = CARTESIAN_POINT('',(-1.,0.13,0.1900001));
#602 = CARTESIAN_POINT('',(-1.,0.655,0.1900001));
#603 = CARTESIAN_POINT('',(-1.,0.13,1.00001E-02));
#604 = CARTESIAN_POINT('',(-1.,0.655,1.00001E-02));
#605 = ADVANCED_FACE('',(#606),#628,.F.);
#606 = FACE_BOUND('',#607,.T.);
#607 = EDGE_LOOP('',(#608,#609,#616,#623));
#608 = ORIENTED_EDGE('',*,*,#333,.F.);
#609 = ORIENTED_EDGE('',*,*,#610,.F.);
#610 = EDGE_CURVE('',#611,#334,#613,.T.);
#611 = VERTEX_POINT('',#612);
#612 = CARTESIAN_POINT('',(-1.,1.005,0.1900001));
#613 = B_SPLINE_CURVE_WITH_KNOTS('',1,(#614,#615),.UNSPECIFIED.,.F.,.F.,
  (2,2),(0.,1.E-01),.PIECEWISE_BEZIER_KNOTS.);
#614 = CARTESIAN_POINT('',(-1.,1.005,0.1900001));
#615 = CARTESIAN_POINT('',(-1.,0.905,0.1900001));
#616 = ORIENTED_EDGE('',*,*,#617,.T.);
#617 = EDGE_CURVE('',#611,#618,#620,.T.);
#618 = VERTEX_POINT('',#619);
#619 = CARTESIAN_POINT('',(-1.,1.005,1.00001E-02));
#620 = B_SPLINE_CURVE_WITH_KNOTS('',1,(#621,#622),.UNSPECIFIED.,.F.,.F.,
  (2,2),(-0.,0.18),.PIECEWISE_BEZIER_KNOTS.);
#621 = CARTESIAN_POINT('',(-1.,1.005,0.1900001));
#622 = CARTESIAN_POINT('',(-1.,1.005,1.00001E-02));
#623 = ORIENTED_EDGE('',*,*,#624,.T.);
#624 = EDGE_CURVE('',#618,#336,#625,.T.);
#625 = B_SPLINE_CURVE_WITH_KNOTS('',1,(#626,#627),.UNSPECIFIED.,.F.,.F.,
  (2,2),(0.,1.E-01),.PIECEWISE_BEZIER_KNOTS.);
#626 = CARTESIAN_POINT('',(-1.,1.005,1.00001E-02));
#627 = CARTESIAN_POINT('',(-1.,0.905,1.00001E-02));
#628 = B_SPLINE_SURFACE_WITH_KNOTS('',1,1,(
    (#629,#630)
    ,(#631,#632
    )),.UNSPECIFIED.,.F.,.F.,.F.,(2,2),(2,2),(0.,0.18),(-1.E-01,0.),
  .PIECEWISE_BEZIER_KNOTS.);
#629 = CARTESIAN_POINT('',(-1.,0.905,0.1900001));
#630 = CARTESIAN_POINT('',(-1.,1.005,0.1900001));
#631 = CARTESIAN_POINT('',(-1.,0.905,1.00001E-02));
#632 = CARTESIAN_POINT('',(-1.,1.005,1.00001E-02));
#633 = ADVANCED_FACE('',(#634),#648,.F.);
#634 = FACE_BOUND('',#635,.T.);
#635 = EDGE_LOOP('',(#636,#641,#642,#647));
#636 = ORIENTED_EDGE('',*,*,#637,.T.);
#637 = EDGE_CURVE('',#419,#618,#638,.T.);
#638 = B_SPLINE_CURVE_WITH_KNOTS('',1,(#639,#640),.UNSPECIFIED.,.F.,.F.,
  (2,2),(-2.,-0.),.PIECEWISE_BEZIER_KNOTS.);
#639 = CARTESIAN_POINT('',(1.,1.005,1.00001E-02));
#640 = CARTESIAN_POINT('',(-1.,1.005,1.00001E-02));
#641 = ORIENTED_EDGE('',*,*,#617,.F.);
#642 = ORIENTED_EDGE('',*,*,#643,.F.);
#643 = EDGE_CURVE('',#426,#611,#644,.T.);
#644 = B_SPLINE_CURVE_WITH_KNOTS('',1,(#645,#646),.UNSPECIFIED.,.F.,.F.,
  (2,2),(-2.,-0.),.PIECEWISE_BEZIER_KNOTS.);
#645 = CARTESIAN_POINT('',(1.,1.005,0.1900001));
#646 = CARTESIAN_POINT('',(-1.,1.005,0.1900001));
#647 = ORIENTED_EDGE('',*,*,#425,.T.);
#648 = B_SPLINE_SURFACE_WITH_KNOTS('',1,1,(
    (#649,#650)
    ,(#651,#652
    )),.UNSPECIFIED.,.F.,.F.,.F.,(2,2),(2,2),(0.,0.18),(0.,2.),
  .PIECEWISE_BEZIER_KNOTS.);
#649 = CARTESIAN_POINT('',(-1.,1.005,0.1900001));
#650 = CARTESIAN_POINT('',(1.,1.005,0.1900001));
#651 = CARTESIAN_POINT('',(-1.,1.005,1.00001E-02));
#652 = CARTESIAN_POINT('',(1.,1.005,1.00001E-02));
#653 = ADVANCED_FACE('',(#654),#668,.F.);
#654 = FACE_BOUND('',#655,.T.);
#655 = EDGE_LOOP('',(#656,#661,#662,#667));
#656 = ORIENTED_EDGE('',*,*,#657,.T.);
#657 = EDGE_CURVE('',#555,#498,#658,.T.);
#658 = B_SPLINE_CURVE_WITH_KNOTS('',1,(#659,#660),.UNSPECIFIED.,.F.,.F.,
  (2,2),(0.,2.),.PIECEWISE_BEZIER_KNOTS.);
#659 = CARTESIAN_POINT('',(-1.,-0.995,1.00001E-02));
#660 = CARTESIAN_POINT('',(1.,-0.995,1.00001E-02));
#661 = ORIENTED_EDGE('',*,*,#497,.F.);
#662 = ORIENTED_EDGE('',*,*,#663,.F.);
#663 = EDGE_CURVE('',#562,#491,#664,.T.);
#664 = B_SPLINE_CURVE_WITH_KNOTS('',1,(#665,#666),.UNSPECIFIED.,.F.,.F.,
  (2,2),(0.,2.),.PIECEWISE_BEZIER_KNOTS.);
#665 = CARTESIAN_POINT('',(-1.,-0.995,0.1900001));
#666 = CARTESIAN_POINT('',(1.,-0.995,0.1900001));
#667 = ORIENTED_EDGE('',*,*,#561,.T.);
#668 = B_SPLINE_SURFACE_WITH_KNOTS('',1,1,(
    (#669,#670)
    ,(#671,#672
    )),.UNSPECIFIED.,.F.,.F.,.F.,(2,2),(2,2),(-0.18,0.),(0.,2.),
  .PIECEWISE_BEZIER_KNOTS.);
#669 = CARTESIAN_POINT('',(-1.,-0.995,1.00001E-02));
#670 = CARTESIAN_POINT('',(1.,-0.995,1.00001E-02));
#671 = CARTESIAN_POINT('',(-1.,-0.995,0.1900001));
#672 = CARTESIAN_POINT('',(1.,-0.995,0.1900001));
#673 = ADVANCED_FACE('',(#674),#731,.T.);
#674 = FACE_BOUND('',#675,.T.);
#675 = EDGE_LOOP('',(#676,#677,#685,#686,#687,#688,#689,#695,#696,#697,
    #703,#704,#705,#711,#712,#713,#714,#722,#723));
#676 = ORIENTED_EDGE('',*,*,#382,.T.);
#677 = ORIENTED_EDGE('',*,*,#678,.T.);
#678 = EDGE_CURVE('',#374,#412,#679,.T.);
#679 = ( BOUNDED_CURVE() B_SPLINE_CURVE(2,(#680,#681,#682,#683,#684),
.UNSPECIFIED.,.F.,.F.) B_SPLINE_CURVE_WITH_KNOTS((3,2,3),(1.570796326795
,3.14159265359,4.712388980385),.PIECEWISE_BEZIER_KNOTS.) CURVE() 
GEOMETRIC_REPRESENTATION_ITEM() RATIONAL_B_SPLINE_CURVE((1.,
0.707106781187,1.,0.707106781187,1.)) REPRESENTATION_ITEM('') );
#680 = CARTESIAN_POINT('',(1.,0.655,0.1900001));
#681 = CARTESIAN_POINT('',(0.875,0.655,0.1900001));
#682 = CARTESIAN_POINT('',(0.875,0.78,0.1900001));
#683 = CARTESIAN_POINT('',(0.875,0.905,0.1900001));
#684 = CARTESIAN_POINT('',(1.,0.905,0.1900001));
#685 = ORIENTED_EDGE('',*,*,#432,.T.);
#686 = ORIENTED_EDGE('',*,*,#643,.T.);
#687 = ORIENTED_EDGE('',*,*,#610,.T.);
#688 = ORIENTED_EDGE('',*,*,#342,.T.);
#689 = ORIENTED_EDGE('',*,*,#690,.T.);
#690 = EDGE_CURVE('',#343,#583,#691,.T.);
#691 = ( BOUNDED_CURVE() B_SPLINE_CURVE(2,(#692,#693,#694),
.UNSPECIFIED.,.F.,.F.) B_SPLINE_CURVE_WITH_KNOTS((3,3),(0.,
1.570796326795),.PIECEWISE_BEZIER_KNOTS.) CURVE() 
GEOMETRIC_REPRESENTATION_ITEM() RATIONAL_B_SPLINE_CURVE((1.,
0.707106781187,1.)) REPRESENTATION_ITEM('') );
#692 = CARTESIAN_POINT('',(-0.875,0.78,0.1900001));
#693 = CARTESIAN_POINT('',(-0.875,0.655,0.1900001));
#694 = CARTESIAN_POINT('',(-1.,0.655,0.1900001));
#695 = ORIENTED_EDGE('',*,*,#582,.T.);
#696 = ORIENTED_EDGE('',*,*,#302,.T.);
#697 = ORIENTED_EDGE('',*,*,#698,.T.);
#698 = EDGE_CURVE('',#303,#519,#699,.T.);
#699 = ( BOUNDED_CURVE() B_SPLINE_CURVE(2,(#700,#701,#702),
.UNSPECIFIED.,.F.,.F.) B_SPLINE_CURVE_WITH_KNOTS((3,3),(0.,
1.570796326795),.PIECEWISE_BEZIER_KNOTS.) CURVE() 
GEOMETRIC_REPRESENTATION_ITEM() RATIONAL_B_SPLINE_CURVE((1.,
0.707106781187,1.)) REPRESENTATION_ITEM('') );
#700 = CARTESIAN_POINT('',(-0.875,5.E-03,0.1900001));
#701 = CARTESIAN_POINT('',(-0.875,-0.12,0.1900001));
#702 = CARTESIAN_POINT('',(-1.,-0.12,0.1900001));
#703 = ORIENTED_EDGE('',*,*,#518,.T.);
#704 = ORIENTED_EDGE('',*,*,#262,.T.);
#705 = ORIENTED_EDGE('',*,*,#706,.T.);
#706 = EDGE_CURVE('',#263,#548,#707,.T.);
#707 = ( BOUNDED_CURVE() B_SPLINE_CURVE(2,(#708,#709,#710),
.UNSPECIFIED.,.F.,.F.) B_SPLINE_CURVE_WITH_KNOTS((3,3),(0.,
1.570796326795),.PIECEWISE_BEZIER_KNOTS.) CURVE() 
GEOMETRIC_REPRESENTATION_ITEM() RATIONAL_B_SPLINE_CURVE((1.,
0.707106781187,1.)) REPRESENTATION_ITEM('') );
#708 = CARTESIAN_POINT('',(-0.875,-0.77,0.1900001));
#709 = CARTESIAN_POINT('',(-0.875,-0.895,0.1900001));
#710 = CARTESIAN_POINT('',(-1.,-0.895,0.1900001));
#711 = ORIENTED_EDGE('',*,*,#568,.T.);
#712 = ORIENTED_EDGE('',*,*,#663,.T.);
#713 = ORIENTED_EDGE('',*,*,#490,.T.);
#714 = ORIENTED_EDGE('',*,*,#715,.T.);
#715 = EDGE_CURVE('',#482,#455,#716,.T.);
#716 = ( BOUNDED_CURVE() B_SPLINE_CURVE(2,(#717,#718,#719,#720,#721),
.UNSPECIFIED.,.F.,.F.) B_SPLINE_CURVE_WITH_KNOTS((3,2,3),(1.570796326795
,3.14159265359,4.712388980385),.PIECEWISE_BEZIER_KNOTS.) CURVE() 
GEOMETRIC_REPRESENTATION_ITEM() RATIONAL_B_SPLINE_CURVE((1.,
0.707106781187,1.,0.707106781187,1.)) REPRESENTATION_ITEM('') );
#717 = CARTESIAN_POINT('',(1.,-0.895,0.1900001));
#718 = CARTESIAN_POINT('',(0.875,-0.895,0.1900001));
#719 = CARTESIAN_POINT('',(0.875,-0.77,0.1900001));
#720 = CARTESIAN_POINT('',(0.875,-0.645,0.1900001));
#721 = CARTESIAN_POINT('',(1.,-0.645,0.1900001));
#722 = ORIENTED_EDGE('',*,*,#454,.T.);
#723 = ORIENTED_EDGE('',*,*,#724,.T.);
#724 = EDGE_CURVE('',#446,#383,#725,.T.);
#725 = ( BOUNDED_CURVE() B_SPLINE_CURVE(2,(#726,#727,#728,#729,#730),
.UNSPECIFIED.,.F.,.F.) B_SPLINE_CURVE_WITH_KNOTS((3,2,3),(1.570796326795
,3.14159265359,4.712388980385),.PIECEWISE_BEZIER_KNOTS.) CURVE() 
GEOMETRIC_REPRESENTATION_ITEM() RATIONAL_B_SPLINE_CURVE((1.,
0.707106781187,1.,0.707106781187,1.)) REPRESENTATION_ITEM('') );
#726 = CARTESIAN_POINT('',(1.,-0.12,0.1900001));
#727 = CARTESIAN_POINT('',(0.875,-0.12,0.1900001));
#728 = CARTESIAN_POINT('',(0.875,5.E-03,0.1900001));
#729 = CARTESIAN_POINT('',(0.875,0.13,0.1900001));
#730 = CARTESIAN_POINT('',(1.,0.13,0.1900001));
#731 = B_SPLINE_SURFACE_WITH_KNOTS('',1,1,(
    (#732,#733)
    ,(#734,#735
    )),.UNSPECIFIED.,.F.,.F.,.F.,(2,2),(2,2),(-1.,1.),(-1.,1.),
  .PIECEWISE_BEZIER_KNOTS.);
#732 = CARTESIAN_POINT('',(-1.,-0.995,0.1900001));
#733 = CARTESIAN_POINT('',(-1.,1.005,0.1900001));
#734 = CARTESIAN_POINT('',(1.,-0.995,0.1900001));
#735 = CARTESIAN_POINT('',(1.,1.005,0.1900001));
#736 = ADVANCED_FACE('',(#737),#794,.F.);
#737 = FACE_BOUND('',#738,.T.);
#738 = EDGE_LOOP('',(#739,#747,#748,#756,#757,#765,#766,#767,#768,#774,
    #775,#776,#782,#783,#784,#790,#791,#792,#793));
#739 = ORIENTED_EDGE('',*,*,#740,.F.);
#740 = EDGE_CURVE('',#376,#410,#741,.T.);
#741 = ( BOUNDED_CURVE() B_SPLINE_CURVE(2,(#742,#743,#744,#745,#746),
.UNSPECIFIED.,.F.,.F.) B_SPLINE_CURVE_WITH_KNOTS((3,2,3),(1.570796326795
,3.14159265359,4.712388980385),.PIECEWISE_BEZIER_KNOTS.) CURVE() 
GEOMETRIC_REPRESENTATION_ITEM() RATIONAL_B_SPLINE_CURVE((1.,
0.707106781187,1.,0.707106781187,1.)) REPRESENTATION_ITEM('') );
#742 = CARTESIAN_POINT('',(1.,0.655,1.00001E-02));
#743 = CARTESIAN_POINT('',(0.875,0.655,1.00001E-02));
#744 = CARTESIAN_POINT('',(0.875,0.78,1.00001E-02));
#745 = CARTESIAN_POINT('',(0.875,0.905,1.00001E-02));
#746 = CARTESIAN_POINT('',(1.,0.905,1.00001E-02));
#747 = ORIENTED_EDGE('',*,*,#396,.F.);
#748 = ORIENTED_EDGE('',*,*,#749,.F.);
#749 = EDGE_CURVE('',#448,#390,#750,.T.);
#750 = ( BOUNDED_CURVE() B_SPLINE_CURVE(2,(#751,#752,#753,#754,#755),
.UNSPECIFIED.,.F.,.F.) B_SPLINE_CURVE_WITH_KNOTS((3,2,3),(1.570796326795
,3.14159265359,4.712388980385),.PIECEWISE_BEZIER_KNOTS.) CURVE() 
GEOMETRIC_REPRESENTATION_ITEM() RATIONAL_B_SPLINE_CURVE((1.,
0.707106781187,1.,0.707106781187,1.)) REPRESENTATION_ITEM('') );
#751 = CARTESIAN_POINT('',(1.,-0.12,1.00001E-02));
#752 = CARTESIAN_POINT('',(0.875,-0.12,1.00001E-02));
#753 = CARTESIAN_POINT('',(0.875,5.E-03,1.00001E-02));
#754 = CARTESIAN_POINT('',(0.875,0.13,1.00001E-02));
#755 = CARTESIAN_POINT('',(1.,0.13,1.00001E-02));
#756 = ORIENTED_EDGE('',*,*,#468,.F.);
#757 = ORIENTED_EDGE('',*,*,#758,.F.);
#758 = EDGE_CURVE('',#484,#462,#759,.T.);
#759 = ( BOUNDED_CURVE() B_SPLINE_CURVE(2,(#760,#761,#762,#763,#764),
.UNSPECIFIED.,.F.,.F.) B_SPLINE_CURVE_WITH_KNOTS((3,2,3),(1.570796326795
,3.14159265359,4.712388980385),.PIECEWISE_BEZIER_KNOTS.) CURVE() 
GEOMETRIC_REPRESENTATION_ITEM() RATIONAL_B_SPLINE_CURVE((1.,
0.707106781187,1.,0.707106781187,1.)) REPRESENTATION_ITEM('') );
#760 = CARTESIAN_POINT('',(1.,-0.895,1.00001E-02));
#761 = CARTESIAN_POINT('',(0.875,-0.895,1.00001E-02));
#762 = CARTESIAN_POINT('',(0.875,-0.77,1.00001E-02));
#763 = CARTESIAN_POINT('',(0.875,-0.645,1.00001E-02));
#764 = CARTESIAN_POINT('',(1.,-0.645,1.00001E-02));
#765 = ORIENTED_EDGE('',*,*,#504,.F.);
#766 = ORIENTED_EDGE('',*,*,#657,.F.);
#767 = ORIENTED_EDGE('',*,*,#554,.F.);
#768 = ORIENTED_EDGE('',*,*,#769,.F.);
#769 = EDGE_CURVE('',#271,#546,#770,.T.);
#770 = ( BOUNDED_CURVE() B_SPLINE_CURVE(2,(#771,#772,#773),
.UNSPECIFIED.,.F.,.F.) B_SPLINE_CURVE_WITH_KNOTS((3,3),(0.,
1.570796326795),.PIECEWISE_BEZIER_KNOTS.) CURVE() 
GEOMETRIC_REPRESENTATION_ITEM() RATIONAL_B_SPLINE_CURVE((1.,
0.707106781187,1.)) REPRESENTATION_ITEM('') );
#771 = CARTESIAN_POINT('',(-0.875,-0.77,1.00001E-02));
#772 = CARTESIAN_POINT('',(-0.875,-0.895,1.00001E-02));
#773 = CARTESIAN_POINT('',(-1.,-0.895,1.00001E-02));
#774 = ORIENTED_EDGE('',*,*,#277,.F.);
#775 = ORIENTED_EDGE('',*,*,#532,.F.);
#776 = ORIENTED_EDGE('',*,*,#777,.F.);
#777 = EDGE_CURVE('',#311,#526,#778,.T.);
#778 = ( BOUNDED_CURVE() B_SPLINE_CURVE(2,(#779,#780,#781),
.UNSPECIFIED.,.F.,.F.) B_SPLINE_CURVE_WITH_KNOTS((3,3),(0.,
1.570796326795),.PIECEWISE_BEZIER_KNOTS.) CURVE() 
GEOMETRIC_REPRESENTATION_ITEM() RATIONAL_B_SPLINE_CURVE((1.,
0.707106781187,1.)) REPRESENTATION_ITEM('') );
#779 = CARTESIAN_POINT('',(-0.875,5.E-03,1.00001E-02));
#780 = CARTESIAN_POINT('',(-0.875,-0.12,1.00001E-02));
#781 = CARTESIAN_POINT('',(-1.,-0.12,1.00001E-02));
#782 = ORIENTED_EDGE('',*,*,#317,.F.);
#783 = ORIENTED_EDGE('',*,*,#596,.F.);
#784 = ORIENTED_EDGE('',*,*,#785,.F.);
#785 = EDGE_CURVE('',#351,#590,#786,.T.);
#786 = ( BOUNDED_CURVE() B_SPLINE_CURVE(2,(#787,#788,#789),
.UNSPECIFIED.,.F.,.F.) B_SPLINE_CURVE_WITH_KNOTS((3,3),(0.,
1.570796326795),.PIECEWISE_BEZIER_KNOTS.) CURVE() 
GEOMETRIC_REPRESENTATION_ITEM() RATIONAL_B_SPLINE_CURVE((1.,
0.707106781187,1.)) REPRESENTATION_ITEM('') );
#787 = CARTESIAN_POINT('',(-0.875,0.78,1.00001E-02));
#788 = CARTESIAN_POINT('',(-0.875,0.655,1.00001E-02));
#789 = CARTESIAN_POINT('',(-1.,0.655,1.00001E-02));
#790 = ORIENTED_EDGE('',*,*,#357,.F.);
#791 = ORIENTED_EDGE('',*,*,#624,.F.);
#792 = ORIENTED_EDGE('',*,*,#637,.F.);
#793 = ORIENTED_EDGE('',*,*,#418,.F.);
#794 = B_SPLINE_SURFACE_WITH_KNOTS('',1,1,(
    (#795,#796)
    ,(#797,#798
    )),.UNSPECIFIED.,.F.,.F.,.F.,(2,2),(2,2),(-1.,1.),(-1.,1.),
  .PIECEWISE_BEZIER_KNOTS.);
#795 = CARTESIAN_POINT('',(-1.,-0.995,1.00001E-02));
#796 = CARTESIAN_POINT('',(-1.,1.005,1.00001E-02));
#797 = CARTESIAN_POINT('',(1.,-0.995,1.00001E-02));
#798 = CARTESIAN_POINT('',(1.,1.005,1.00001E-02));
#799 = ADVANCED_FACE('',(#800),#806,.F.);
#800 = FACE_BOUND('',#801,.F.);
#801 = EDGE_LOOP('',(#802,#803,#804,#805));
#802 = ORIENTED_EDGE('',*,*,#690,.T.);
#803 = ORIENTED_EDGE('',*,*,#589,.F.);
#804 = ORIENTED_EDGE('',*,*,#785,.F.);
#805 = ORIENTED_EDGE('',*,*,#350,.T.);
#806 = ( BOUNDED_SURFACE() B_SPLINE_SURFACE(2,1,(
    (#807,#808)
    ,(#809,#810)
,(#811,#812
    )),.UNSPECIFIED.,.F.,.F.,.F.) B_SPLINE_SURFACE_WITH_KNOTS((3,3),(2,2
    ),(4.712388980385,6.28318530718),(0.21,0.39),
.PIECEWISE_BEZIER_KNOTS.) GEOMETRIC_REPRESENTATION_ITEM() 
RATIONAL_B_SPLINE_SURFACE((
    (1.,1.)
    ,(0.707106781187,0.707106781187)
,(1.,1.))) REPRESENTATION_ITEM('') SURFACE() );
#807 = CARTESIAN_POINT('',(-1.,0.655,1.00001E-02));
#808 = CARTESIAN_POINT('',(-1.,0.655,0.1900001));
#809 = CARTESIAN_POINT('',(-0.875,0.655,1.00001E-02));
#810 = CARTESIAN_POINT('',(-0.875,0.655,0.1900001));
#811 = CARTESIAN_POINT('',(-0.875,0.78,1.00001E-02));
#812 = CARTESIAN_POINT('',(-0.875,0.78,0.1900001));
#813 = ADVANCED_FACE('',(#814),#820,.F.);
#814 = FACE_BOUND('',#815,.F.);
#815 = EDGE_LOOP('',(#816,#817,#818,#819));
#816 = ORIENTED_EDGE('',*,*,#698,.T.);
#817 = ORIENTED_EDGE('',*,*,#525,.F.);
#818 = ORIENTED_EDGE('',*,*,#777,.F.);
#819 = ORIENTED_EDGE('',*,*,#310,.T.);
#820 = ( BOUNDED_SURFACE() B_SPLINE_SURFACE(2,1,(
    (#821,#822)
    ,(#823,#824)
,(#825,#826
    )),.UNSPECIFIED.,.F.,.F.,.F.) B_SPLINE_SURFACE_WITH_KNOTS((3,3),(2,2
    ),(4.712388980385,6.28318530718),(0.21,0.39),
.PIECEWISE_BEZIER_KNOTS.) GEOMETRIC_REPRESENTATION_ITEM() 
RATIONAL_B_SPLINE_SURFACE((
    (1.,1.)
    ,(0.707106781187,0.707106781187)
,(1.,1.))) REPRESENTATION_ITEM('') SURFACE() );
#821 = CARTESIAN_POINT('',(-1.,-0.12,1.00001E-02));
#822 = CARTESIAN_POINT('',(-1.,-0.12,0.1900001));
#823 = CARTESIAN_POINT('',(-0.875,-0.12,1.00001E-02));
#824 = CARTESIAN_POINT('',(-0.875,-0.12,0.1900001));
#825 = CARTESIAN_POINT('',(-0.875,5.E-03,1.00001E-02));
#826 = CARTESIAN_POINT('',(-0.875,5.E-03,0.1900001));
#827 = ADVANCED_FACE('',(#828),#834,.F.);
#828 = FACE_BOUND('',#829,.F.);
#829 = EDGE_LOOP('',(#830,#831,#832,#833));
#830 = ORIENTED_EDGE('',*,*,#706,.T.);
#831 = ORIENTED_EDGE('',*,*,#545,.F.);
#832 = ORIENTED_EDGE('',*,*,#769,.F.);
#833 = ORIENTED_EDGE('',*,*,#270,.T.);
#834 = ( BOUNDED_SURFACE() B_SPLINE_SURFACE(2,1,(
    (#835,#836)
    ,(#837,#838)
,(#839,#840
    )),.UNSPECIFIED.,.F.,.F.,.F.) B_SPLINE_SURFACE_WITH_KNOTS((3,3),(2,2
    ),(4.712388980385,6.28318530718),(0.21,0.39),
.PIECEWISE_BEZIER_KNOTS.) GEOMETRIC_REPRESENTATION_ITEM() 
RATIONAL_B_SPLINE_SURFACE((
    (1.,1.)
    ,(0.707106781187,0.707106781187)
,(1.,1.))) REPRESENTATION_ITEM('') SURFACE() );
#835 = CARTESIAN_POINT('',(-1.,-0.895,1.00001E-02));
#836 = CARTESIAN_POINT('',(-1.,-0.895,0.1900001));
#837 = CARTESIAN_POINT('',(-0.875,-0.895,1.00001E-02));
#838 = CARTESIAN_POINT('',(-0.875,-0.895,0.1900001));
#839 = CARTESIAN_POINT('',(-0.875,-0.77,1.00001E-02));
#840 = CARTESIAN_POINT('',(-0.875,-0.77,0.1900001));
#841 = ADVANCED_FACE('',(#842),#848,.F.);
#842 = FACE_BOUND('',#843,.F.);
#843 = EDGE_LOOP('',(#844,#845,#846,#847));
#844 = ORIENTED_EDGE('',*,*,#715,.T.);
#845 = ORIENTED_EDGE('',*,*,#461,.F.);
#846 = ORIENTED_EDGE('',*,*,#758,.F.);
#847 = ORIENTED_EDGE('',*,*,#481,.F.);
#848 = ( BOUNDED_SURFACE() B_SPLINE_SURFACE(2,1,(
    (#849,#850)
    ,(#851,#852)
    ,(#853,#854)
    ,(#855,#856)
,(#857,#858
    )),.UNSPECIFIED.,.F.,.F.,.F.) B_SPLINE_SURFACE_WITH_KNOTS((3,2,3),(2
    ,2),(1.570796326795,3.14159265359,4.712388980385),(0.21,0.39),
.PIECEWISE_BEZIER_KNOTS.) GEOMETRIC_REPRESENTATION_ITEM() 
RATIONAL_B_SPLINE_SURFACE((
    (1.,1.)
    ,(0.707106781187,0.707106781187)
    ,(1.,1.)
    ,(0.707106781187,0.707106781187)
,(1.,1.))) REPRESENTATION_ITEM('') SURFACE() );
#849 = CARTESIAN_POINT('',(1.,-0.645,1.00001E-02));
#850 = CARTESIAN_POINT('',(1.,-0.645,0.1900001));
#851 = CARTESIAN_POINT('',(0.875,-0.645,1.00001E-02));
#852 = CARTESIAN_POINT('',(0.875,-0.645,0.1900001));
#853 = CARTESIAN_POINT('',(0.875,-0.77,1.00001E-02));
#854 = CARTESIAN_POINT('',(0.875,-0.77,0.1900001));
#855 = CARTESIAN_POINT('',(0.875,-0.895,1.00001E-02));
#856 = CARTESIAN_POINT('',(0.875,-0.895,0.1900001));
#857 = CARTESIAN_POINT('',(1.,-0.895,1.00001E-02));
#858 = CARTESIAN_POINT('',(1.,-0.895,0.1900001));
#859 = ADVANCED_FACE('',(#860),#866,.F.);
#860 = FACE_BOUND('',#861,.F.);
#861 = EDGE_LOOP('',(#862,#863,#864,#865));
#862 = ORIENTED_EDGE('',*,*,#724,.T.);
#863 = ORIENTED_EDGE('',*,*,#389,.F.);
#864 = ORIENTED_EDGE('',*,*,#749,.F.);
#865 = ORIENTED_EDGE('',*,*,#445,.F.);
#866 = ( BOUNDED_SURFACE() B_SPLINE_SURFACE(2,1,(
    (#867,#868)
    ,(#869,#870)
    ,(#871,#872)
    ,(#873,#874)
,(#875,#876
    )),.UNSPECIFIED.,.F.,.F.,.F.) B_SPLINE_SURFACE_WITH_KNOTS((3,2,3),(2
    ,2),(1.570796326795,3.14159265359,4.712388980385),(0.21,0.39),
.PIECEWISE_BEZIER_KNOTS.) GEOMETRIC_REPRESENTATION_ITEM() 
RATIONAL_B_SPLINE_SURFACE((
    (1.,1.)
    ,(0.707106781187,0.707106781187)
    ,(1.,1.)
    ,(0.707106781187,0.707106781187)
,(1.,1.))) REPRESENTATION_ITEM('') SURFACE() );
#867 = CARTESIAN_POINT('',(1.,0.13,1.00001E-02));
#868 = CARTESIAN_POINT('',(1.,0.13,0.1900001));
#869 = CARTESIAN_POINT('',(0.875,0.13,1.00001E-02));
#870 = CARTESIAN_POINT('',(0.875,0.13,0.1900001));
#871 = CARTESIAN_POINT('',(0.875,5.E-03,1.00001E-02));
#872 = CARTESIAN_POINT('',(0.875,5.E-03,0.1900001));
#873 = CARTESIAN_POINT('',(0.875,-0.12,1.00001E-02));
#874 = CARTESIAN_POINT('',(0.875,-0.12,0.1900001));
#875 = CARTESIAN_POINT('',(1.,-0.12,1.00001E-02));
#876 = CARTESIAN_POINT('',(1.,-0.12,0.1900001));
#877 = ADVANCED_FACE('',(#878),#884,.F.);
#878 = FACE_BOUND('',#879,.F.);
#879 = EDGE_LOOP('',(#880,#881,#882,#883));
#880 = ORIENTED_EDGE('',*,*,#678,.T.);
#881 = ORIENTED_EDGE('',*,*,#409,.F.);
#882 = ORIENTED_EDGE('',*,*,#740,.F.);
#883 = ORIENTED_EDGE('',*,*,#373,.F.);
#884 = ( BOUNDED_SURFACE() B_SPLINE_SURFACE(2,1,(
    (#885,#886)
    ,(#887,#888)
    ,(#889,#890)
    ,(#891,#892)
,(#893,#894
    )),.UNSPECIFIED.,.F.,.F.,.F.) B_SPLINE_SURFACE_WITH_KNOTS((3,2,3),(2
    ,2),(1.570796326795,3.14159265359,4.712388980385),(0.21,0.39),
.PIECEWISE_BEZIER_KNOTS.) GEOMETRIC_REPRESENTATION_ITEM() 
RATIONAL_B_SPLINE_SURFACE((
    (1.,1.)
    ,(0.707106781187,0.707106781187)
    ,(1.,1.)
    ,(0.707106781187,0.707106781187)
,(1.,1.))) REPRESENTATION_ITEM('') SURFACE() );
#885 = CARTESIAN_POINT('',(1.,0.905,1.00001E-02));
#886 = CARTESIAN_POINT('',(1.,0.905,0.1900001));
#887 = CARTESIAN_POINT('',(0.875,0.905,1.00001E-02));
#888 = CARTESIAN_POINT('',(0.875,0.905,0.1900001));
#889 = CARTESIAN_POINT('',(0.875,0.78,1.00001E-02));
#890 = CARTESIAN_POINT('',(0.875,0.78,0.1900001));
#891 = CARTESIAN_POINT('',(0.875,0.655,1.00001E-02));
#892 = CARTESIAN_POINT('',(0.875,0.655,0.1900001));
#893 = CARTESIAN_POINT('',(1.,0.655,1.00001E-02));
#894 = CARTESIAN_POINT('',(1.,0.655,0.1900001));
#895 = MANIFOLD_SOLID_BREP('',#896);
#896 = CLOSED_SHELL('',(#897,#933,#969,#1005,#1025,#1045,#1066,#1087));
#897 = ADVANCED_FACE('',(#898),#928,.F.);
#898 = FACE_BOUND('',#899,.T.);
#899 = EDGE_LOOP('',(#900,#909,#916,#923));
#900 = ORIENTED_EDGE('',*,*,#901,.F.);
#901 = EDGE_CURVE('',#902,#904,#906,.T.);
#902 = VERTEX_POINT('',#903);
#903 = CARTESIAN_POINT('',(1.,-0.895,1.00001E-02));
#904 = VERTEX_POINT('',#905);
#905 = CARTESIAN_POINT('',(1.,-0.895,1.000000000098E-07));
#906 = B_SPLINE_CURVE_WITH_KNOTS('',1,(#907,#908),.UNSPECIFIED.,.F.,.F.,
  (2,2),(-0.21,-0.2),.PIECEWISE_BEZIER_KNOTS.);
#907 = CARTESIAN_POINT('',(1.,-0.895,1.00001E-02));
#908 = CARTESIAN_POINT('',(1.,-0.895,9.999999999941E-08));
#909 = ORIENTED_EDGE('',*,*,#910,.T.);
#910 = EDGE_CURVE('',#902,#911,#913,.T.);
#911 = VERTEX_POINT('',#912);
#912 = CARTESIAN_POINT('',(1.,-0.945,1.00001E-02));
#913 = B_SPLINE_CURVE_WITH_KNOTS('',1,(#914,#915),.UNSPECIFIED.,.F.,.F.,
  (2,2),(-5.E-02,-0.),.PIECEWISE_BEZIER_KNOTS.);
#914 = CARTESIAN_POINT('',(1.,-0.895,1.00001E-02));
#915 = CARTESIAN_POINT('',(1.,-0.945,1.00001E-02));
#916 = ORIENTED_EDGE('',*,*,#917,.F.);
#917 = EDGE_CURVE('',#918,#911,#920,.T.);
#918 = VERTEX_POINT('',#919);
#919 = CARTESIAN_POINT('',(1.,-0.945,1.000000000081E-07));
#920 = B_SPLINE_CURVE_WITH_KNOTS('',1,(#921,#922),.UNSPECIFIED.,.F.,.F.,
  (2,2),(0.,1.E-02),.PIECEWISE_BEZIER_KNOTS.);
#921 = CARTESIAN_POINT('',(1.,-0.945,1.000000000081E-07));
#922 = CARTESIAN_POINT('',(1.,-0.945,1.00001E-02));
#923 = ORIENTED_EDGE('',*,*,#924,.F.);
#924 = EDGE_CURVE('',#904,#918,#925,.T.);
#925 = B_SPLINE_CURVE_WITH_KNOTS('',1,(#926,#927),.UNSPECIFIED.,.F.,.F.,
  (2,2),(-5.E-02,-0.),.PIECEWISE_BEZIER_KNOTS.);
#926 = CARTESIAN_POINT('',(1.,-0.895,1.000000000081E-07));
#927 = CARTESIAN_POINT('',(1.,-0.945,1.000000000081E-07));
#928 = B_SPLINE_SURFACE_WITH_KNOTS('',1,1,(
    (#929,#930)
    ,(#931,#932
    )),.UNSPECIFIED.,.F.,.F.,.F.,(2,2),(2,2),(0.,1.E-02),(0.,5.E-02),
  .PIECEWISE_BEZIER_KNOTS.);
#929 = CARTESIAN_POINT('',(1.,-0.945,1.000000000081E-07));
#930 = CARTESIAN_POINT('',(1.,-0.895,1.000000000081E-07));
#931 = CARTESIAN_POINT('',(1.,-0.945,1.00001E-02));
#932 = CARTESIAN_POINT('',(1.,-0.895,1.00001E-02));
#933 = ADVANCED_FACE('',(#934),#964,.F.);
#934 = FACE_BOUND('',#935,.T.);
#935 = EDGE_LOOP('',(#936,#945,#952,#959));
#936 = ORIENTED_EDGE('',*,*,#937,.F.);
#937 = EDGE_CURVE('',#938,#940,#942,.T.);
#938 = VERTEX_POINT('',#939);
#939 = CARTESIAN_POINT('',(1.,-0.645,1.000000000098E-07));
#940 = VERTEX_POINT('',#941);
#941 = CARTESIAN_POINT('',(1.,-0.645,1.00001E-02));
#942 = B_SPLINE_CURVE_WITH_KNOTS('',1,(#943,#944),.UNSPECIFIED.,.F.,.F.,
  (2,2),(0.2,0.21),.PIECEWISE_BEZIER_KNOTS.);
#943 = CARTESIAN_POINT('',(1.,-0.645,9.999999999941E-08));
#944 = CARTESIAN_POINT('',(1.,-0.645,1.00001E-02));
#945 = ORIENTED_EDGE('',*,*,#946,.F.);
#946 = EDGE_CURVE('',#947,#938,#949,.T.);
#947 = VERTEX_POINT('',#948);
#948 = CARTESIAN_POINT('',(1.,-0.595,1.000000000081E-07));
#949 = B_SPLINE_CURVE_WITH_KNOTS('',1,(#950,#951),.UNSPECIFIED.,.F.,.F.,
  (2,2),(-0.35,-0.3),.PIECEWISE_BEZIER_KNOTS.);
#950 = CARTESIAN_POINT('',(1.,-0.595,1.000000000081E-07));
#951 = CARTESIAN_POINT('',(1.,-0.645,1.000000000081E-07));
#952 = ORIENTED_EDGE('',*,*,#953,.T.);
#953 = EDGE_CURVE('',#947,#954,#956,.T.);
#954 = VERTEX_POINT('',#955);
#955 = CARTESIAN_POINT('',(1.,-0.595,1.00001E-02));
#956 = B_SPLINE_CURVE_WITH_KNOTS('',1,(#957,#958),.UNSPECIFIED.,.F.,.F.,
  (2,2),(0.,1.E-02),.PIECEWISE_BEZIER_KNOTS.);
#957 = CARTESIAN_POINT('',(1.,-0.595,1.000000000081E-07));
#958 = CARTESIAN_POINT('',(1.,-0.595,1.00001E-02));
#959 = ORIENTED_EDGE('',*,*,#960,.T.);
#960 = EDGE_CURVE('',#954,#940,#961,.T.);
#961 = B_SPLINE_CURVE_WITH_KNOTS('',1,(#962,#963),.UNSPECIFIED.,.F.,.F.,
  (2,2),(-0.35,-0.3),.PIECEWISE_BEZIER_KNOTS.);
#962 = CARTESIAN_POINT('',(1.,-0.595,1.00001E-02));
#963 = CARTESIAN_POINT('',(1.,-0.645,1.00001E-02));
#964 = B_SPLINE_SURFACE_WITH_KNOTS('',1,1,(
    (#965,#966)
    ,(#967,#968
    )),.UNSPECIFIED.,.F.,.F.,.F.,(2,2),(2,2),(0.,1.E-02),(0.3,0.35),
  .PIECEWISE_BEZIER_KNOTS.);
#965 = CARTESIAN_POINT('',(1.,-0.645,1.000000000081E-07));
#966 = CARTESIAN_POINT('',(1.,-0.595,1.000000000081E-07));
#967 = CARTESIAN_POINT('',(1.,-0.645,1.00001E-02));
#968 = CARTESIAN_POINT('',(1.,-0.595,1.00001E-02));
#969 = ADVANCED_FACE('',(#970),#1000,.F.);
#970 = FACE_BOUND('',#971,.T.);
#971 = EDGE_LOOP('',(#972,#981,#988,#995));
#972 = ORIENTED_EDGE('',*,*,#973,.T.);
#973 = EDGE_CURVE('',#974,#976,#978,.T.);
#974 = VERTEX_POINT('',#975);
#975 = CARTESIAN_POINT('',(0.3,-0.945,1.00001E-02));
#976 = VERTEX_POINT('',#977);
#977 = CARTESIAN_POINT('',(0.3,-0.595,1.00001E-02));
#978 = B_SPLINE_CURVE_WITH_KNOTS('',1,(#979,#980),.UNSPECIFIED.,.F.,.F.,
  (2,2),(0.,0.35),.PIECEWISE_BEZIER_KNOTS.);
#979 = CARTESIAN_POINT('',(0.3,-0.945,1.00001E-02));
#980 = CARTESIAN_POINT('',(0.3,-0.595,1.00001E-02));
#981 = ORIENTED_EDGE('',*,*,#982,.F.);
#982 = EDGE_CURVE('',#983,#976,#985,.T.);
#983 = VERTEX_POINT('',#984);
#984 = CARTESIAN_POINT('',(0.3,-0.595,1.000000000081E-07));
#985 = B_SPLINE_CURVE_WITH_KNOTS('',1,(#986,#987),.UNSPECIFIED.,.F.,.F.,
  (2,2),(0.,1.E-02),.PIECEWISE_BEZIER_KNOTS.);
#986 = CARTESIAN_POINT('',(0.3,-0.595,1.000000000081E-07));
#987 = CARTESIAN_POINT('',(0.3,-0.595,1.00001E-02));
#988 = ORIENTED_EDGE('',*,*,#989,.F.);
#989 = EDGE_CURVE('',#990,#983,#992,.T.);
#990 = VERTEX_POINT('',#991);
#991 = CARTESIAN_POINT('',(0.3,-0.945,1.000000000081E-07));
#992 = B_SPLINE_CURVE_WITH_KNOTS('',1,(#993,#994),.UNSPECIFIED.,.F.,.F.,
  (2,2),(0.,0.35),.PIECEWISE_BEZIER_KNOTS.);
#993 = CARTESIAN_POINT('',(0.3,-0.945,1.000000000081E-07));
#994 = CARTESIAN_POINT('',(0.3,-0.595,1.000000000081E-07));
#995 = ORIENTED_EDGE('',*,*,#996,.T.);
#996 = EDGE_CURVE('',#990,#974,#997,.T.);
#997 = B_SPLINE_CURVE_WITH_KNOTS('',1,(#998,#999),.UNSPECIFIED.,.F.,.F.,
  (2,2),(0.,1.E-02),.PIECEWISE_BEZIER_KNOTS.);
#998 = CARTESIAN_POINT('',(0.3,-0.945,1.000000000081E-07));
#999 = CARTESIAN_POINT('',(0.3,-0.945,1.00001E-02));
#1000 = B_SPLINE_SURFACE_WITH_KNOTS('',1,1,(
    (#1001,#1002)
    ,(#1003,#1004
    )),.UNSPECIFIED.,.F.,.F.,.F.,(2,2),(2,2),(0.,0.35),(0.,1.E-02),
  .PIECEWISE_BEZIER_KNOTS.);
#1001 = CARTESIAN_POINT('',(0.3,-0.945,1.000000000081E-07));
#1002 = CARTESIAN_POINT('',(0.3,-0.945,1.00001E-02));
#1003 = CARTESIAN_POINT('',(0.3,-0.595,1.000000000081E-07));
#1004 = CARTESIAN_POINT('',(0.3,-0.595,1.00001E-02));
#1005 = ADVANCED_FACE('',(#1006),#1020,.F.);
#1006 = FACE_BOUND('',#1007,.T.);
#1007 = EDGE_LOOP('',(#1008,#1013,#1014,#1019));
#1008 = ORIENTED_EDGE('',*,*,#1009,.T.);
#1009 = EDGE_CURVE('',#976,#954,#1010,.T.);
#1010 = B_SPLINE_CURVE_WITH_KNOTS('',1,(#1011,#1012),.UNSPECIFIED.,.F.,
  .F.,(2,2),(0.,0.7),.PIECEWISE_BEZIER_KNOTS.);
#1011 = CARTESIAN_POINT('',(0.3,-0.595,1.00001E-02));
#1012 = CARTESIAN_POINT('',(1.,-0.595,1.00001E-02));
#1013 = ORIENTED_EDGE('',*,*,#953,.F.);
#1014 = ORIENTED_EDGE('',*,*,#1015,.F.);
#1015 = EDGE_CURVE('',#983,#947,#1016,.T.);
#1016 = B_SPLINE_CURVE_WITH_KNOTS('',1,(#1017,#1018),.UNSPECIFIED.,.F.,
  .F.,(2,2),(0.,0.7),.PIECEWISE_BEZIER_KNOTS.);
#1017 = CARTESIAN_POINT('',(0.3,-0.595,1.000000000081E-07));
#1018 = CARTESIAN_POINT('',(1.,-0.595,1.000000000081E-07));
#1019 = ORIENTED_EDGE('',*,*,#982,.T.);
#1020 = B_SPLINE_SURFACE_WITH_KNOTS('',1,1,(
    (#1021,#1022)
    ,(#1023,#1024
    )),.UNSPECIFIED.,.F.,.F.,.F.,(2,2),(2,2),(-1.E-02,0.),(0.,0.7),
  .PIECEWISE_BEZIER_KNOTS.);
#1021 = CARTESIAN_POINT('',(0.3,-0.595,1.00001E-02));
#1022 = CARTESIAN_POINT('',(1.,-0.595,1.00001E-02));
#1023 = CARTESIAN_POINT('',(0.3,-0.595,1.000000000081E-07));
#1024 = CARTESIAN_POINT('',(1.,-0.595,1.000000000081E-07));
#1025 = ADVANCED_FACE('',(#1026),#1040,.F.);
#1026 = FACE_BOUND('',#1027,.T.);
#1027 = EDGE_LOOP('',(#1028,#1033,#1034,#1039));
#1028 = ORIENTED_EDGE('',*,*,#1029,.T.);
#1029 = EDGE_CURVE('',#911,#974,#1030,.T.);
#1030 = B_SPLINE_CURVE_WITH_KNOTS('',1,(#1031,#1032),.UNSPECIFIED.,.F.,
  .F.,(2,2),(-0.7,0.),.PIECEWISE_BEZIER_KNOTS.);
#1031 = CARTESIAN_POINT('',(1.,-0.945,1.00001E-02));
#1032 = CARTESIAN_POINT('',(0.3,-0.945,1.00001E-02));
#1033 = ORIENTED_EDGE('',*,*,#996,.F.);
#1034 = ORIENTED_EDGE('',*,*,#1035,.F.);
#1035 = EDGE_CURVE('',#918,#990,#1036,.T.);
#1036 = B_SPLINE_CURVE_WITH_KNOTS('',1,(#1037,#1038),.UNSPECIFIED.,.F.,
  .F.,(2,2),(-0.7,0.),.PIECEWISE_BEZIER_KNOTS.);
#1037 = CARTESIAN_POINT('',(1.,-0.945,1.000000000081E-07));
#1038 = CARTESIAN_POINT('',(0.3,-0.945,1.000000000081E-07));
#1039 = ORIENTED_EDGE('',*,*,#917,.T.);
#1040 = B_SPLINE_SURFACE_WITH_KNOTS('',1,1,(
    (#1041,#1042)
    ,(#1043,#1044
    )),.UNSPECIFIED.,.F.,.F.,.F.,(2,2),(2,2),(-0.7,0.),(0.,1.E-02),
  .PIECEWISE_BEZIER_KNOTS.);
#1041 = CARTESIAN_POINT('',(1.,-0.945,1.000000000081E-07));
#1042 = CARTESIAN_POINT('',(1.,-0.945,1.00001E-02));
#1043 = CARTESIAN_POINT('',(0.3,-0.945,1.000000000081E-07));
#1044 = CARTESIAN_POINT('',(0.3,-0.945,1.00001E-02));
#1045 = ADVANCED_FACE('',(#1046),#1061,.T.);
#1046 = FACE_BOUND('',#1047,.T.);
#1047 = EDGE_LOOP('',(#1048,#1049,#1057,#1058,#1059,#1060));
#1048 = ORIENTED_EDGE('',*,*,#946,.T.);
#1049 = ORIENTED_EDGE('',*,*,#1050,.T.);
#1050 = EDGE_CURVE('',#938,#904,#1051,.T.);
#1051 = ( BOUNDED_CURVE() B_SPLINE_CURVE(2,(#1052,#1053,#1054,#1055,
#1056),.UNSPECIFIED.,.F.,.F.) B_SPLINE_CURVE_WITH_KNOTS((3,2,3),(
    4.712388980385,6.28318530718,7.853981633974),
.PIECEWISE_BEZIER_KNOTS.) CURVE() GEOMETRIC_REPRESENTATION_ITEM() 
RATIONAL_B_SPLINE_CURVE((1.,0.707106781187,1.,0.707106781187,1.)) 
REPRESENTATION_ITEM('') );
#1052 = CARTESIAN_POINT('',(1.,-0.645,1.000000000098E-07));
#1053 = CARTESIAN_POINT('',(0.875,-0.645,1.000000000098E-07));
#1054 = CARTESIAN_POINT('',(0.875,-0.77,1.000000000098E-07));
#1055 = CARTESIAN_POINT('',(0.875,-0.895,1.000000000098E-07));
#1056 = CARTESIAN_POINT('',(1.,-0.895,1.000000000098E-07));
#1057 = ORIENTED_EDGE('',*,*,#924,.T.);
#1058 = ORIENTED_EDGE('',*,*,#1035,.T.);
#1059 = ORIENTED_EDGE('',*,*,#989,.T.);
#1060 = ORIENTED_EDGE('',*,*,#1015,.T.);
#1061 = B_SPLINE_SURFACE_WITH_KNOTS('',1,1,(
    (#1062,#1063)
    ,(#1064,#1065
    )),.UNSPECIFIED.,.F.,.F.,.F.,(2,2),(2,2),(-1.,-0.3),(-0.95,-0.6),
  .PIECEWISE_BEZIER_KNOTS.);
#1062 = CARTESIAN_POINT('',(1.,-0.945,1.000000000081E-07));
#1063 = CARTESIAN_POINT('',(1.,-0.595,1.000000000081E-07));
#1064 = CARTESIAN_POINT('',(0.3,-0.945,1.000000000081E-07));
#1065 = CARTESIAN_POINT('',(0.3,-0.595,1.000000000081E-07));
#1066 = ADVANCED_FACE('',(#1067),#1082,.F.);
#1067 = FACE_BOUND('',#1068,.T.);
#1068 = EDGE_LOOP('',(#1069,#1077,#1078,#1079,#1080,#1081));
#1069 = ORIENTED_EDGE('',*,*,#1070,.F.);
#1070 = EDGE_CURVE('',#940,#902,#1071,.T.);
#1071 = ( BOUNDED_CURVE() B_SPLINE_CURVE(2,(#1072,#1073,#1074,#1075,
#1076),.UNSPECIFIED.,.F.,.F.) B_SPLINE_CURVE_WITH_KNOTS((3,2,3),(
    4.712388980385,6.28318530718,7.853981633974),
.PIECEWISE_BEZIER_KNOTS.) CURVE() GEOMETRIC_REPRESENTATION_ITEM() 
RATIONAL_B_SPLINE_CURVE((1.,0.707106781187,1.,0.707106781187,1.)) 
REPRESENTATION_ITEM('') );
#1072 = CARTESIAN_POINT('',(1.,-0.645,1.00001E-02));
#1073 = CARTESIAN_POINT('',(0.875,-0.645,1.00001E-02));
#1074 = CARTESIAN_POINT('',(0.875,-0.77,1.00001E-02));
#1075 = CARTESIAN_POINT('',(0.875,-0.895,1.00001E-02));
#1076 = CARTESIAN_POINT('',(1.,-0.895,1.00001E-02));
#1077 = ORIENTED_EDGE('',*,*,#960,.F.);
#1078 = ORIENTED_EDGE('',*,*,#1009,.F.);
#1079 = ORIENTED_EDGE('',*,*,#973,.F.);
#1080 = ORIENTED_EDGE('',*,*,#1029,.F.);
#1081 = ORIENTED_EDGE('',*,*,#910,.F.);
#1082 = B_SPLINE_SURFACE_WITH_KNOTS('',1,1,(
    (#1083,#1084)
    ,(#1085,#1086
    )),.UNSPECIFIED.,.F.,.F.,.F.,(2,2),(2,2),(-1.,-0.3),(-0.95,-0.6),
  .PIECEWISE_BEZIER_KNOTS.);
#1083 = CARTESIAN_POINT('',(1.,-0.945,1.00001E-02));
#1084 = CARTESIAN_POINT('',(1.,-0.595,1.00001E-02));
#1085 = CARTESIAN_POINT('',(0.3,-0.945,1.00001E-02));
#1086 = CARTESIAN_POINT('',(0.3,-0.595,1.00001E-02));
#1087 = ADVANCED_FACE('',(#1088),#1094,.F.);
#1088 = FACE_BOUND('',#1089,.F.);
#1089 = EDGE_LOOP('',(#1090,#1091,#1092,#1093));
#1090 = ORIENTED_EDGE('',*,*,#1050,.T.);
#1091 = ORIENTED_EDGE('',*,*,#901,.F.);
#1092 = ORIENTED_EDGE('',*,*,#1070,.F.);
#1093 = ORIENTED_EDGE('',*,*,#937,.F.);
#1094 = ( BOUNDED_SURFACE() B_SPLINE_SURFACE(2,1,(
    (#1095,#1096)
    ,(#1097,#1098)
    ,(#1099,#1100)
    ,(#1101,#1102)
    ,(#1103,#1104
)),.UNSPECIFIED.,.F.,.F.,.F.) B_SPLINE_SURFACE_WITH_KNOTS((3,2,3),(2,2),
  (1.570796326795,3.14159265359,4.712388980385),(0.2,0.21),
.PIECEWISE_BEZIER_KNOTS.) GEOMETRIC_REPRESENTATION_ITEM() 
RATIONAL_B_SPLINE_SURFACE((
    (1.,1.)
    ,(0.707106781187,0.707106781187)
    ,(1.,1.)
    ,(0.707106781187,0.707106781187)
,(1.,1.))) REPRESENTATION_ITEM('') SURFACE() );
#1095 = CARTESIAN_POINT('',(1.,-0.645,9.999999999941E-08));
#1096 = CARTESIAN_POINT('',(1.,-0.645,1.00001E-02));
#1097 = CARTESIAN_POINT('',(0.875,-0.645,9.999999999941E-08));
#1098 = CARTESIAN_POINT('',(0.875,-0.645,1.00001E-02));
#1099 = CARTESIAN_POINT('',(0.875,-0.77,9.999999999941E-08));
#1100 = CARTESIAN_POINT('',(0.875,-0.77,1.00001E-02));
#1101 = CARTESIAN_POINT('',(0.875,-0.895,9.999999999941E-08));
#1102 = CARTESIAN_POINT('',(0.875,-0.895,1.00001E-02));
#1103 = CARTESIAN_POINT('',(1.,-0.895,9.999999999941E-08));
#1104 = CARTESIAN_POINT('',(1.,-0.895,1.00001E-02));
#1105 = MANIFOLD_SOLID_BREP('',#1106);
#1106 = CLOSED_SHELL('',(#1107,#1143,#1179,#1207,#1235,#1255,#1276,#1297
    ));
#1107 = ADVANCED_FACE('',(#1108),#1138,.F.);
#1108 = FACE_BOUND('',#1109,.T.);
#1109 = EDGE_LOOP('',(#1110,#1119,#1126,#1133));
#1110 = ORIENTED_EDGE('',*,*,#1111,.F.);
#1111 = EDGE_CURVE('',#1112,#1114,#1116,.T.);
#1112 = VERTEX_POINT('',#1113);
#1113 = CARTESIAN_POINT('',(1.,-0.12,1.00001E-02));
#1114 = VERTEX_POINT('',#1115);
#1115 = CARTESIAN_POINT('',(1.,-0.12,1.000000000098E-07));
#1116 = B_SPLINE_CURVE_WITH_KNOTS('',1,(#1117,#1118),.UNSPECIFIED.,.F.,
  .F.,(2,2),(-0.21,-0.2),.PIECEWISE_BEZIER_KNOTS.);
#1117 = CARTESIAN_POINT('',(1.,-0.12,1.00001E-02));
#1118 = CARTESIAN_POINT('',(1.,-0.12,9.999999999941E-08));
#1119 = ORIENTED_EDGE('',*,*,#1120,.T.);
#1120 = EDGE_CURVE('',#1112,#1121,#1123,.T.);
#1121 = VERTEX_POINT('',#1122);
#1122 = CARTESIAN_POINT('',(1.,-0.195,1.00001E-02));
#1123 = B_SPLINE_CURVE_WITH_KNOTS('',1,(#1124,#1125),.UNSPECIFIED.,.F.,
  .F.,(2,2),(0.325,0.4),.PIECEWISE_BEZIER_KNOTS.);
#1124 = CARTESIAN_POINT('',(1.,-0.12,1.00001E-02));
#1125 = CARTESIAN_POINT('',(1.,-0.195,1.00001E-02));
#1126 = ORIENTED_EDGE('',*,*,#1127,.F.);
#1127 = EDGE_CURVE('',#1128,#1121,#1130,.T.);
#1128 = VERTEX_POINT('',#1129);
#1129 = CARTESIAN_POINT('',(1.,-0.195,1.000000000081E-07));
#1130 = B_SPLINE_CURVE_WITH_KNOTS('',1,(#1131,#1132),.UNSPECIFIED.,.F.,
  .F.,(2,2),(0.,1.E-02),.PIECEWISE_BEZIER_KNOTS.);
#1131 = CARTESIAN_POINT('',(1.,-0.195,1.000000000081E-07));
#1132 = CARTESIAN_POINT('',(1.,-0.195,1.00001E-02));
#1133 = ORIENTED_EDGE('',*,*,#1134,.F.);
#1134 = EDGE_CURVE('',#1114,#1128,#1135,.T.);
#1135 = B_SPLINE_CURVE_WITH_KNOTS('',1,(#1136,#1137),.UNSPECIFIED.,.F.,
  .F.,(2,2),(0.325,0.4),.PIECEWISE_BEZIER_KNOTS.);
#1136 = CARTESIAN_POINT('',(1.,-0.12,1.000000000081E-07));
#1137 = CARTESIAN_POINT('',(1.,-0.195,1.000000000081E-07));
#1138 = B_SPLINE_SURFACE_WITH_KNOTS('',1,1,(
    (#1139,#1140)
    ,(#1141,#1142
    )),.UNSPECIFIED.,.F.,.F.,.F.,(2,2),(2,2),(0.,1.E-02),(-0.4,-0.325),
  .PIECEWISE_BEZIER_KNOTS.);
#1139 = CARTESIAN_POINT('',(1.,-0.195,1.000000000081E-07));
#1140 = CARTESIAN_POINT('',(1.,-0.12,1.000000000081E-07));
#1141 = CARTESIAN_POINT('',(1.,-0.195,1.00001E-02));
#1142 = CARTESIAN_POINT('',(1.,-0.12,1.00001E-02));
#1143 = ADVANCED_FACE('',(#1144),#1174,.F.);
#1144 = FACE_BOUND('',#1145,.T.);
#1145 = EDGE_LOOP('',(#1146,#1155,#1162,#1169));
#1146 = ORIENTED_EDGE('',*,*,#1147,.F.);
#1147 = EDGE_CURVE('',#1148,#1150,#1152,.T.);
#1148 = VERTEX_POINT('',#1149);
#1149 = CARTESIAN_POINT('',(1.,0.13,1.000000000098E-07));
#1150 = VERTEX_POINT('',#1151);
#1151 = CARTESIAN_POINT('',(1.,0.13,1.00001E-02));
#1152 = B_SPLINE_CURVE_WITH_KNOTS('',1,(#1153,#1154),.UNSPECIFIED.,.F.,
  .F.,(2,2),(0.2,0.21),.PIECEWISE_BEZIER_KNOTS.);
#1153 = CARTESIAN_POINT('',(1.,0.13,9.999999999941E-08));
#1154 = CARTESIAN_POINT('',(1.,0.13,1.00001E-02));
#1155 = ORIENTED_EDGE('',*,*,#1156,.F.);
#1156 = EDGE_CURVE('',#1157,#1148,#1159,.T.);
#1157 = VERTEX_POINT('',#1158);
#1158 = CARTESIAN_POINT('',(1.,0.205,1.000000000081E-07));
#1159 = B_SPLINE_CURVE_WITH_KNOTS('',1,(#1160,#1161),.UNSPECIFIED.,.F.,
  .F.,(2,2),(0.,7.5E-02),.PIECEWISE_BEZIER_KNOTS.);
#1160 = CARTESIAN_POINT('',(1.,0.205,1.000000000081E-07));
#1161 = CARTESIAN_POINT('',(1.,0.13,1.000000000081E-07));
#1162 = ORIENTED_EDGE('',*,*,#1163,.T.);
#1163 = EDGE_CURVE('',#1157,#1164,#1166,.T.);
#1164 = VERTEX_POINT('',#1165);
#1165 = CARTESIAN_POINT('',(1.,0.205,1.00001E-02));
#1166 = B_SPLINE_CURVE_WITH_KNOTS('',1,(#1167,#1168),.UNSPECIFIED.,.F.,
  .F.,(2,2),(0.,1.E-02),.PIECEWISE_BEZIER_KNOTS.);
#1167 = CARTESIAN_POINT('',(1.,0.205,1.000000000081E-07));
#1168 = CARTESIAN_POINT('',(1.,0.205,1.00001E-02));
#1169 = ORIENTED_EDGE('',*,*,#1170,.T.);
#1170 = EDGE_CURVE('',#1164,#1150,#1171,.T.);
#1171 = B_SPLINE_CURVE_WITH_KNOTS('',1,(#1172,#1173),.UNSPECIFIED.,.F.,
  .F.,(2,2),(0.,7.5E-02),.PIECEWISE_BEZIER_KNOTS.);
#1172 = CARTESIAN_POINT('',(1.,0.205,1.00001E-02));
#1173 = CARTESIAN_POINT('',(1.,0.13,1.00001E-02));
#1174 = B_SPLINE_SURFACE_WITH_KNOTS('',1,1,(
    (#1175,#1176)
    ,(#1177,#1178
    )),.UNSPECIFIED.,.F.,.F.,.F.,(2,2),(2,2),(0.,1.E-02),(-7.5E-02,0.),
  .PIECEWISE_BEZIER_KNOTS.);
#1175 = CARTESIAN_POINT('',(1.,0.13,1.000000000081E-07));
#1176 = CARTESIAN_POINT('',(1.,0.205,1.000000000081E-07));
#1177 = CARTESIAN_POINT('',(1.,0.13,1.00001E-02));
#1178 = CARTESIAN_POINT('',(1.,0.205,1.00001E-02));
#1179 = ADVANCED_FACE('',(#1180),#1202,.F.);
#1180 = FACE_BOUND('',#1181,.T.);
#1181 = EDGE_LOOP('',(#1182,#1189,#1196,#1201));
#1182 = ORIENTED_EDGE('',*,*,#1183,.T.);
#1183 = EDGE_CURVE('',#1121,#1184,#1186,.T.);
#1184 = VERTEX_POINT('',#1185);
#1185 = CARTESIAN_POINT('',(0.3,-0.195,1.00001E-02));
#1186 = B_SPLINE_CURVE_WITH_KNOTS('',1,(#1187,#1188),.UNSPECIFIED.,.F.,
  .F.,(2,2),(-0.7,0.),.PIECEWISE_BEZIER_KNOTS.);
#1187 = CARTESIAN_POINT('',(1.,-0.195,1.00001E-02));
#1188 = CARTESIAN_POINT('',(0.3,-0.195,1.00001E-02));
#1189 = ORIENTED_EDGE('',*,*,#1190,.F.);
#1190 = EDGE_CURVE('',#1191,#1184,#1193,.T.);
#1191 = VERTEX_POINT('',#1192);
#1192 = CARTESIAN_POINT('',(0.3,-0.195,1.000000000081E-07));
#1193 = B_SPLINE_CURVE_WITH_KNOTS('',1,(#1194,#1195),.UNSPECIFIED.,.F.,
  .F.,(2,2),(0.,1.E-02),.PIECEWISE_BEZIER_KNOTS.);
#1194 = CARTESIAN_POINT('',(0.3,-0.195,1.000000000081E-07));
#1195 = CARTESIAN_POINT('',(0.3,-0.195,1.00001E-02));
#1196 = ORIENTED_EDGE('',*,*,#1197,.F.);
#1197 = EDGE_CURVE('',#1128,#1191,#1198,.T.);
#1198 = B_SPLINE_CURVE_WITH_KNOTS('',1,(#1199,#1200),.UNSPECIFIED.,.F.,
  .F.,(2,2),(-0.7,0.),.PIECEWISE_BEZIER_KNOTS.);
#1199 = CARTESIAN_POINT('',(1.,-0.195,1.000000000081E-07));
#1200 = CARTESIAN_POINT('',(0.3,-0.195,1.000000000081E-07));
#1201 = ORIENTED_EDGE('',*,*,#1127,.T.);
#1202 = B_SPLINE_SURFACE_WITH_KNOTS('',1,1,(
    (#1203,#1204)
    ,(#1205,#1206
    )),.UNSPECIFIED.,.F.,.F.,.F.,(2,2),(2,2),(-0.7,0.),(0.,1.E-02),
  .PIECEWISE_BEZIER_KNOTS.);
#1203 = CARTESIAN_POINT('',(1.,-0.195,1.000000000081E-07));
#1204 = CARTESIAN_POINT('',(1.,-0.195,1.00001E-02));
#1205 = CARTESIAN_POINT('',(0.3,-0.195,1.000000000081E-07));
#1206 = CARTESIAN_POINT('',(0.3,-0.195,1.00001E-02));
#1207 = ADVANCED_FACE('',(#1208),#1230,.F.);
#1208 = FACE_BOUND('',#1209,.T.);
#1209 = EDGE_LOOP('',(#1210,#1217,#1224,#1229));
#1210 = ORIENTED_EDGE('',*,*,#1211,.T.);
#1211 = EDGE_CURVE('',#1184,#1212,#1214,.T.);
#1212 = VERTEX_POINT('',#1213);
#1213 = CARTESIAN_POINT('',(0.3,0.205,1.00001E-02));
#1214 = B_SPLINE_CURVE_WITH_KNOTS('',1,(#1215,#1216),.UNSPECIFIED.,.F.,
  .F.,(2,2),(-0.4,0.),.PIECEWISE_BEZIER_KNOTS.);
#1215 = CARTESIAN_POINT('',(0.3,-0.195,1.00001E-02));
#1216 = CARTESIAN_POINT('',(0.3,0.205,1.00001E-02));
#1217 = ORIENTED_EDGE('',*,*,#1218,.F.);
#1218 = EDGE_CURVE('',#1219,#1212,#1221,.T.);
#1219 = VERTEX_POINT('',#1220);
#1220 = CARTESIAN_POINT('',(0.3,0.205,1.000000000081E-07));
#1221 = B_SPLINE_CURVE_WITH_KNOTS('',1,(#1222,#1223),.UNSPECIFIED.,.F.,
  .F.,(2,2),(0.,1.E-02),.PIECEWISE_BEZIER_KNOTS.);
#1222 = CARTESIAN_POINT('',(0.3,0.205,1.000000000081E-07));
#1223 = CARTESIAN_POINT('',(0.3,0.205,1.00001E-02));
#1224 = ORIENTED_EDGE('',*,*,#1225,.F.);
#1225 = EDGE_CURVE('',#1191,#1219,#1226,.T.);
#1226 = B_SPLINE_CURVE_WITH_KNOTS('',1,(#1227,#1228),.UNSPECIFIED.,.F.,
  .F.,(2,2),(-0.4,0.),.PIECEWISE_BEZIER_KNOTS.);
#1227 = CARTESIAN_POINT('',(0.3,-0.195,1.000000000081E-07));
#1228 = CARTESIAN_POINT('',(0.3,0.205,1.000000000081E-07));
#1229 = ORIENTED_EDGE('',*,*,#1190,.T.);
#1230 = B_SPLINE_SURFACE_WITH_KNOTS('',1,1,(
    (#1231,#1232)
    ,(#1233,#1234
    )),.UNSPECIFIED.,.F.,.F.,.F.,(2,2),(2,2),(-1.E-02,0.),(-0.4,0.),
  .PIECEWISE_BEZIER_KNOTS.);
#1231 = CARTESIAN_POINT('',(0.3,-0.195,1.00001E-02));
#1232 = CARTESIAN_POINT('',(0.3,0.205,1.00001E-02));
#1233 = CARTESIAN_POINT('',(0.3,-0.195,1.000000000081E-07));
#1234 = CARTESIAN_POINT('',(0.3,0.205,1.000000000081E-07));
#1235 = ADVANCED_FACE('',(#1236),#1250,.F.);
#1236 = FACE_BOUND('',#1237,.T.);
#1237 = EDGE_LOOP('',(#1238,#1243,#1244,#1249));
#1238 = ORIENTED_EDGE('',*,*,#1239,.T.);
#1239 = EDGE_CURVE('',#1212,#1164,#1240,.T.);
#1240 = B_SPLINE_CURVE_WITH_KNOTS('',1,(#1241,#1242),.UNSPECIFIED.,.F.,
  .F.,(2,2),(0.,0.7),.PIECEWISE_BEZIER_KNOTS.);
#1241 = CARTESIAN_POINT('',(0.3,0.205,1.00001E-02));
#1242 = CARTESIAN_POINT('',(1.,0.205,1.00001E-02));
#1243 = ORIENTED_EDGE('',*,*,#1163,.F.);
#1244 = ORIENTED_EDGE('',*,*,#1245,.F.);
#1245 = EDGE_CURVE('',#1219,#1157,#1246,.T.);
#1246 = B_SPLINE_CURVE_WITH_KNOTS('',1,(#1247,#1248),.UNSPECIFIED.,.F.,
  .F.,(2,2),(0.,0.7),.PIECEWISE_BEZIER_KNOTS.);
#1247 = CARTESIAN_POINT('',(0.3,0.205,1.000000000081E-07));
#1248 = CARTESIAN_POINT('',(1.,0.205,1.000000000081E-07));
#1249 = ORIENTED_EDGE('',*,*,#1218,.T.);
#1250 = B_SPLINE_SURFACE_WITH_KNOTS('',1,1,(
    (#1251,#1252)
    ,(#1253,#1254
    )),.UNSPECIFIED.,.F.,.F.,.F.,(2,2),(2,2),(0.,0.7),(0.,1.E-02),
  .PIECEWISE_BEZIER_KNOTS.);
#1251 = CARTESIAN_POINT('',(0.3,0.205,1.000000000081E-07));
#1252 = CARTESIAN_POINT('',(0.3,0.205,1.00001E-02));
#1253 = CARTESIAN_POINT('',(1.,0.205,1.000000000081E-07));
#1254 = CARTESIAN_POINT('',(1.,0.205,1.00001E-02));
#1255 = ADVANCED_FACE('',(#1256),#1271,.F.);
#1256 = FACE_BOUND('',#1257,.T.);
#1257 = EDGE_LOOP('',(#1258,#1266,#1267,#1268,#1269,#1270));
#1258 = ORIENTED_EDGE('',*,*,#1259,.F.);
#1259 = EDGE_CURVE('',#1114,#1148,#1260,.T.);
#1260 = ( BOUNDED_CURVE() B_SPLINE_CURVE(2,(#1261,#1262,#1263,#1264,
#1265),.UNSPECIFIED.,.F.,.F.) B_SPLINE_CURVE_WITH_KNOTS((3,2,3),(
    1.570796326795,3.14159265359,4.712388980385),
.PIECEWISE_BEZIER_KNOTS.) CURVE() GEOMETRIC_REPRESENTATION_ITEM() 
RATIONAL_B_SPLINE_CURVE((1.,0.707106781187,1.,0.707106781187,1.)) 
REPRESENTATION_ITEM('') );
#1261 = CARTESIAN_POINT('',(1.,-0.12,1.000000000098E-07));
#1262 = CARTESIAN_POINT('',(0.875,-0.12,1.000000000098E-07));
#1263 = CARTESIAN_POINT('',(0.875,5.E-03,1.000000000098E-07));
#1264 = CARTESIAN_POINT('',(0.875,0.13,1.000000000098E-07));
#1265 = CARTESIAN_POINT('',(1.,0.13,1.000000000098E-07));
#1266 = ORIENTED_EDGE('',*,*,#1134,.T.);
#1267 = ORIENTED_EDGE('',*,*,#1197,.T.);
#1268 = ORIENTED_EDGE('',*,*,#1225,.T.);
#1269 = ORIENTED_EDGE('',*,*,#1245,.T.);
#1270 = ORIENTED_EDGE('',*,*,#1156,.T.);
#1271 = B_SPLINE_SURFACE_WITH_KNOTS('',1,1,(
    (#1272,#1273)
    ,(#1274,#1275
    )),.UNSPECIFIED.,.F.,.F.,.F.,(2,2),(2,2),(0.3,1.),(-0.2,0.2),
  .PIECEWISE_BEZIER_KNOTS.);
#1272 = CARTESIAN_POINT('',(0.3,-0.195,1.000000000081E-07));
#1273 = CARTESIAN_POINT('',(0.3,0.205,1.000000000081E-07));
#1274 = CARTESIAN_POINT('',(1.,-0.195,1.000000000081E-07));
#1275 = CARTESIAN_POINT('',(1.,0.205,1.000000000081E-07));
#1276 = ADVANCED_FACE('',(#1277),#1292,.T.);
#1277 = FACE_BOUND('',#1278,.T.);
#1278 = EDGE_LOOP('',(#1279,#1280,#1288,#1289,#1290,#1291));
#1279 = ORIENTED_EDGE('',*,*,#1120,.F.);
#1280 = ORIENTED_EDGE('',*,*,#1281,.T.);
#1281 = EDGE_CURVE('',#1112,#1150,#1282,.T.);
#1282 = ( BOUNDED_CURVE() B_SPLINE_CURVE(2,(#1283,#1284,#1285,#1286,
#1287),.UNSPECIFIED.,.F.,.F.) B_SPLINE_CURVE_WITH_KNOTS((3,2,3),(
    1.570796326795,3.14159265359,4.712388980385),
.PIECEWISE_BEZIER_KNOTS.) CURVE() GEOMETRIC_REPRESENTATION_ITEM() 
RATIONAL_B_SPLINE_CURVE((1.,0.707106781187,1.,0.707106781187,1.)) 
REPRESENTATION_ITEM('') );
#1283 = CARTESIAN_POINT('',(1.,-0.12,1.00001E-02));
#1284 = CARTESIAN_POINT('',(0.875,-0.12,1.00001E-02));
#1285 = CARTESIAN_POINT('',(0.875,5.E-03,1.00001E-02));
#1286 = CARTESIAN_POINT('',(0.875,0.13,1.00001E-02));
#1287 = CARTESIAN_POINT('',(1.,0.13,1.00001E-02));
#1288 = ORIENTED_EDGE('',*,*,#1170,.F.);
#1289 = ORIENTED_EDGE('',*,*,#1239,.F.);
#1290 = ORIENTED_EDGE('',*,*,#1211,.F.);
#1291 = ORIENTED_EDGE('',*,*,#1183,.F.);
#1292 = B_SPLINE_SURFACE_WITH_KNOTS('',1,1,(
    (#1293,#1294)
    ,(#1295,#1296
    )),.UNSPECIFIED.,.F.,.F.,.F.,(2,2),(2,2),(0.3,1.),(-0.2,0.2),
  .PIECEWISE_BEZIER_KNOTS.);
#1293 = CARTESIAN_POINT('',(0.3,-0.195,1.00001E-02));
#1294 = CARTESIAN_POINT('',(0.3,0.205,1.00001E-02));
#1295 = CARTESIAN_POINT('',(1.,-0.195,1.00001E-02));
#1296 = CARTESIAN_POINT('',(1.,0.205,1.00001E-02));
#1297 = ADVANCED_FACE('',(#1298),#1304,.F.);
#1298 = FACE_BOUND('',#1299,.F.);
#1299 = EDGE_LOOP('',(#1300,#1301,#1302,#1303));
#1300 = ORIENTED_EDGE('',*,*,#1111,.F.);
#1301 = ORIENTED_EDGE('',*,*,#1281,.T.);
#1302 = ORIENTED_EDGE('',*,*,#1147,.F.);
#1303 = ORIENTED_EDGE('',*,*,#1259,.F.);
#1304 = ( BOUNDED_SURFACE() B_SPLINE_SURFACE(2,1,(
    (#1305,#1306)
    ,(#1307,#1308)
    ,(#1309,#1310)
    ,(#1311,#1312)
    ,(#1313,#1314
)),.UNSPECIFIED.,.F.,.F.,.F.) B_SPLINE_SURFACE_WITH_KNOTS((3,2,3),(2,2),
  (1.570796326795,3.14159265359,4.712388980385),(0.2,0.21),
.PIECEWISE_BEZIER_KNOTS.) GEOMETRIC_REPRESENTATION_ITEM() 
RATIONAL_B_SPLINE_SURFACE((
    (1.,1.)
    ,(0.707106781187,0.707106781187)
    ,(1.,1.)
    ,(0.707106781187,0.707106781187)
,(1.,1.))) REPRESENTATION_ITEM('') SURFACE() );
#1305 = CARTESIAN_POINT('',(1.,0.13,9.999999999941E-08));
#1306 = CARTESIAN_POINT('',(1.,0.13,1.00001E-02));
#1307 = CARTESIAN_POINT('',(0.875,0.13,9.999999999941E-08));
#1308 = CARTESIAN_POINT('',(0.875,0.13,1.00001E-02));
#1309 = CARTESIAN_POINT('',(0.875,5.E-03,9.999999999941E-08));
#1310 = CARTESIAN_POINT('',(0.875,5.E-03,1.00001E-02));
#1311 = CARTESIAN_POINT('',(0.875,-0.12,9.999999999941E-08));
#1312 = CARTESIAN_POINT('',(0.875,-0.12,1.00001E-02));
#1313 = CARTESIAN_POINT('',(1.,-0.12,9.999999999941E-08));
#1314 = CARTESIAN_POINT('',(1.,-0.12,1.00001E-02));
#1315 = MANIFOLD_SOLID_BREP('',#1316);
#1316 = CLOSED_SHELL('',(#1317,#1353,#1389,#1417,#1445,#1465,#1486,#1507
    ));
#1317 = ADVANCED_FACE('',(#1318),#1348,.F.);
#1318 = FACE_BOUND('',#1319,.T.);
#1319 = EDGE_LOOP('',(#1320,#1329,#1336,#1343));
#1320 = ORIENTED_EDGE('',*,*,#1321,.F.);
#1321 = EDGE_CURVE('',#1322,#1324,#1326,.T.);
#1322 = VERTEX_POINT('',#1323);
#1323 = CARTESIAN_POINT('',(1.,0.655,1.00001E-02));
#1324 = VERTEX_POINT('',#1325);
#1325 = CARTESIAN_POINT('',(1.,0.655,1.000000000098E-07));
#1326 = B_SPLINE_CURVE_WITH_KNOTS('',1,(#1327,#1328),.UNSPECIFIED.,.F.,
  .F.,(2,2),(-0.21,-0.2),.PIECEWISE_BEZIER_KNOTS.);
#1327 = CARTESIAN_POINT('',(1.,0.655,1.00001E-02));
#1328 = CARTESIAN_POINT('',(1.,0.655,9.999999999941E-08));
#1329 = ORIENTED_EDGE('',*,*,#1330,.T.);
#1330 = EDGE_CURVE('',#1322,#1331,#1333,.T.);
#1331 = VERTEX_POINT('',#1332);
#1332 = CARTESIAN_POINT('',(1.,0.605,1.00001E-02));
#1333 = B_SPLINE_CURVE_WITH_KNOTS('',1,(#1334,#1335),.UNSPECIFIED.,.F.,
  .F.,(2,2),(0.3,0.35),.PIECEWISE_BEZIER_KNOTS.);
#1334 = CARTESIAN_POINT('',(1.,0.655,1.00001E-02));
#1335 = CARTESIAN_POINT('',(1.,0.605,1.00001E-02));
#1336 = ORIENTED_EDGE('',*,*,#1337,.F.);
#1337 = EDGE_CURVE('',#1338,#1331,#1340,.T.);
#1338 = VERTEX_POINT('',#1339);
#1339 = CARTESIAN_POINT('',(1.,0.605,1.000000000081E-07));
#1340 = B_SPLINE_CURVE_WITH_KNOTS('',1,(#1341,#1342),.UNSPECIFIED.,.F.,
  .F.,(2,2),(0.,1.E-02),.PIECEWISE_BEZIER_KNOTS.);
#1341 = CARTESIAN_POINT('',(1.,0.605,1.000000000081E-07));
#1342 = CARTESIAN_POINT('',(1.,0.605,1.00001E-02));
#1343 = ORIENTED_EDGE('',*,*,#1344,.F.);
#1344 = EDGE_CURVE('',#1324,#1338,#1345,.T.);
#1345 = B_SPLINE_CURVE_WITH_KNOTS('',1,(#1346,#1347),.UNSPECIFIED.,.F.,
  .F.,(2,2),(0.3,0.35),.PIECEWISE_BEZIER_KNOTS.);
#1346 = CARTESIAN_POINT('',(1.,0.655,1.000000000081E-07));
#1347 = CARTESIAN_POINT('',(1.,0.605,1.000000000081E-07));
#1348 = B_SPLINE_SURFACE_WITH_KNOTS('',1,1,(
    (#1349,#1350)
    ,(#1351,#1352
    )),.UNSPECIFIED.,.F.,.F.,.F.,(2,2),(2,2),(0.,1.E-02),(-0.35,-0.3),
  .PIECEWISE_BEZIER_KNOTS.);
#1349 = CARTESIAN_POINT('',(1.,0.605,1.000000000081E-07));
#1350 = CARTESIAN_POINT('',(1.,0.655,1.000000000081E-07));
#1351 = CARTESIAN_POINT('',(1.,0.605,1.00001E-02));
#1352 = CARTESIAN_POINT('',(1.,0.655,1.00001E-02));
#1353 = ADVANCED_FACE('',(#1354),#1384,.F.);
#1354 = FACE_BOUND('',#1355,.T.);
#1355 = EDGE_LOOP('',(#1356,#1365,#1372,#1379));
#1356 = ORIENTED_EDGE('',*,*,#1357,.F.);
#1357 = EDGE_CURVE('',#1358,#1360,#1362,.T.);
#1358 = VERTEX_POINT('',#1359);
#1359 = CARTESIAN_POINT('',(1.,0.905,1.000000000098E-07));
#1360 = VERTEX_POINT('',#1361);
#1361 = CARTESIAN_POINT('',(1.,0.905,1.00001E-02));
#1362 = B_SPLINE_CURVE_WITH_KNOTS('',1,(#1363,#1364),.UNSPECIFIED.,.F.,
  .F.,(2,2),(0.2,0.21),.PIECEWISE_BEZIER_KNOTS.);
#1363 = CARTESIAN_POINT('',(1.,0.905,9.999999999941E-08));
#1364 = CARTESIAN_POINT('',(1.,0.905,1.00001E-02));
#1365 = ORIENTED_EDGE('',*,*,#1366,.F.);
#1366 = EDGE_CURVE('',#1367,#1358,#1369,.T.);
#1367 = VERTEX_POINT('',#1368);
#1368 = CARTESIAN_POINT('',(1.,0.955,1.000000000081E-07));
#1369 = B_SPLINE_CURVE_WITH_KNOTS('',1,(#1370,#1371),.UNSPECIFIED.,.F.,
  .F.,(2,2),(0.,5.E-02),.PIECEWISE_BEZIER_KNOTS.);
#1370 = CARTESIAN_POINT('',(1.,0.955,1.000000000081E-07));
#1371 = CARTESIAN_POINT('',(1.,0.905,1.000000000081E-07));
#1372 = ORIENTED_EDGE('',*,*,#1373,.T.);
#1373 = EDGE_CURVE('',#1367,#1374,#1376,.T.);
#1374 = VERTEX_POINT('',#1375);
#1375 = CARTESIAN_POINT('',(1.,0.955,1.00001E-02));
#1376 = B_SPLINE_CURVE_WITH_KNOTS('',1,(#1377,#1378),.UNSPECIFIED.,.F.,
  .F.,(2,2),(0.,1.E-02),.PIECEWISE_BEZIER_KNOTS.);
#1377 = CARTESIAN_POINT('',(1.,0.955,1.000000000081E-07));
#1378 = CARTESIAN_POINT('',(1.,0.955,1.00001E-02));
#1379 = ORIENTED_EDGE('',*,*,#1380,.T.);
#1380 = EDGE_CURVE('',#1374,#1360,#1381,.T.);
#1381 = B_SPLINE_CURVE_WITH_KNOTS('',1,(#1382,#1383),.UNSPECIFIED.,.F.,
  .F.,(2,2),(0.,5.E-02),.PIECEWISE_BEZIER_KNOTS.);
#1382 = CARTESIAN_POINT('',(1.,0.955,1.00001E-02));
#1383 = CARTESIAN_POINT('',(1.,0.905,1.00001E-02));
#1384 = B_SPLINE_SURFACE_WITH_KNOTS('',1,1,(
    (#1385,#1386)
    ,(#1387,#1388
    )),.UNSPECIFIED.,.F.,.F.,.F.,(2,2),(2,2),(0.,1.E-02),(-5.E-02,0.),
  .PIECEWISE_BEZIER_KNOTS.);
#1385 = CARTESIAN_POINT('',(1.,0.905,1.000000000081E-07));
#1386 = CARTESIAN_POINT('',(1.,0.955,1.000000000081E-07));
#1387 = CARTESIAN_POINT('',(1.,0.905,1.00001E-02));
#1388 = CARTESIAN_POINT('',(1.,0.955,1.00001E-02));
#1389 = ADVANCED_FACE('',(#1390),#1412,.F.);
#1390 = FACE_BOUND('',#1391,.T.);
#1391 = EDGE_LOOP('',(#1392,#1399,#1406,#1411));
#1392 = ORIENTED_EDGE('',*,*,#1393,.T.);
#1393 = EDGE_CURVE('',#1331,#1394,#1396,.T.);
#1394 = VERTEX_POINT('',#1395);
#1395 = CARTESIAN_POINT('',(0.3,0.605,1.00001E-02));
#1396 = B_SPLINE_CURVE_WITH_KNOTS('',1,(#1397,#1398),.UNSPECIFIED.,.F.,
  .F.,(2,2),(-0.7,-0.),.PIECEWISE_BEZIER_KNOTS.);
#1397 = CARTESIAN_POINT('',(1.,0.605,1.00001E-02));
#1398 = CARTESIAN_POINT('',(0.3,0.605,1.00001E-02));
#1399 = ORIENTED_EDGE('',*,*,#1400,.F.);
#1400 = EDGE_CURVE('',#1401,#1394,#1403,.T.);
#1401 = VERTEX_POINT('',#1402);
#1402 = CARTESIAN_POINT('',(0.3,0.605,1.000000000081E-07));
#1403 = B_SPLINE_CURVE_WITH_KNOTS('',1,(#1404,#1405),.UNSPECIFIED.,.F.,
  .F.,(2,2),(0.,1.E-02),.PIECEWISE_BEZIER_KNOTS.);
#1404 = CARTESIAN_POINT('',(0.3,0.605,1.000000000081E-07));
#1405 = CARTESIAN_POINT('',(0.3,0.605,1.00001E-02));
#1406 = ORIENTED_EDGE('',*,*,#1407,.F.);
#1407 = EDGE_CURVE('',#1338,#1401,#1408,.T.);
#1408 = B_SPLINE_CURVE_WITH_KNOTS('',1,(#1409,#1410),.UNSPECIFIED.,.F.,
  .F.,(2,2),(-0.7,-0.),.PIECEWISE_BEZIER_KNOTS.);
#1409 = CARTESIAN_POINT('',(1.,0.605,1.000000000081E-07));
#1410 = CARTESIAN_POINT('',(0.3,0.605,1.000000000081E-07));
#1411 = ORIENTED_EDGE('',*,*,#1337,.T.);
#1412 = B_SPLINE_SURFACE_WITH_KNOTS('',1,1,(
    (#1413,#1414)
    ,(#1415,#1416
    )),.UNSPECIFIED.,.F.,.F.,.F.,(2,2),(2,2),(0.,1.E-02),(0.,0.7),
  .PIECEWISE_BEZIER_KNOTS.);
#1413 = CARTESIAN_POINT('',(0.3,0.605,1.000000000081E-07));
#1414 = CARTESIAN_POINT('',(1.,0.605,1.000000000081E-07));
#1415 = CARTESIAN_POINT('',(0.3,0.605,1.00001E-02));
#1416 = CARTESIAN_POINT('',(1.,0.605,1.00001E-02));
#1417 = ADVANCED_FACE('',(#1418),#1440,.F.);
#1418 = FACE_BOUND('',#1419,.T.);
#1419 = EDGE_LOOP('',(#1420,#1427,#1434,#1439));
#1420 = ORIENTED_EDGE('',*,*,#1421,.T.);
#1421 = EDGE_CURVE('',#1394,#1422,#1424,.T.);
#1422 = VERTEX_POINT('',#1423);
#1423 = CARTESIAN_POINT('',(0.3,0.955,1.00001E-02));
#1424 = B_SPLINE_CURVE_WITH_KNOTS('',1,(#1425,#1426),.UNSPECIFIED.,.F.,
  .F.,(2,2),(-0.35,0.),.PIECEWISE_BEZIER_KNOTS.);
#1425 = CARTESIAN_POINT('',(0.3,0.605,1.00001E-02));
#1426 = CARTESIAN_POINT('',(0.3,0.955,1.00001E-02));
#1427 = ORIENTED_EDGE('',*,*,#1428,.F.);
#1428 = EDGE_CURVE('',#1429,#1422,#1431,.T.);
#1429 = VERTEX_POINT('',#1430);
#1430 = CARTESIAN_POINT('',(0.3,0.955,1.000000000081E-07));
#1431 = B_SPLINE_CURVE_WITH_KNOTS('',1,(#1432,#1433),.UNSPECIFIED.,.F.,
  .F.,(2,2),(0.,1.E-02),.PIECEWISE_BEZIER_KNOTS.);
#1432 = CARTESIAN_POINT('',(0.3,0.955,1.000000000081E-07));
#1433 = CARTESIAN_POINT('',(0.3,0.955,1.00001E-02));
#1434 = ORIENTED_EDGE('',*,*,#1435,.F.);
#1435 = EDGE_CURVE('',#1401,#1429,#1436,.T.);
#1436 = B_SPLINE_CURVE_WITH_KNOTS('',1,(#1437,#1438),.UNSPECIFIED.,.F.,
  .F.,(2,2),(-0.35,0.),.PIECEWISE_BEZIER_KNOTS.);
#1437 = CARTESIAN_POINT('',(0.3,0.605,1.000000000081E-07));
#1438 = CARTESIAN_POINT('',(0.3,0.955,1.000000000081E-07));
#1439 = ORIENTED_EDGE('',*,*,#1400,.T.);
#1440 = B_SPLINE_SURFACE_WITH_KNOTS('',1,1,(
    (#1441,#1442)
    ,(#1443,#1444
    )),.UNSPECIFIED.,.F.,.F.,.F.,(2,2),(2,2),(-0.35,0.),(0.,1.E-02),
  .PIECEWISE_BEZIER_KNOTS.);
#1441 = CARTESIAN_POINT('',(0.3,0.605,1.000000000081E-07));
#1442 = CARTESIAN_POINT('',(0.3,0.605,1.00001E-02));
#1443 = CARTESIAN_POINT('',(0.3,0.955,1.000000000081E-07));
#1444 = CARTESIAN_POINT('',(0.3,0.955,1.00001E-02));
#1445 = ADVANCED_FACE('',(#1446),#1460,.F.);
#1446 = FACE_BOUND('',#1447,.T.);
#1447 = EDGE_LOOP('',(#1448,#1453,#1454,#1459));
#1448 = ORIENTED_EDGE('',*,*,#1449,.T.);
#1449 = EDGE_CURVE('',#1422,#1374,#1450,.T.);
#1450 = B_SPLINE_CURVE_WITH_KNOTS('',1,(#1451,#1452),.UNSPECIFIED.,.F.,
  .F.,(2,2),(0.,0.7),.PIECEWISE_BEZIER_KNOTS.);
#1451 = CARTESIAN_POINT('',(0.3,0.955,1.00001E-02));
#1452 = CARTESIAN_POINT('',(1.,0.955,1.00001E-02));
#1453 = ORIENTED_EDGE('',*,*,#1373,.F.);
#1454 = ORIENTED_EDGE('',*,*,#1455,.F.);
#1455 = EDGE_CURVE('',#1429,#1367,#1456,.T.);
#1456 = B_SPLINE_CURVE_WITH_KNOTS('',1,(#1457,#1458),.UNSPECIFIED.,.F.,
  .F.,(2,2),(0.,0.7),.PIECEWISE_BEZIER_KNOTS.);
#1457 = CARTESIAN_POINT('',(0.3,0.955,1.000000000081E-07));
#1458 = CARTESIAN_POINT('',(1.,0.955,1.000000000081E-07));
#1459 = ORIENTED_EDGE('',*,*,#1428,.T.);
#1460 = B_SPLINE_SURFACE_WITH_KNOTS('',1,1,(
    (#1461,#1462)
    ,(#1463,#1464
    )),.UNSPECIFIED.,.F.,.F.,.F.,(2,2),(2,2),(0.,0.7),(0.,1.E-02),
  .PIECEWISE_BEZIER_KNOTS.);
#1461 = CARTESIAN_POINT('',(0.3,0.955,1.000000000081E-07));
#1462 = CARTESIAN_POINT('',(0.3,0.955,1.00001E-02));
#1463 = CARTESIAN_POINT('',(1.,0.955,1.000000000081E-07));
#1464 = CARTESIAN_POINT('',(1.,0.955,1.00001E-02));
#1465 = ADVANCED_FACE('',(#1466),#1481,.F.);
#1466 = FACE_BOUND('',#1467,.T.);
#1467 = EDGE_LOOP('',(#1468,#1476,#1477,#1478,#1479,#1480));
#1468 = ORIENTED_EDGE('',*,*,#1469,.F.);
#1469 = EDGE_CURVE('',#1324,#1358,#1470,.T.);
#1470 = ( BOUNDED_CURVE() B_SPLINE_CURVE(2,(#1471,#1472,#1473,#1474,
#1475),.UNSPECIFIED.,.F.,.F.) B_SPLINE_CURVE_WITH_KNOTS((3,2,3),(
    1.570796326795,3.14159265359,4.712388980385),
.PIECEWISE_BEZIER_KNOTS.) CURVE() GEOMETRIC_REPRESENTATION_ITEM() 
RATIONAL_B_SPLINE_CURVE((1.,0.707106781187,1.,0.707106781187,1.)) 
REPRESENTATION_ITEM('') );
#1471 = CARTESIAN_POINT('',(1.,0.655,1.000000000098E-07));
#1472 = CARTESIAN_POINT('',(0.875,0.655,1.000000000098E-07));
#1473 = CARTESIAN_POINT('',(0.875,0.78,1.000000000098E-07));
#1474 = CARTESIAN_POINT('',(0.875,0.905,1.000000000098E-07));
#1475 = CARTESIAN_POINT('',(1.,0.905,1.000000000098E-07));
#1476 = ORIENTED_EDGE('',*,*,#1344,.T.);
#1477 = ORIENTED_EDGE('',*,*,#1407,.T.);
#1478 = ORIENTED_EDGE('',*,*,#1435,.T.);
#1479 = ORIENTED_EDGE('',*,*,#1455,.T.);
#1480 = ORIENTED_EDGE('',*,*,#1366,.T.);
#1481 = B_SPLINE_SURFACE_WITH_KNOTS('',1,1,(
    (#1482,#1483)
    ,(#1484,#1485
    )),.UNSPECIFIED.,.F.,.F.,.F.,(2,2),(2,2),(0.3,1.),(0.6,0.95),
  .PIECEWISE_BEZIER_KNOTS.);
#1482 = CARTESIAN_POINT('',(0.3,0.605,1.000000000081E-07));
#1483 = CARTESIAN_POINT('',(0.3,0.955,1.000000000081E-07));
#1484 = CARTESIAN_POINT('',(1.,0.605,1.000000000081E-07));
#1485 = CARTESIAN_POINT('',(1.,0.955,1.000000000081E-07));
#1486 = ADVANCED_FACE('',(#1487),#1502,.T.);
#1487 = FACE_BOUND('',#1488,.T.);
#1488 = EDGE_LOOP('',(#1489,#1490,#1498,#1499,#1500,#1501));
#1489 = ORIENTED_EDGE('',*,*,#1330,.F.);
#1490 = ORIENTED_EDGE('',*,*,#1491,.T.);
#1491 = EDGE_CURVE('',#1322,#1360,#1492,.T.);
#1492 = ( BOUNDED_CURVE() B_SPLINE_CURVE(2,(#1493,#1494,#1495,#1496,
#1497),.UNSPECIFIED.,.F.,.F.) B_SPLINE_CURVE_WITH_KNOTS((3,2,3),(
    1.570796326795,3.14159265359,4.712388980385),
.PIECEWISE_BEZIER_KNOTS.) CURVE() GEOMETRIC_REPRESENTATION_ITEM() 
RATIONAL_B_SPLINE_CURVE((1.,0.707106781187,1.,0.707106781187,1.)) 
REPRESENTATION_ITEM('') );
#1493 = CARTESIAN_POINT('',(1.,0.655,1.00001E-02));
#1494 = CARTESIAN_POINT('',(0.875,0.655,1.00001E-02));
#1495 = CARTESIAN_POINT('',(0.875,0.78,1.00001E-02));
#1496 = CARTESIAN_POINT('',(0.875,0.905,1.00001E-02));
#1497 = CARTESIAN_POINT('',(1.,0.905,1.00001E-02));
#1498 = ORIENTED_EDGE('',*,*,#1380,.F.);
#1499 = ORIENTED_EDGE('',*,*,#1449,.F.);
#1500 = ORIENTED_EDGE('',*,*,#1421,.F.);
#1501 = ORIENTED_EDGE('',*,*,#1393,.F.);
#1502 = B_SPLINE_SURFACE_WITH_KNOTS('',1,1,(
    (#1503,#1504)
    ,(#1505,#1506
    )),.UNSPECIFIED.,.F.,.F.,.F.,(2,2),(2,2),(0.3,1.),(0.6,0.95),
  .PIECEWISE_BEZIER_KNOTS.);
#1503 = CARTESIAN_POINT('',(0.3,0.605,1.00001E-02));
#1504 = CARTESIAN_POINT('',(0.3,0.955,1.00001E-02));
#1505 = CARTESIAN_POINT('',(1.,0.605,1.00001E-02));
#1506 = CARTESIAN_POINT('',(1.,0.955,1.00001E-02));
#1507 = ADVANCED_FACE('',(#1508),#1514,.F.);
#1508 = FACE_BOUND('',#1509,.F.);
#1509 = EDGE_LOOP('',(#1510,#1511,#1512,#1513));
#1510 = ORIENTED_EDGE('',*,*,#1321,.F.);
#1511 = ORIENTED_EDGE('',*,*,#1491,.T.);
#1512 = ORIENTED_EDGE('',*,*,#1357,.F.);
#1513 = ORIENTED_EDGE('',*,*,#1469,.F.);
#1514 = ( BOUNDED_SURFACE() B_SPLINE_SURFACE(2,1,(
    (#1515,#1516)
    ,(#1517,#1518)
    ,(#1519,#1520)
    ,(#1521,#1522)
    ,(#1523,#1524
)),.UNSPECIFIED.,.F.,.F.,.F.) B_SPLINE_SURFACE_WITH_KNOTS((3,2,3),(2,2),
  (1.570796326795,3.14159265359,4.712388980385),(0.2,0.21),
.PIECEWISE_BEZIER_KNOTS.) GEOMETRIC_REPRESENTATION_ITEM() 
RATIONAL_B_SPLINE_SURFACE((
    (1.,1.)
    ,(0.707106781187,0.707106781187)
    ,(1.,1.)
    ,(0.707106781187,0.707106781187)
,(1.,1.))) REPRESENTATION_ITEM('') SURFACE() );
#1515 = CARTESIAN_POINT('',(1.,0.905,9.999999999941E-08));
#1516 = CARTESIAN_POINT('',(1.,0.905,1.00001E-02));
#1517 = CARTESIAN_POINT('',(0.875,0.905,9.999999999941E-08));
#1518 = CARTESIAN_POINT('',(0.875,0.905,1.00001E-02));
#1519 = CARTESIAN_POINT('',(0.875,0.78,9.999999999941E-08));
#1520 = CARTESIAN_POINT('',(0.875,0.78,1.00001E-02));
#1521 = CARTESIAN_POINT('',(0.875,0.655,9.999999999941E-08));
#1522 = CARTESIAN_POINT('',(0.875,0.655,1.00001E-02));
#1523 = CARTESIAN_POINT('',(1.,0.655,9.999999999941E-08));
#1524 = CARTESIAN_POINT('',(1.,0.655,1.00001E-02));
#1525 = MANIFOLD_SOLID_BREP('',#1526);
#1526 = CLOSED_SHELL('',(#1527,#1567,#1595,#1631,#1667,#1687,#1707,#1727
    ,#1747));
#1527 = ADVANCED_FACE('',(#1528),#1560,.F.);
#1528 = FACE_BOUND('',#1529,.F.);
#1529 = EDGE_LOOP('',(#1530,#1539,#1547,#1554));
#1530 = ORIENTED_EDGE('',*,*,#1531,.F.);
#1531 = EDGE_CURVE('',#1532,#1534,#1536,.T.);
#1532 = VERTEX_POINT('',#1533);
#1533 = CARTESIAN_POINT('',(-1.,0.905,1.00001E-02));
#1534 = VERTEX_POINT('',#1535);
#1535 = CARTESIAN_POINT('',(-1.,0.905,1.000000000098E-07));
#1536 = B_SPLINE_CURVE_WITH_KNOTS('',1,(#1537,#1538),.UNSPECIFIED.,.F.,
  .F.,(2,2),(-0.21,-0.2),.PIECEWISE_BEZIER_KNOTS.);
#1537 = CARTESIAN_POINT('',(-1.,0.905,1.00001E-02));
#1538 = CARTESIAN_POINT('',(-1.,0.905,9.999999999941E-08));
#1539 = ORIENTED_EDGE('',*,*,#1540,.F.);
#1540 = EDGE_CURVE('',#1541,#1532,#1543,.T.);
#1541 = VERTEX_POINT('',#1542);
#1542 = CARTESIAN_POINT('',(-0.875,0.78,1.00001E-02));
#1543 = ( BOUNDED_CURVE() B_SPLINE_CURVE(2,(#1544,#1545,#1546),
.UNSPECIFIED.,.F.,.F.) B_SPLINE_CURVE_WITH_KNOTS((3,3),(3.14159265359,
4.712388980385),.PIECEWISE_BEZIER_KNOTS.) CURVE() 
GEOMETRIC_REPRESENTATION_ITEM() RATIONAL_B_SPLINE_CURVE((1.,
0.707106781187,1.)) REPRESENTATION_ITEM('') );
#1544 = CARTESIAN_POINT('',(-0.875,0.78,1.00001E-02));
#1545 = CARTESIAN_POINT('',(-0.875,0.905,1.00001E-02));
#1546 = CARTESIAN_POINT('',(-1.,0.905,1.00001E-02));
#1547 = ORIENTED_EDGE('',*,*,#1548,.F.);
#1548 = EDGE_CURVE('',#1549,#1541,#1551,.T.);
#1549 = VERTEX_POINT('',#1550);
#1550 = CARTESIAN_POINT('',(-0.875,0.78,1.000000000098E-07));
#1551 = B_SPLINE_CURVE_WITH_KNOTS('',1,(#1552,#1553),.UNSPECIFIED.,.F.,
  .F.,(2,2),(0.2,0.21),.PIECEWISE_BEZIER_KNOTS.);
#1552 = CARTESIAN_POINT('',(-0.875,0.78,9.999999999941E-08));
#1553 = CARTESIAN_POINT('',(-0.875,0.78,1.00001E-02));
#1554 = ORIENTED_EDGE('',*,*,#1555,.T.);
#1555 = EDGE_CURVE('',#1549,#1534,#1556,.T.);
#1556 = ( BOUNDED_CURVE() B_SPLINE_CURVE(2,(#1557,#1558,#1559),
.UNSPECIFIED.,.F.,.F.) B_SPLINE_CURVE_WITH_KNOTS((3,3),(3.14159265359,
4.712388980385),.PIECEWISE_BEZIER_KNOTS.) CURVE() 
GEOMETRIC_REPRESENTATION_ITEM() RATIONAL_B_SPLINE_CURVE((1.,
0.707106781187,1.)) REPRESENTATION_ITEM('') );
#1557 = CARTESIAN_POINT('',(-0.875,0.78,1.000000000098E-07));
#1558 = CARTESIAN_POINT('',(-0.875,0.905,1.000000000098E-07));
#1559 = CARTESIAN_POINT('',(-1.,0.905,1.000000000098E-07));
#1560 = ( BOUNDED_SURFACE() B_SPLINE_SURFACE(2,1,(
    (#1561,#1562)
    ,(#1563,#1564)
    ,(#1565,#1566
)),.UNSPECIFIED.,.F.,.F.,.F.) B_SPLINE_SURFACE_WITH_KNOTS((3,3),(2,2),(
    0.,1.570796326795),(0.2,0.21),.PIECEWISE_BEZIER_KNOTS.) 
GEOMETRIC_REPRESENTATION_ITEM() RATIONAL_B_SPLINE_SURFACE((
    (1.,1.)
    ,(0.707106781187,0.707106781187)
,(1.,1.))) REPRESENTATION_ITEM('') SURFACE() );
#1561 = CARTESIAN_POINT('',(-0.875,0.78,9.999999999941E-08));
#1562 = CARTESIAN_POINT('',(-0.875,0.78,1.00001E-02));
#1563 = CARTESIAN_POINT('',(-0.875,0.905,9.999999999941E-08));
#1564 = CARTESIAN_POINT('',(-0.875,0.905,1.00001E-02));
#1565 = CARTESIAN_POINT('',(-1.,0.905,9.999999999941E-08));
#1566 = CARTESIAN_POINT('',(-1.,0.905,1.00001E-02));
#1567 = ADVANCED_FACE('',(#1568),#1590,.F.);
#1568 = FACE_BOUND('',#1569,.T.);
#1569 = EDGE_LOOP('',(#1570,#1571,#1578,#1585));
#1570 = ORIENTED_EDGE('',*,*,#1531,.F.);
#1571 = ORIENTED_EDGE('',*,*,#1572,.T.);
#1572 = EDGE_CURVE('',#1532,#1573,#1575,.T.);
#1573 = VERTEX_POINT('',#1574);
#1574 = CARTESIAN_POINT('',(-1.,0.955,1.00001E-02));
#1575 = B_SPLINE_CURVE_WITH_KNOTS('',1,(#1576,#1577),.UNSPECIFIED.,.F.,
  .F.,(2,2),(-5.E-02,0.),.PIECEWISE_BEZIER_KNOTS.);
#1576 = CARTESIAN_POINT('',(-1.,0.905,1.00001E-02));
#1577 = CARTESIAN_POINT('',(-1.,0.955,1.00001E-02));
#1578 = ORIENTED_EDGE('',*,*,#1579,.F.);
#1579 = EDGE_CURVE('',#1580,#1573,#1582,.T.);
#1580 = VERTEX_POINT('',#1581);
#1581 = CARTESIAN_POINT('',(-1.,0.955,1.000000000081E-07));
#1582 = B_SPLINE_CURVE_WITH_KNOTS('',1,(#1583,#1584),.UNSPECIFIED.,.F.,
  .F.,(2,2),(0.,1.E-02),.PIECEWISE_BEZIER_KNOTS.);
#1583 = CARTESIAN_POINT('',(-1.,0.955,1.000000000081E-07));
#1584 = CARTESIAN_POINT('',(-1.,0.955,1.00001E-02));
#1585 = ORIENTED_EDGE('',*,*,#1586,.F.);
#1586 = EDGE_CURVE('',#1534,#1580,#1587,.T.);
#1587 = B_SPLINE_CURVE_WITH_KNOTS('',1,(#1588,#1589),.UNSPECIFIED.,.F.,
  .F.,(2,2),(-5.E-02,0.),.PIECEWISE_BEZIER_KNOTS.);
#1588 = CARTESIAN_POINT('',(-1.,0.905,1.000000000081E-07));
#1589 = CARTESIAN_POINT('',(-1.,0.955,1.000000000081E-07));
#1590 = B_SPLINE_SURFACE_WITH_KNOTS('',1,1,(
    (#1591,#1592)
    ,(#1593,#1594
    )),.UNSPECIFIED.,.F.,.F.,.F.,(2,2),(2,2),(-1.E-02,0.),(-5.E-02,0.),
  .PIECEWISE_BEZIER_KNOTS.);
#1591 = CARTESIAN_POINT('',(-1.,0.905,1.00001E-02));
#1592 = CARTESIAN_POINT('',(-1.,0.955,1.00001E-02));
#1593 = CARTESIAN_POINT('',(-1.,0.905,1.000000000081E-07));
#1594 = CARTESIAN_POINT('',(-1.,0.955,1.000000000081E-07));
#1595 = ADVANCED_FACE('',(#1596),#1626,.F.);
#1596 = FACE_BOUND('',#1597,.T.);
#1597 = EDGE_LOOP('',(#1598,#1607,#1614,#1621));
#1598 = ORIENTED_EDGE('',*,*,#1599,.F.);
#1599 = EDGE_CURVE('',#1600,#1602,#1604,.T.);
#1600 = VERTEX_POINT('',#1601);
#1601 = CARTESIAN_POINT('',(-1.,0.655,1.000000000098E-07));
#1602 = VERTEX_POINT('',#1603);
#1603 = CARTESIAN_POINT('',(-1.,0.655,1.00001E-02));
#1604 = B_SPLINE_CURVE_WITH_KNOTS('',1,(#1605,#1606),.UNSPECIFIED.,.F.,
  .F.,(2,2),(0.2,0.21),.PIECEWISE_BEZIER_KNOTS.);
#1605 = CARTESIAN_POINT('',(-1.,0.655,9.999999999941E-08));
#1606 = CARTESIAN_POINT('',(-1.,0.655,1.00001E-02));
#1607 = ORIENTED_EDGE('',*,*,#1608,.F.);
#1608 = EDGE_CURVE('',#1609,#1600,#1611,.T.);
#1609 = VERTEX_POINT('',#1610);
#1610 = CARTESIAN_POINT('',(-1.,0.605,1.000000000081E-07));
#1611 = B_SPLINE_CURVE_WITH_KNOTS('',1,(#1612,#1613),.UNSPECIFIED.,.F.,
  .F.,(2,2),(-0.35,-0.3),.PIECEWISE_BEZIER_KNOTS.);
#1612 = CARTESIAN_POINT('',(-1.,0.605,1.000000000081E-07));
#1613 = CARTESIAN_POINT('',(-1.,0.655,1.000000000081E-07));
#1614 = ORIENTED_EDGE('',*,*,#1615,.T.);
#1615 = EDGE_CURVE('',#1609,#1616,#1618,.T.);
#1616 = VERTEX_POINT('',#1617);
#1617 = CARTESIAN_POINT('',(-1.,0.605,1.00001E-02));
#1618 = B_SPLINE_CURVE_WITH_KNOTS('',1,(#1619,#1620),.UNSPECIFIED.,.F.,
  .F.,(2,2),(0.,1.E-02),.PIECEWISE_BEZIER_KNOTS.);
#1619 = CARTESIAN_POINT('',(-1.,0.605,1.000000000081E-07));
#1620 = CARTESIAN_POINT('',(-1.,0.605,1.00001E-02));
#1621 = ORIENTED_EDGE('',*,*,#1622,.T.);
#1622 = EDGE_CURVE('',#1616,#1602,#1623,.T.);
#1623 = B_SPLINE_CURVE_WITH_KNOTS('',1,(#1624,#1625),.UNSPECIFIED.,.F.,
  .F.,(2,2),(-0.35,-0.3),.PIECEWISE_BEZIER_KNOTS.);
#1624 = CARTESIAN_POINT('',(-1.,0.605,1.00001E-02));
#1625 = CARTESIAN_POINT('',(-1.,0.655,1.00001E-02));
#1626 = B_SPLINE_SURFACE_WITH_KNOTS('',1,1,(
    (#1627,#1628)
    ,(#1629,#1630
    )),.UNSPECIFIED.,.F.,.F.,.F.,(2,2),(2,2),(-1.E-02,0.),(-0.35,-0.3),
  .PIECEWISE_BEZIER_KNOTS.);
#1627 = CARTESIAN_POINT('',(-1.,0.605,1.00001E-02));
#1628 = CARTESIAN_POINT('',(-1.,0.655,1.00001E-02));
#1629 = CARTESIAN_POINT('',(-1.,0.605,1.000000000081E-07));
#1630 = CARTESIAN_POINT('',(-1.,0.655,1.000000000081E-07));
#1631 = ADVANCED_FACE('',(#1632),#1662,.F.);
#1632 = FACE_BOUND('',#1633,.T.);
#1633 = EDGE_LOOP('',(#1634,#1643,#1650,#1657));
#1634 = ORIENTED_EDGE('',*,*,#1635,.T.);
#1635 = EDGE_CURVE('',#1636,#1638,#1640,.T.);
#1636 = VERTEX_POINT('',#1637);
#1637 = CARTESIAN_POINT('',(-0.3,0.955,1.00001E-02));
#1638 = VERTEX_POINT('',#1639);
#1639 = CARTESIAN_POINT('',(-0.3,0.605,1.00001E-02));
#1640 = B_SPLINE_CURVE_WITH_KNOTS('',1,(#1641,#1642),.UNSPECIFIED.,.F.,
  .F.,(2,2),(0.,0.35),.PIECEWISE_BEZIER_KNOTS.);
#1641 = CARTESIAN_POINT('',(-0.3,0.955,1.00001E-02));
#1642 = CARTESIAN_POINT('',(-0.3,0.605,1.00001E-02));
#1643 = ORIENTED_EDGE('',*,*,#1644,.F.);
#1644 = EDGE_CURVE('',#1645,#1638,#1647,.T.);
#1645 = VERTEX_POINT('',#1646);
#1646 = CARTESIAN_POINT('',(-0.3,0.605,1.000000000081E-07));
#1647 = B_SPLINE_CURVE_WITH_KNOTS('',1,(#1648,#1649),.UNSPECIFIED.,.F.,
  .F.,(2,2),(0.,1.E-02),.PIECEWISE_BEZIER_KNOTS.);
#1648 = CARTESIAN_POINT('',(-0.3,0.605,1.000000000081E-07));
#1649 = CARTESIAN_POINT('',(-0.3,0.605,1.00001E-02));
#1650 = ORIENTED_EDGE('',*,*,#1651,.F.);
#1651 = EDGE_CURVE('',#1652,#1645,#1654,.T.);
#1652 = VERTEX_POINT('',#1653);
#1653 = CARTESIAN_POINT('',(-0.3,0.955,1.000000000081E-07));
#1654 = B_SPLINE_CURVE_WITH_KNOTS('',1,(#1655,#1656),.UNSPECIFIED.,.F.,
  .F.,(2,2),(0.,0.35),.PIECEWISE_BEZIER_KNOTS.);
#1655 = CARTESIAN_POINT('',(-0.3,0.955,1.000000000081E-07));
#1656 = CARTESIAN_POINT('',(-0.3,0.605,1.000000000081E-07));
#1657 = ORIENTED_EDGE('',*,*,#1658,.T.);
#1658 = EDGE_CURVE('',#1652,#1636,#1659,.T.);
#1659 = B_SPLINE_CURVE_WITH_KNOTS('',1,(#1660,#1661),.UNSPECIFIED.,.F.,
  .F.,(2,2),(0.,1.E-02),.PIECEWISE_BEZIER_KNOTS.);
#1660 = CARTESIAN_POINT('',(-0.3,0.955,1.000000000081E-07));
#1661 = CARTESIAN_POINT('',(-0.3,0.955,1.00001E-02));
#1662 = B_SPLINE_SURFACE_WITH_KNOTS('',1,1,(
    (#1663,#1664)
    ,(#1665,#1666
    )),.UNSPECIFIED.,.F.,.F.,.F.,(2,2),(2,2),(0.,0.35),(0.,1.E-02),
  .PIECEWISE_BEZIER_KNOTS.);
#1663 = CARTESIAN_POINT('',(-0.3,0.955,1.000000000081E-07));
#1664 = CARTESIAN_POINT('',(-0.3,0.955,1.00001E-02));
#1665 = CARTESIAN_POINT('',(-0.3,0.605,1.000000000081E-07));
#1666 = CARTESIAN_POINT('',(-0.3,0.605,1.00001E-02));
#1667 = ADVANCED_FACE('',(#1668),#1682,.F.);
#1668 = FACE_BOUND('',#1669,.T.);
#1669 = EDGE_LOOP('',(#1670,#1675,#1676,#1681));
#1670 = ORIENTED_EDGE('',*,*,#1671,.T.);
#1671 = EDGE_CURVE('',#1638,#1616,#1672,.T.);
#1672 = B_SPLINE_CURVE_WITH_KNOTS('',1,(#1673,#1674),.UNSPECIFIED.,.F.,
  .F.,(2,2),(0.,0.7),.PIECEWISE_BEZIER_KNOTS.);
#1673 = CARTESIAN_POINT('',(-0.3,0.605,1.00001E-02));
#1674 = CARTESIAN_POINT('',(-1.,0.605,1.00001E-02));
#1675 = ORIENTED_EDGE('',*,*,#1615,.F.);
#1676 = ORIENTED_EDGE('',*,*,#1677,.F.);
#1677 = EDGE_CURVE('',#1645,#1609,#1678,.T.);
#1678 = B_SPLINE_CURVE_WITH_KNOTS('',1,(#1679,#1680),.UNSPECIFIED.,.F.,
  .F.,(2,2),(0.,0.7),.PIECEWISE_BEZIER_KNOTS.);
#1679 = CARTESIAN_POINT('',(-0.3,0.605,1.000000000081E-07));
#1680 = CARTESIAN_POINT('',(-1.,0.605,1.000000000081E-07));
#1681 = ORIENTED_EDGE('',*,*,#1644,.T.);
#1682 = B_SPLINE_SURFACE_WITH_KNOTS('',1,1,(
    (#1683,#1684)
    ,(#1685,#1686
    )),.UNSPECIFIED.,.F.,.F.,.F.,(2,2),(2,2),(0.,1.E-02),(-0.7,0.),
  .PIECEWISE_BEZIER_KNOTS.);
#1683 = CARTESIAN_POINT('',(-1.,0.605,1.000000000081E-07));
#1684 = CARTESIAN_POINT('',(-0.3,0.605,1.000000000081E-07));
#1685 = CARTESIAN_POINT('',(-1.,0.605,1.00001E-02));
#1686 = CARTESIAN_POINT('',(-0.3,0.605,1.00001E-02));
#1687 = ADVANCED_FACE('',(#1688),#1702,.F.);
#1688 = FACE_BOUND('',#1689,.T.);
#1689 = EDGE_LOOP('',(#1690,#1695,#1696,#1701));
#1690 = ORIENTED_EDGE('',*,*,#1691,.T.);
#1691 = EDGE_CURVE('',#1573,#1636,#1692,.T.);
#1692 = B_SPLINE_CURVE_WITH_KNOTS('',1,(#1693,#1694),.UNSPECIFIED.,.F.,
  .F.,(2,2),(-0.7,0.),.PIECEWISE_BEZIER_KNOTS.);
#1693 = CARTESIAN_POINT('',(-1.,0.955,1.00001E-02));
#1694 = CARTESIAN_POINT('',(-0.3,0.955,1.00001E-02));
#1695 = ORIENTED_EDGE('',*,*,#1658,.F.);
#1696 = ORIENTED_EDGE('',*,*,#1697,.F.);
#1697 = EDGE_CURVE('',#1580,#1652,#1698,.T.);
#1698 = B_SPLINE_CURVE_WITH_KNOTS('',1,(#1699,#1700),.UNSPECIFIED.,.F.,
  .F.,(2,2),(-0.7,0.),.PIECEWISE_BEZIER_KNOTS.);
#1699 = CARTESIAN_POINT('',(-1.,0.955,1.000000000081E-07));
#1700 = CARTESIAN_POINT('',(-0.3,0.955,1.000000000081E-07));
#1701 = ORIENTED_EDGE('',*,*,#1579,.T.);
#1702 = B_SPLINE_SURFACE_WITH_KNOTS('',1,1,(
    (#1703,#1704)
    ,(#1705,#1706
    )),.UNSPECIFIED.,.F.,.F.,.F.,(2,2),(2,2),(-0.7,0.),(0.,1.E-02),
  .PIECEWISE_BEZIER_KNOTS.);
#1703 = CARTESIAN_POINT('',(-1.,0.955,1.000000000081E-07));
#1704 = CARTESIAN_POINT('',(-1.,0.955,1.00001E-02));
#1705 = CARTESIAN_POINT('',(-0.3,0.955,1.000000000081E-07));
#1706 = CARTESIAN_POINT('',(-0.3,0.955,1.00001E-02));
#1707 = ADVANCED_FACE('',(#1708),#1722,.T.);
#1708 = FACE_BOUND('',#1709,.T.);
#1709 = EDGE_LOOP('',(#1710,#1711,#1717,#1718,#1719,#1720,#1721));
#1710 = ORIENTED_EDGE('',*,*,#1608,.T.);
#1711 = ORIENTED_EDGE('',*,*,#1712,.T.);
#1712 = EDGE_CURVE('',#1600,#1549,#1713,.T.);
#1713 = ( BOUNDED_CURVE() B_SPLINE_CURVE(2,(#1714,#1715,#1716),
.UNSPECIFIED.,.F.,.F.) B_SPLINE_CURVE_WITH_KNOTS((3,3),(1.570796326795,
3.14159265359),.PIECEWISE_BEZIER_KNOTS.) CURVE() 
GEOMETRIC_REPRESENTATION_ITEM() RATIONAL_B_SPLINE_CURVE((1.,
0.707106781187,1.)) REPRESENTATION_ITEM('') );
#1714 = CARTESIAN_POINT('',(-1.,0.655,1.000000000098E-07));
#1715 = CARTESIAN_POINT('',(-0.875,0.655,1.000000000098E-07));
#1716 = CARTESIAN_POINT('',(-0.875,0.78,1.000000000098E-07));
#1717 = ORIENTED_EDGE('',*,*,#1555,.T.);
#1718 = ORIENTED_EDGE('',*,*,#1586,.T.);
#1719 = ORIENTED_EDGE('',*,*,#1697,.T.);
#1720 = ORIENTED_EDGE('',*,*,#1651,.T.);
#1721 = ORIENTED_EDGE('',*,*,#1677,.T.);
#1722 = B_SPLINE_SURFACE_WITH_KNOTS('',1,1,(
    (#1723,#1724)
    ,(#1725,#1726
    )),.UNSPECIFIED.,.F.,.F.,.F.,(2,2),(2,2),(0.3,1.),(0.6,0.95),
  .PIECEWISE_BEZIER_KNOTS.);
#1723 = CARTESIAN_POINT('',(-0.3,0.605,1.000000000081E-07));
#1724 = CARTESIAN_POINT('',(-0.3,0.955,1.000000000081E-07));
#1725 = CARTESIAN_POINT('',(-1.,0.605,1.000000000081E-07));
#1726 = CARTESIAN_POINT('',(-1.,0.955,1.000000000081E-07));
#1727 = ADVANCED_FACE('',(#1728),#1742,.F.);
#1728 = FACE_BOUND('',#1729,.T.);
#1729 = EDGE_LOOP('',(#1730,#1736,#1737,#1738,#1739,#1740,#1741));
#1730 = ORIENTED_EDGE('',*,*,#1731,.F.);
#1731 = EDGE_CURVE('',#1602,#1541,#1732,.T.);
#1732 = ( BOUNDED_CURVE() B_SPLINE_CURVE(2,(#1733,#1734,#1735),
.UNSPECIFIED.,.F.,.F.) B_SPLINE_CURVE_WITH_KNOTS((3,3),(1.570796326795,
3.14159265359),.PIECEWISE_BEZIER_KNOTS.) CURVE() 
GEOMETRIC_REPRESENTATION_ITEM() RATIONAL_B_SPLINE_CURVE((1.,
0.707106781187,1.)) REPRESENTATION_ITEM('') );
#1733 = CARTESIAN_POINT('',(-1.,0.655,1.00001E-02));
#1734 = CARTESIAN_POINT('',(-0.875,0.655,1.00001E-02));
#1735 = CARTESIAN_POINT('',(-0.875,0.78,1.00001E-02));
#1736 = ORIENTED_EDGE('',*,*,#1622,.F.);
#1737 = ORIENTED_EDGE('',*,*,#1671,.F.);
#1738 = ORIENTED_EDGE('',*,*,#1635,.F.);
#1739 = ORIENTED_EDGE('',*,*,#1691,.F.);
#1740 = ORIENTED_EDGE('',*,*,#1572,.F.);
#1741 = ORIENTED_EDGE('',*,*,#1540,.F.);
#1742 = B_SPLINE_SURFACE_WITH_KNOTS('',1,1,(
    (#1743,#1744)
    ,(#1745,#1746
    )),.UNSPECIFIED.,.F.,.F.,.F.,(2,2),(2,2),(0.3,1.),(0.6,0.95),
  .PIECEWISE_BEZIER_KNOTS.);
#1743 = CARTESIAN_POINT('',(-0.3,0.605,1.00001E-02));
#1744 = CARTESIAN_POINT('',(-0.3,0.955,1.00001E-02));
#1745 = CARTESIAN_POINT('',(-1.,0.605,1.00001E-02));
#1746 = CARTESIAN_POINT('',(-1.,0.955,1.00001E-02));
#1747 = ADVANCED_FACE('',(#1748),#1754,.F.);
#1748 = FACE_BOUND('',#1749,.F.);
#1749 = EDGE_LOOP('',(#1750,#1751,#1752,#1753));
#1750 = ORIENTED_EDGE('',*,*,#1731,.F.);
#1751 = ORIENTED_EDGE('',*,*,#1599,.F.);
#1752 = ORIENTED_EDGE('',*,*,#1712,.T.);
#1753 = ORIENTED_EDGE('',*,*,#1548,.T.);
#1754 = ( BOUNDED_SURFACE() B_SPLINE_SURFACE(2,1,(
    (#1755,#1756)
    ,(#1757,#1758)
    ,(#1759,#1760
)),.UNSPECIFIED.,.F.,.F.,.F.) B_SPLINE_SURFACE_WITH_KNOTS((3,3),(2,2),(
    4.712388980385,6.28318530718),(0.2,0.21),.PIECEWISE_BEZIER_KNOTS.) 
GEOMETRIC_REPRESENTATION_ITEM() RATIONAL_B_SPLINE_SURFACE((
    (1.,1.)
    ,(0.707106781187,0.707106781187)
,(1.,1.))) REPRESENTATION_ITEM('') SURFACE() );
#1755 = CARTESIAN_POINT('',(-1.,0.655,9.999999999941E-08));
#1756 = CARTESIAN_POINT('',(-1.,0.655,1.00001E-02));
#1757 = CARTESIAN_POINT('',(-0.875,0.655,9.999999999941E-08));
#1758 = CARTESIAN_POINT('',(-0.875,0.655,1.00001E-02));
#1759 = CARTESIAN_POINT('',(-0.875,0.78,9.999999999941E-08));
#1760 = CARTESIAN_POINT('',(-0.875,0.78,1.00001E-02));
#1761 = MANIFOLD_SOLID_BREP('',#1762);
#1762 = CLOSED_SHELL('',(#1763,#1803,#1831,#1867,#1903,#1923,#1943,#1963
    ,#1983));
#1763 = ADVANCED_FACE('',(#1764),#1796,.F.);
#1764 = FACE_BOUND('',#1765,.F.);
#1765 = EDGE_LOOP('',(#1766,#1775,#1783,#1790));
#1766 = ORIENTED_EDGE('',*,*,#1767,.F.);
#1767 = EDGE_CURVE('',#1768,#1770,#1772,.T.);
#1768 = VERTEX_POINT('',#1769);
#1769 = CARTESIAN_POINT('',(-1.,0.13,1.00001E-02));
#1770 = VERTEX_POINT('',#1771);
#1771 = CARTESIAN_POINT('',(-1.,0.13,1.000000000098E-07));
#1772 = B_SPLINE_CURVE_WITH_KNOTS('',1,(#1773,#1774),.UNSPECIFIED.,.F.,
  .F.,(2,2),(-0.21,-0.2),.PIECEWISE_BEZIER_KNOTS.);
#1773 = CARTESIAN_POINT('',(-1.,0.13,1.00001E-02));
#1774 = CARTESIAN_POINT('',(-1.,0.13,9.999999999941E-08));
#1775 = ORIENTED_EDGE('',*,*,#1776,.F.);
#1776 = EDGE_CURVE('',#1777,#1768,#1779,.T.);
#1777 = VERTEX_POINT('',#1778);
#1778 = CARTESIAN_POINT('',(-0.875,5.E-03,1.00001E-02));
#1779 = ( BOUNDED_CURVE() B_SPLINE_CURVE(2,(#1780,#1781,#1782),
.UNSPECIFIED.,.F.,.F.) B_SPLINE_CURVE_WITH_KNOTS((3,3),(3.14159265359,
4.712388980385),.PIECEWISE_BEZIER_KNOTS.) CURVE() 
GEOMETRIC_REPRESENTATION_ITEM() RATIONAL_B_SPLINE_CURVE((1.,
0.707106781187,1.)) REPRESENTATION_ITEM('') );
#1780 = CARTESIAN_POINT('',(-0.875,5.E-03,1.00001E-02));
#1781 = CARTESIAN_POINT('',(-0.875,0.13,1.00001E-02));
#1782 = CARTESIAN_POINT('',(-1.,0.13,1.00001E-02));
#1783 = ORIENTED_EDGE('',*,*,#1784,.F.);
#1784 = EDGE_CURVE('',#1785,#1777,#1787,.T.);
#1785 = VERTEX_POINT('',#1786);
#1786 = CARTESIAN_POINT('',(-0.875,5.E-03,1.000000000098E-07));
#1787 = B_SPLINE_CURVE_WITH_KNOTS('',1,(#1788,#1789),.UNSPECIFIED.,.F.,
  .F.,(2,2),(0.2,0.21),.PIECEWISE_BEZIER_KNOTS.);
#1788 = CARTESIAN_POINT('',(-0.875,5.E-03,9.999999999941E-08));
#1789 = CARTESIAN_POINT('',(-0.875,5.E-03,1.00001E-02));
#1790 = ORIENTED_EDGE('',*,*,#1791,.T.);
#1791 = EDGE_CURVE('',#1785,#1770,#1792,.T.);
#1792 = ( BOUNDED_CURVE() B_SPLINE_CURVE(2,(#1793,#1794,#1795),
.UNSPECIFIED.,.F.,.F.) B_SPLINE_CURVE_WITH_KNOTS((3,3),(3.14159265359,
4.712388980385),.PIECEWISE_BEZIER_KNOTS.) CURVE() 
GEOMETRIC_REPRESENTATION_ITEM() RATIONAL_B_SPLINE_CURVE((1.,
0.707106781187,1.)) REPRESENTATION_ITEM('') );
#1793 = CARTESIAN_POINT('',(-0.875,5.E-03,1.000000000098E-07));
#1794 = CARTESIAN_POINT('',(-0.875,0.13,1.000000000098E-07));
#1795 = CARTESIAN_POINT('',(-1.,0.13,1.000000000098E-07));
#1796 = ( BOUNDED_SURFACE() B_SPLINE_SURFACE(2,1,(
    (#1797,#1798)
    ,(#1799,#1800)
    ,(#1801,#1802
)),.UNSPECIFIED.,.F.,.F.,.F.) B_SPLINE_SURFACE_WITH_KNOTS((3,3),(2,2),(
    0.,1.570796326795),(0.2,0.21),.PIECEWISE_BEZIER_KNOTS.) 
GEOMETRIC_REPRESENTATION_ITEM() RATIONAL_B_SPLINE_SURFACE((
    (1.,1.)
    ,(0.707106781187,0.707106781187)
,(1.,1.))) REPRESENTATION_ITEM('') SURFACE() );
#1797 = CARTESIAN_POINT('',(-0.875,5.E-03,9.999999999941E-08));
#1798 = CARTESIAN_POINT('',(-0.875,5.E-03,1.00001E-02));
#1799 = CARTESIAN_POINT('',(-0.875,0.13,9.999999999941E-08));
#1800 = CARTESIAN_POINT('',(-0.875,0.13,1.00001E-02));
#1801 = CARTESIAN_POINT('',(-1.,0.13,9.999999999941E-08));
#1802 = CARTESIAN_POINT('',(-1.,0.13,1.00001E-02));
#1803 = ADVANCED_FACE('',(#1804),#1826,.F.);
#1804 = FACE_BOUND('',#1805,.T.);
#1805 = EDGE_LOOP('',(#1806,#1807,#1814,#1821));
#1806 = ORIENTED_EDGE('',*,*,#1767,.F.);
#1807 = ORIENTED_EDGE('',*,*,#1808,.T.);
#1808 = EDGE_CURVE('',#1768,#1809,#1811,.T.);
#1809 = VERTEX_POINT('',#1810);
#1810 = CARTESIAN_POINT('',(-1.,0.205,1.00001E-02));
#1811 = B_SPLINE_CURVE_WITH_KNOTS('',1,(#1812,#1813),.UNSPECIFIED.,.F.,
  .F.,(2,2),(-7.5E-02,0.),.PIECEWISE_BEZIER_KNOTS.);
#1812 = CARTESIAN_POINT('',(-1.,0.13,1.00001E-02));
#1813 = CARTESIAN_POINT('',(-1.,0.205,1.00001E-02));
#1814 = ORIENTED_EDGE('',*,*,#1815,.F.);
#1815 = EDGE_CURVE('',#1816,#1809,#1818,.T.);
#1816 = VERTEX_POINT('',#1817);
#1817 = CARTESIAN_POINT('',(-1.,0.205,1.000000000081E-07));
#1818 = B_SPLINE_CURVE_WITH_KNOTS('',1,(#1819,#1820),.UNSPECIFIED.,.F.,
  .F.,(2,2),(0.,1.E-02),.PIECEWISE_BEZIER_KNOTS.);
#1819 = CARTESIAN_POINT('',(-1.,0.205,1.000000000081E-07));
#1820 = CARTESIAN_POINT('',(-1.,0.205,1.00001E-02));
#1821 = ORIENTED_EDGE('',*,*,#1822,.F.);
#1822 = EDGE_CURVE('',#1770,#1816,#1823,.T.);
#1823 = B_SPLINE_CURVE_WITH_KNOTS('',1,(#1824,#1825),.UNSPECIFIED.,.F.,
  .F.,(2,2),(-7.5E-02,0.),.PIECEWISE_BEZIER_KNOTS.);
#1824 = CARTESIAN_POINT('',(-1.,0.13,1.000000000081E-07));
#1825 = CARTESIAN_POINT('',(-1.,0.205,1.000000000081E-07));
#1826 = B_SPLINE_SURFACE_WITH_KNOTS('',1,1,(
    (#1827,#1828)
    ,(#1829,#1830
    )),.UNSPECIFIED.,.F.,.F.,.F.,(2,2),(2,2),(-1.E-02,0.),(-7.5E-02,0.),
  .PIECEWISE_BEZIER_KNOTS.);
#1827 = CARTESIAN_POINT('',(-1.,0.13,1.00001E-02));
#1828 = CARTESIAN_POINT('',(-1.,0.205,1.00001E-02));
#1829 = CARTESIAN_POINT('',(-1.,0.13,1.000000000081E-07));
#1830 = CARTESIAN_POINT('',(-1.,0.205,1.000000000081E-07));
#1831 = ADVANCED_FACE('',(#1832),#1862,.F.);
#1832 = FACE_BOUND('',#1833,.T.);
#1833 = EDGE_LOOP('',(#1834,#1843,#1850,#1857));
#1834 = ORIENTED_EDGE('',*,*,#1835,.F.);
#1835 = EDGE_CURVE('',#1836,#1838,#1840,.T.);
#1836 = VERTEX_POINT('',#1837);
#1837 = CARTESIAN_POINT('',(-1.,-0.12,1.000000000098E-07));
#1838 = VERTEX_POINT('',#1839);
#1839 = CARTESIAN_POINT('',(-1.,-0.12,1.00001E-02));
#1840 = B_SPLINE_CURVE_WITH_KNOTS('',1,(#1841,#1842),.UNSPECIFIED.,.F.,
  .F.,(2,2),(0.2,0.21),.PIECEWISE_BEZIER_KNOTS.);
#1841 = CARTESIAN_POINT('',(-1.,-0.12,9.999999999941E-08));
#1842 = CARTESIAN_POINT('',(-1.,-0.12,1.00001E-02));
#1843 = ORIENTED_EDGE('',*,*,#1844,.F.);
#1844 = EDGE_CURVE('',#1845,#1836,#1847,.T.);
#1845 = VERTEX_POINT('',#1846);
#1846 = CARTESIAN_POINT('',(-1.,-0.195,1.000000000081E-07));
#1847 = B_SPLINE_CURVE_WITH_KNOTS('',1,(#1848,#1849),.UNSPECIFIED.,.F.,
  .F.,(2,2),(-0.4,-0.325),.PIECEWISE_BEZIER_KNOTS.);
#1848 = CARTESIAN_POINT('',(-1.,-0.195,1.000000000081E-07));
#1849 = CARTESIAN_POINT('',(-1.,-0.12,1.000000000081E-07));
#1850 = ORIENTED_EDGE('',*,*,#1851,.T.);
#1851 = EDGE_CURVE('',#1845,#1852,#1854,.T.);
#1852 = VERTEX_POINT('',#1853);
#1853 = CARTESIAN_POINT('',(-1.,-0.195,1.00001E-02));
#1854 = B_SPLINE_CURVE_WITH_KNOTS('',1,(#1855,#1856),.UNSPECIFIED.,.F.,
  .F.,(2,2),(0.,1.E-02),.PIECEWISE_BEZIER_KNOTS.);
#1855 = CARTESIAN_POINT('',(-1.,-0.195,1.000000000081E-07));
#1856 = CARTESIAN_POINT('',(-1.,-0.195,1.00001E-02));
#1857 = ORIENTED_EDGE('',*,*,#1858,.T.);
#1858 = EDGE_CURVE('',#1852,#1838,#1859,.T.);
#1859 = B_SPLINE_CURVE_WITH_KNOTS('',1,(#1860,#1861),.UNSPECIFIED.,.F.,
  .F.,(2,2),(-0.4,-0.325),.PIECEWISE_BEZIER_KNOTS.);
#1860 = CARTESIAN_POINT('',(-1.,-0.195,1.00001E-02));
#1861 = CARTESIAN_POINT('',(-1.,-0.12,1.00001E-02));
#1862 = B_SPLINE_SURFACE_WITH_KNOTS('',1,1,(
    (#1863,#1864)
    ,(#1865,#1866
    )),.UNSPECIFIED.,.F.,.F.,.F.,(2,2),(2,2),(-1.E-02,0.),(-0.4,-0.325),
  .PIECEWISE_BEZIER_KNOTS.);
#1863 = CARTESIAN_POINT('',(-1.,-0.195,1.00001E-02));
#1864 = CARTESIAN_POINT('',(-1.,-0.12,1.00001E-02));
#1865 = CARTESIAN_POINT('',(-1.,-0.195,1.000000000081E-07));
#1866 = CARTESIAN_POINT('',(-1.,-0.12,1.000000000081E-07));
#1867 = ADVANCED_FACE('',(#1868),#1898,.F.);
#1868 = FACE_BOUND('',#1869,.T.);
#1869 = EDGE_LOOP('',(#1870,#1879,#1886,#1893));
#1870 = ORIENTED_EDGE('',*,*,#1871,.T.);
#1871 = EDGE_CURVE('',#1872,#1874,#1876,.T.);
#1872 = VERTEX_POINT('',#1873);
#1873 = CARTESIAN_POINT('',(-0.3,0.205,1.00001E-02));
#1874 = VERTEX_POINT('',#1875);
#1875 = CARTESIAN_POINT('',(-0.3,-0.195,1.00001E-02));
#1876 = B_SPLINE_CURVE_WITH_KNOTS('',1,(#1877,#1878),.UNSPECIFIED.,.F.,
  .F.,(2,2),(0.,0.4),.PIECEWISE_BEZIER_KNOTS.);
#1877 = CARTESIAN_POINT('',(-0.3,0.205,1.00001E-02));
#1878 = CARTESIAN_POINT('',(-0.3,-0.195,1.00001E-02));
#1879 = ORIENTED_EDGE('',*,*,#1880,.F.);
#1880 = EDGE_CURVE('',#1881,#1874,#1883,.T.);
#1881 = VERTEX_POINT('',#1882);
#1882 = CARTESIAN_POINT('',(-0.3,-0.195,1.000000000081E-07));
#1883 = B_SPLINE_CURVE_WITH_KNOTS('',1,(#1884,#1885),.UNSPECIFIED.,.F.,
  .F.,(2,2),(0.,1.E-02),.PIECEWISE_BEZIER_KNOTS.);
#1884 = CARTESIAN_POINT('',(-0.3,-0.195,1.000000000081E-07));
#1885 = CARTESIAN_POINT('',(-0.3,-0.195,1.00001E-02));
#1886 = ORIENTED_EDGE('',*,*,#1887,.F.);
#1887 = EDGE_CURVE('',#1888,#1881,#1890,.T.);
#1888 = VERTEX_POINT('',#1889);
#1889 = CARTESIAN_POINT('',(-0.3,0.205,1.000000000081E-07));
#1890 = B_SPLINE_CURVE_WITH_KNOTS('',1,(#1891,#1892),.UNSPECIFIED.,.F.,
  .F.,(2,2),(0.,0.4),.PIECEWISE_BEZIER_KNOTS.);
#1891 = CARTESIAN_POINT('',(-0.3,0.205,1.000000000081E-07));
#1892 = CARTESIAN_POINT('',(-0.3,-0.195,1.000000000081E-07));
#1893 = ORIENTED_EDGE('',*,*,#1894,.T.);
#1894 = EDGE_CURVE('',#1888,#1872,#1895,.T.);
#1895 = B_SPLINE_CURVE_WITH_KNOTS('',1,(#1896,#1897),.UNSPECIFIED.,.F.,
  .F.,(2,2),(0.,1.E-02),.PIECEWISE_BEZIER_KNOTS.);
#1896 = CARTESIAN_POINT('',(-0.3,0.205,1.000000000081E-07));
#1897 = CARTESIAN_POINT('',(-0.3,0.205,1.00001E-02));
#1898 = B_SPLINE_SURFACE_WITH_KNOTS('',1,1,(
    (#1899,#1900)
    ,(#1901,#1902
    )),.UNSPECIFIED.,.F.,.F.,.F.,(2,2),(2,2),(0.,1.E-02),(-0.4,0.),
  .PIECEWISE_BEZIER_KNOTS.);
#1899 = CARTESIAN_POINT('',(-0.3,-0.195,1.000000000081E-07));
#1900 = CARTESIAN_POINT('',(-0.3,0.205,1.000000000081E-07));
#1901 = CARTESIAN_POINT('',(-0.3,-0.195,1.00001E-02));
#1902 = CARTESIAN_POINT('',(-0.3,0.205,1.00001E-02));
#1903 = ADVANCED_FACE('',(#1904),#1918,.F.);
#1904 = FACE_BOUND('',#1905,.T.);
#1905 = EDGE_LOOP('',(#1906,#1911,#1912,#1917));
#1906 = ORIENTED_EDGE('',*,*,#1907,.T.);
#1907 = EDGE_CURVE('',#1874,#1852,#1908,.T.);
#1908 = B_SPLINE_CURVE_WITH_KNOTS('',1,(#1909,#1910),.UNSPECIFIED.,.F.,
  .F.,(2,2),(0.,0.7),.PIECEWISE_BEZIER_KNOTS.);
#1909 = CARTESIAN_POINT('',(-0.3,-0.195,1.00001E-02));
#1910 = CARTESIAN_POINT('',(-1.,-0.195,1.00001E-02));
#1911 = ORIENTED_EDGE('',*,*,#1851,.F.);
#1912 = ORIENTED_EDGE('',*,*,#1913,.F.);
#1913 = EDGE_CURVE('',#1881,#1845,#1914,.T.);
#1914 = B_SPLINE_CURVE_WITH_KNOTS('',1,(#1915,#1916),.UNSPECIFIED.,.F.,
  .F.,(2,2),(0.,0.7),.PIECEWISE_BEZIER_KNOTS.);
#1915 = CARTESIAN_POINT('',(-0.3,-0.195,1.000000000081E-07));
#1916 = CARTESIAN_POINT('',(-1.,-0.195,1.000000000081E-07));
#1917 = ORIENTED_EDGE('',*,*,#1880,.T.);
#1918 = B_SPLINE_SURFACE_WITH_KNOTS('',1,1,(
    (#1919,#1920)
    ,(#1921,#1922
    )),.UNSPECIFIED.,.F.,.F.,.F.,(2,2),(2,2),(0.,0.7),(0.,1.E-02),
  .PIECEWISE_BEZIER_KNOTS.);
#1919 = CARTESIAN_POINT('',(-0.3,-0.195,1.000000000081E-07));
#1920 = CARTESIAN_POINT('',(-0.3,-0.195,1.00001E-02));
#1921 = CARTESIAN_POINT('',(-1.,-0.195,1.000000000081E-07));
#1922 = CARTESIAN_POINT('',(-1.,-0.195,1.00001E-02));
#1923 = ADVANCED_FACE('',(#1924),#1938,.F.);
#1924 = FACE_BOUND('',#1925,.T.);
#1925 = EDGE_LOOP('',(#1926,#1931,#1932,#1937));
#1926 = ORIENTED_EDGE('',*,*,#1927,.T.);
#1927 = EDGE_CURVE('',#1809,#1872,#1928,.T.);
#1928 = B_SPLINE_CURVE_WITH_KNOTS('',1,(#1929,#1930),.UNSPECIFIED.,.F.,
  .F.,(2,2),(-0.7,0.),.PIECEWISE_BEZIER_KNOTS.);
#1929 = CARTESIAN_POINT('',(-1.,0.205,1.00001E-02));
#1930 = CARTESIAN_POINT('',(-0.3,0.205,1.00001E-02));
#1931 = ORIENTED_EDGE('',*,*,#1894,.F.);
#1932 = ORIENTED_EDGE('',*,*,#1933,.F.);
#1933 = EDGE_CURVE('',#1816,#1888,#1934,.T.);
#1934 = B_SPLINE_CURVE_WITH_KNOTS('',1,(#1935,#1936),.UNSPECIFIED.,.F.,
  .F.,(2,2),(-0.7,0.),.PIECEWISE_BEZIER_KNOTS.);
#1935 = CARTESIAN_POINT('',(-1.,0.205,1.000000000081E-07));
#1936 = CARTESIAN_POINT('',(-0.3,0.205,1.000000000081E-07));
#1937 = ORIENTED_EDGE('',*,*,#1815,.T.);
#1938 = B_SPLINE_SURFACE_WITH_KNOTS('',1,1,(
    (#1939,#1940)
    ,(#1941,#1942
    )),.UNSPECIFIED.,.F.,.F.,.F.,(2,2),(2,2),(-0.7,0.),(0.,1.E-02),
  .PIECEWISE_BEZIER_KNOTS.);
#1939 = CARTESIAN_POINT('',(-1.,0.205,1.000000000081E-07));
#1940 = CARTESIAN_POINT('',(-1.,0.205,1.00001E-02));
#1941 = CARTESIAN_POINT('',(-0.3,0.205,1.000000000081E-07));
#1942 = CARTESIAN_POINT('',(-0.3,0.205,1.00001E-02));
#1943 = ADVANCED_FACE('',(#1944),#1958,.T.);
#1944 = FACE_BOUND('',#1945,.T.);
#1945 = EDGE_LOOP('',(#1946,#1947,#1953,#1954,#1955,#1956,#1957));
#1946 = ORIENTED_EDGE('',*,*,#1844,.T.);
#1947 = ORIENTED_EDGE('',*,*,#1948,.T.);
#1948 = EDGE_CURVE('',#1836,#1785,#1949,.T.);
#1949 = ( BOUNDED_CURVE() B_SPLINE_CURVE(2,(#1950,#1951,#1952),
.UNSPECIFIED.,.F.,.F.) B_SPLINE_CURVE_WITH_KNOTS((3,3),(1.570796326795,
3.14159265359),.PIECEWISE_BEZIER_KNOTS.) CURVE() 
GEOMETRIC_REPRESENTATION_ITEM() RATIONAL_B_SPLINE_CURVE((1.,
0.707106781187,1.)) REPRESENTATION_ITEM('') );
#1950 = CARTESIAN_POINT('',(-1.,-0.12,1.000000000098E-07));
#1951 = CARTESIAN_POINT('',(-0.875,-0.12,1.000000000098E-07));
#1952 = CARTESIAN_POINT('',(-0.875,5.E-03,1.000000000098E-07));
#1953 = ORIENTED_EDGE('',*,*,#1791,.T.);
#1954 = ORIENTED_EDGE('',*,*,#1822,.T.);
#1955 = ORIENTED_EDGE('',*,*,#1933,.T.);
#1956 = ORIENTED_EDGE('',*,*,#1887,.T.);
#1957 = ORIENTED_EDGE('',*,*,#1913,.T.);
#1958 = B_SPLINE_SURFACE_WITH_KNOTS('',1,1,(
    (#1959,#1960)
    ,(#1961,#1962
    )),.UNSPECIFIED.,.F.,.F.,.F.,(2,2),(2,2),(0.3,1.),(-0.2,0.2),
  .PIECEWISE_BEZIER_KNOTS.);
#1959 = CARTESIAN_POINT('',(-0.3,-0.195,1.000000000081E-07));
#1960 = CARTESIAN_POINT('',(-0.3,0.205,1.000000000081E-07));
#1961 = CARTESIAN_POINT('',(-1.,-0.195,1.000000000081E-07));
#1962 = CARTESIAN_POINT('',(-1.,0.205,1.000000000081E-07));
#1963 = ADVANCED_FACE('',(#1964),#1978,.F.);
#1964 = FACE_BOUND('',#1965,.T.);
#1965 = EDGE_LOOP('',(#1966,#1972,#1973,#1974,#1975,#1976,#1977));
#1966 = ORIENTED_EDGE('',*,*,#1967,.F.);
#1967 = EDGE_CURVE('',#1838,#1777,#1968,.T.);
#1968 = ( BOUNDED_CURVE() B_SPLINE_CURVE(2,(#1969,#1970,#1971),
.UNSPECIFIED.,.F.,.F.) B_SPLINE_CURVE_WITH_KNOTS((3,3),(1.570796326795,
3.14159265359),.PIECEWISE_BEZIER_KNOTS.) CURVE() 
GEOMETRIC_REPRESENTATION_ITEM() RATIONAL_B_SPLINE_CURVE((1.,
0.707106781187,1.)) REPRESENTATION_ITEM('') );
#1969 = CARTESIAN_POINT('',(-1.,-0.12,1.00001E-02));
#1970 = CARTESIAN_POINT('',(-0.875,-0.12,1.00001E-02));
#1971 = CARTESIAN_POINT('',(-0.875,5.E-03,1.00001E-02));
#1972 = ORIENTED_EDGE('',*,*,#1858,.F.);
#1973 = ORIENTED_EDGE('',*,*,#1907,.F.);
#1974 = ORIENTED_EDGE('',*,*,#1871,.F.);
#1975 = ORIENTED_EDGE('',*,*,#1927,.F.);
#1976 = ORIENTED_EDGE('',*,*,#1808,.F.);
#1977 = ORIENTED_EDGE('',*,*,#1776,.F.);
#1978 = B_SPLINE_SURFACE_WITH_KNOTS('',1,1,(
    (#1979,#1980)
    ,(#1981,#1982
    )),.UNSPECIFIED.,.F.,.F.,.F.,(2,2),(2,2),(0.3,1.),(-0.2,0.2),
  .PIECEWISE_BEZIER_KNOTS.);
#1979 = CARTESIAN_POINT('',(-0.3,-0.195,1.00001E-02));
#1980 = CARTESIAN_POINT('',(-0.3,0.205,1.00001E-02));
#1981 = CARTESIAN_POINT('',(-1.,-0.195,1.00001E-02));
#1982 = CARTESIAN_POINT('',(-1.,0.205,1.00001E-02));
#1983 = ADVANCED_FACE('',(#1984),#1990,.F.);
#1984 = FACE_BOUND('',#1985,.F.);
#1985 = EDGE_LOOP('',(#1986,#1987,#1988,#1989));
#1986 = ORIENTED_EDGE('',*,*,#1967,.F.);
#1987 = ORIENTED_EDGE('',*,*,#1835,.F.);
#1988 = ORIENTED_EDGE('',*,*,#1948,.T.);
#1989 = ORIENTED_EDGE('',*,*,#1784,.T.);
#1990 = ( BOUNDED_SURFACE() B_SPLINE_SURFACE(2,1,(
    (#1991,#1992)
    ,(#1993,#1994)
    ,(#1995,#1996
)),.UNSPECIFIED.,.F.,.F.,.F.) B_SPLINE_SURFACE_WITH_KNOTS((3,3),(2,2),(
    4.712388980385,6.28318530718),(0.2,0.21),.PIECEWISE_BEZIER_KNOTS.) 
GEOMETRIC_REPRESENTATION_ITEM() RATIONAL_B_SPLINE_SURFACE((
    (1.,1.)
    ,(0.707106781187,0.707106781187)
,(1.,1.))) REPRESENTATION_ITEM('') SURFACE() );
#1991 = CARTESIAN_POINT('',(-1.,-0.12,9.999999999941E-08));
#1992 = CARTESIAN_POINT('',(-1.,-0.12,1.00001E-02));
#1993 = CARTESIAN_POINT('',(-0.875,-0.12,9.999999999941E-08));
#1994 = CARTESIAN_POINT('',(-0.875,-0.12,1.00001E-02));
#1995 = CARTESIAN_POINT('',(-0.875,5.E-03,9.999999999941E-08));
#1996 = CARTESIAN_POINT('',(-0.875,5.E-03,1.00001E-02));
#1997 = MANIFOLD_SOLID_BREP('',#1998);
#1998 = CLOSED_SHELL('',(#1999,#2039,#2067,#2103,#2131,#2159,#2179,#2199
    ,#2219));
#1999 = ADVANCED_FACE('',(#2000),#2032,.F.);
#2000 = FACE_BOUND('',#2001,.F.);
#2001 = EDGE_LOOP('',(#2002,#2011,#2019,#2026));
#2002 = ORIENTED_EDGE('',*,*,#2003,.F.);
#2003 = EDGE_CURVE('',#2004,#2006,#2008,.T.);
#2004 = VERTEX_POINT('',#2005);
#2005 = CARTESIAN_POINT('',(-1.,-0.645,1.00001E-02));
#2006 = VERTEX_POINT('',#2007);
#2007 = CARTESIAN_POINT('',(-1.,-0.645,1.000000000098E-07));
#2008 = B_SPLINE_CURVE_WITH_KNOTS('',1,(#2009,#2010),.UNSPECIFIED.,.F.,
  .F.,(2,2),(-0.21,-0.2),.PIECEWISE_BEZIER_KNOTS.);
#2009 = CARTESIAN_POINT('',(-1.,-0.645,1.00001E-02));
#2010 = CARTESIAN_POINT('',(-1.,-0.645,9.999999999941E-08));
#2011 = ORIENTED_EDGE('',*,*,#2012,.F.);
#2012 = EDGE_CURVE('',#2013,#2004,#2015,.T.);
#2013 = VERTEX_POINT('',#2014);
#2014 = CARTESIAN_POINT('',(-0.875,-0.77,1.00001E-02));
#2015 = ( BOUNDED_CURVE() B_SPLINE_CURVE(2,(#2016,#2017,#2018),
.UNSPECIFIED.,.F.,.F.) B_SPLINE_CURVE_WITH_KNOTS((3,3),(3.14159265359,
4.712388980385),.PIECEWISE_BEZIER_KNOTS.) CURVE() 
GEOMETRIC_REPRESENTATION_ITEM() RATIONAL_B_SPLINE_CURVE((1.,
0.707106781187,1.)) REPRESENTATION_ITEM('') );
#2016 = CARTESIAN_POINT('',(-0.875,-0.77,1.00001E-02));
#2017 = CARTESIAN_POINT('',(-0.875,-0.645,1.00001E-02));
#2018 = CARTESIAN_POINT('',(-1.,-0.645,1.00001E-02));
#2019 = ORIENTED_EDGE('',*,*,#2020,.F.);
#2020 = EDGE_CURVE('',#2021,#2013,#2023,.T.);
#2021 = VERTEX_POINT('',#2022);
#2022 = CARTESIAN_POINT('',(-0.875,-0.77,1.000000000098E-07));
#2023 = B_SPLINE_CURVE_WITH_KNOTS('',1,(#2024,#2025),.UNSPECIFIED.,.F.,
  .F.,(2,2),(0.2,0.21),.PIECEWISE_BEZIER_KNOTS.);
#2024 = CARTESIAN_POINT('',(-0.875,-0.77,9.999999999941E-08));
#2025 = CARTESIAN_POINT('',(-0.875,-0.77,1.00001E-02));
#2026 = ORIENTED_EDGE('',*,*,#2027,.T.);
#2027 = EDGE_CURVE('',#2021,#2006,#2028,.T.);
#2028 = ( BOUNDED_CURVE() B_SPLINE_CURVE(2,(#2029,#2030,#2031),
.UNSPECIFIED.,.F.,.F.) B_SPLINE_CURVE_WITH_KNOTS((3,3),(3.14159265359,
4.712388980385),.PIECEWISE_BEZIER_KNOTS.) CURVE() 
GEOMETRIC_REPRESENTATION_ITEM() RATIONAL_B_SPLINE_CURVE((1.,
0.707106781187,1.)) REPRESENTATION_ITEM('') );
#2029 = CARTESIAN_POINT('',(-0.875,-0.77,1.000000000098E-07));
#2030 = CARTESIAN_POINT('',(-0.875,-0.645,1.000000000098E-07));
#2031 = CARTESIAN_POINT('',(-1.,-0.645,1.000000000098E-07));
#2032 = ( BOUNDED_SURFACE() B_SPLINE_SURFACE(2,1,(
    (#2033,#2034)
    ,(#2035,#2036)
    ,(#2037,#2038
)),.UNSPECIFIED.,.F.,.F.,.F.) B_SPLINE_SURFACE_WITH_KNOTS((3,3),(2,2),(
    0.,1.570796326795),(0.2,0.21),.PIECEWISE_BEZIER_KNOTS.) 
GEOMETRIC_REPRESENTATION_ITEM() RATIONAL_B_SPLINE_SURFACE((
    (1.,1.)
    ,(0.707106781187,0.707106781187)
,(1.,1.))) REPRESENTATION_ITEM('') SURFACE() );
#2033 = CARTESIAN_POINT('',(-0.875,-0.77,9.999999999941E-08));
#2034 = CARTESIAN_POINT('',(-0.875,-0.77,1.00001E-02));
#2035 = CARTESIAN_POINT('',(-0.875,-0.645,9.999999999941E-08));
#2036 = CARTESIAN_POINT('',(-0.875,-0.645,1.00001E-02));
#2037 = CARTESIAN_POINT('',(-1.,-0.645,9.999999999941E-08));
#2038 = CARTESIAN_POINT('',(-1.,-0.645,1.00001E-02));
#2039 = ADVANCED_FACE('',(#2040),#2062,.F.);
#2040 = FACE_BOUND('',#2041,.T.);
#2041 = EDGE_LOOP('',(#2042,#2043,#2050,#2057));
#2042 = ORIENTED_EDGE('',*,*,#2003,.F.);
#2043 = ORIENTED_EDGE('',*,*,#2044,.T.);
#2044 = EDGE_CURVE('',#2004,#2045,#2047,.T.);
#2045 = VERTEX_POINT('',#2046);
#2046 = CARTESIAN_POINT('',(-1.,-0.595,1.00001E-02));
#2047 = B_SPLINE_CURVE_WITH_KNOTS('',1,(#2048,#2049),.UNSPECIFIED.,.F.,
  .F.,(2,2),(0.3,0.35),.PIECEWISE_BEZIER_KNOTS.);
#2048 = CARTESIAN_POINT('',(-1.,-0.645,1.00001E-02));
#2049 = CARTESIAN_POINT('',(-1.,-0.595,1.00001E-02));
#2050 = ORIENTED_EDGE('',*,*,#2051,.F.);
#2051 = EDGE_CURVE('',#2052,#2045,#2054,.T.);
#2052 = VERTEX_POINT('',#2053);
#2053 = CARTESIAN_POINT('',(-1.,-0.595,1.000000000081E-07));
#2054 = B_SPLINE_CURVE_WITH_KNOTS('',1,(#2055,#2056),.UNSPECIFIED.,.F.,
  .F.,(2,2),(0.,1.E-02),.PIECEWISE_BEZIER_KNOTS.);
#2055 = CARTESIAN_POINT('',(-1.,-0.595,1.000000000081E-07));
#2056 = CARTESIAN_POINT('',(-1.,-0.595,1.00001E-02));
#2057 = ORIENTED_EDGE('',*,*,#2058,.F.);
#2058 = EDGE_CURVE('',#2006,#2052,#2059,.T.);
#2059 = B_SPLINE_CURVE_WITH_KNOTS('',1,(#2060,#2061),.UNSPECIFIED.,.F.,
  .F.,(2,2),(0.3,0.35),.PIECEWISE_BEZIER_KNOTS.);
#2060 = CARTESIAN_POINT('',(-1.,-0.645,1.000000000081E-07));
#2061 = CARTESIAN_POINT('',(-1.,-0.595,1.000000000081E-07));
#2062 = B_SPLINE_SURFACE_WITH_KNOTS('',1,1,(
    (#2063,#2064)
    ,(#2065,#2066
    )),.UNSPECIFIED.,.F.,.F.,.F.,(2,2),(2,2),(-1.E-02,0.),(0.3,0.35),
  .PIECEWISE_BEZIER_KNOTS.);
#2063 = CARTESIAN_POINT('',(-1.,-0.645,1.00001E-02));
#2064 = CARTESIAN_POINT('',(-1.,-0.595,1.00001E-02));
#2065 = CARTESIAN_POINT('',(-1.,-0.645,1.000000000081E-07));
#2066 = CARTESIAN_POINT('',(-1.,-0.595,1.000000000081E-07));
#2067 = ADVANCED_FACE('',(#2068),#2098,.F.);
#2068 = FACE_BOUND('',#2069,.T.);
#2069 = EDGE_LOOP('',(#2070,#2079,#2086,#2093));
#2070 = ORIENTED_EDGE('',*,*,#2071,.F.);
#2071 = EDGE_CURVE('',#2072,#2074,#2076,.T.);
#2072 = VERTEX_POINT('',#2073);
#2073 = CARTESIAN_POINT('',(-1.,-0.895,1.000000000098E-07));
#2074 = VERTEX_POINT('',#2075);
#2075 = CARTESIAN_POINT('',(-1.,-0.895,1.00001E-02));
#2076 = B_SPLINE_CURVE_WITH_KNOTS('',1,(#2077,#2078),.UNSPECIFIED.,.F.,
  .F.,(2,2),(0.2,0.21),.PIECEWISE_BEZIER_KNOTS.);
#2077 = CARTESIAN_POINT('',(-1.,-0.895,9.999999999941E-08));
#2078 = CARTESIAN_POINT('',(-1.,-0.895,1.00001E-02));
#2079 = ORIENTED_EDGE('',*,*,#2080,.F.);
#2080 = EDGE_CURVE('',#2081,#2072,#2083,.T.);
#2081 = VERTEX_POINT('',#2082);
#2082 = CARTESIAN_POINT('',(-1.,-0.945,1.000000000081E-07));
#2083 = B_SPLINE_CURVE_WITH_KNOTS('',1,(#2084,#2085),.UNSPECIFIED.,.F.,
  .F.,(2,2),(0.,5.E-02),.PIECEWISE_BEZIER_KNOTS.);
#2084 = CARTESIAN_POINT('',(-1.,-0.945,1.000000000081E-07));
#2085 = CARTESIAN_POINT('',(-1.,-0.895,1.000000000081E-07));
#2086 = ORIENTED_EDGE('',*,*,#2087,.T.);
#2087 = EDGE_CURVE('',#2081,#2088,#2090,.T.);
#2088 = VERTEX_POINT('',#2089);
#2089 = CARTESIAN_POINT('',(-1.,-0.945,1.00001E-02));
#2090 = B_SPLINE_CURVE_WITH_KNOTS('',1,(#2091,#2092),.UNSPECIFIED.,.F.,
  .F.,(2,2),(0.,1.E-02),.PIECEWISE_BEZIER_KNOTS.);
#2091 = CARTESIAN_POINT('',(-1.,-0.945,1.000000000081E-07));
#2092 = CARTESIAN_POINT('',(-1.,-0.945,1.00001E-02));
#2093 = ORIENTED_EDGE('',*,*,#2094,.T.);
#2094 = EDGE_CURVE('',#2088,#2074,#2095,.T.);
#2095 = B_SPLINE_CURVE_WITH_KNOTS('',1,(#2096,#2097),.UNSPECIFIED.,.F.,
  .F.,(2,2),(0.,5.E-02),.PIECEWISE_BEZIER_KNOTS.);
#2096 = CARTESIAN_POINT('',(-1.,-0.945,1.00001E-02));
#2097 = CARTESIAN_POINT('',(-1.,-0.895,1.00001E-02));
#2098 = B_SPLINE_SURFACE_WITH_KNOTS('',1,1,(
    (#2099,#2100)
    ,(#2101,#2102
    )),.UNSPECIFIED.,.F.,.F.,.F.,(2,2),(2,2),(-1.E-02,0.),(0.,5.E-02),
  .PIECEWISE_BEZIER_KNOTS.);
#2099 = CARTESIAN_POINT('',(-1.,-0.945,1.00001E-02));
#2100 = CARTESIAN_POINT('',(-1.,-0.895,1.00001E-02));
#2101 = CARTESIAN_POINT('',(-1.,-0.945,1.000000000081E-07));
#2102 = CARTESIAN_POINT('',(-1.,-0.895,1.000000000081E-07));
#2103 = ADVANCED_FACE('',(#2104),#2126,.F.);
#2104 = FACE_BOUND('',#2105,.T.);
#2105 = EDGE_LOOP('',(#2106,#2113,#2114,#2121));
#2106 = ORIENTED_EDGE('',*,*,#2107,.T.);
#2107 = EDGE_CURVE('',#2108,#2088,#2110,.T.);
#2108 = VERTEX_POINT('',#2109);
#2109 = CARTESIAN_POINT('',(-0.3,-0.945,1.00001E-02));
#2110 = B_SPLINE_CURVE_WITH_KNOTS('',1,(#2111,#2112),.UNSPECIFIED.,.F.,
  .F.,(2,2),(0.,0.7),.PIECEWISE_BEZIER_KNOTS.);
#2111 = CARTESIAN_POINT('',(-0.3,-0.945,1.00001E-02));
#2112 = CARTESIAN_POINT('',(-1.,-0.945,1.00001E-02));
#2113 = ORIENTED_EDGE('',*,*,#2087,.F.);
#2114 = ORIENTED_EDGE('',*,*,#2115,.F.);
#2115 = EDGE_CURVE('',#2116,#2081,#2118,.T.);
#2116 = VERTEX_POINT('',#2117);
#2117 = CARTESIAN_POINT('',(-0.3,-0.945,1.000000000081E-07));
#2118 = B_SPLINE_CURVE_WITH_KNOTS('',1,(#2119,#2120),.UNSPECIFIED.,.F.,
  .F.,(2,2),(0.,0.7),.PIECEWISE_BEZIER_KNOTS.);
#2119 = CARTESIAN_POINT('',(-0.3,-0.945,1.000000000081E-07));
#2120 = CARTESIAN_POINT('',(-1.,-0.945,1.000000000081E-07));
#2121 = ORIENTED_EDGE('',*,*,#2122,.T.);
#2122 = EDGE_CURVE('',#2116,#2108,#2123,.T.);
#2123 = B_SPLINE_CURVE_WITH_KNOTS('',1,(#2124,#2125),.UNSPECIFIED.,.F.,
  .F.,(2,2),(0.,1.E-02),.PIECEWISE_BEZIER_KNOTS.);
#2124 = CARTESIAN_POINT('',(-0.3,-0.945,1.000000000081E-07));
#2125 = CARTESIAN_POINT('',(-0.3,-0.945,1.00001E-02));
#2126 = B_SPLINE_SURFACE_WITH_KNOTS('',1,1,(
    (#2127,#2128)
    ,(#2129,#2130
    )),.UNSPECIFIED.,.F.,.F.,.F.,(2,2),(2,2),(0.,0.7),(0.,1.E-02),
  .PIECEWISE_BEZIER_KNOTS.);
#2127 = CARTESIAN_POINT('',(-0.3,-0.945,1.000000000081E-07));
#2128 = CARTESIAN_POINT('',(-0.3,-0.945,1.00001E-02));
#2129 = CARTESIAN_POINT('',(-1.,-0.945,1.000000000081E-07));
#2130 = CARTESIAN_POINT('',(-1.,-0.945,1.00001E-02));
#2131 = ADVANCED_FACE('',(#2132),#2154,.F.);
#2132 = FACE_BOUND('',#2133,.T.);
#2133 = EDGE_LOOP('',(#2134,#2141,#2148,#2153));
#2134 = ORIENTED_EDGE('',*,*,#2135,.T.);
#2135 = EDGE_CURVE('',#2045,#2136,#2138,.T.);
#2136 = VERTEX_POINT('',#2137);
#2137 = CARTESIAN_POINT('',(-0.3,-0.595,1.00001E-02));
#2138 = B_SPLINE_CURVE_WITH_KNOTS('',1,(#2139,#2140),.UNSPECIFIED.,.F.,
  .F.,(2,2),(-0.7,0.),.PIECEWISE_BEZIER_KNOTS.);
#2139 = CARTESIAN_POINT('',(-1.,-0.595,1.00001E-02));
#2140 = CARTESIAN_POINT('',(-0.3,-0.595,1.00001E-02));
#2141 = ORIENTED_EDGE('',*,*,#2142,.F.);
#2142 = EDGE_CURVE('',#2143,#2136,#2145,.T.);
#2143 = VERTEX_POINT('',#2144);
#2144 = CARTESIAN_POINT('',(-0.3,-0.595,1.000000000081E-07));
#2145 = B_SPLINE_CURVE_WITH_KNOTS('',1,(#2146,#2147),.UNSPECIFIED.,.F.,
  .F.,(2,2),(0.,1.E-02),.PIECEWISE_BEZIER_KNOTS.);
#2146 = CARTESIAN_POINT('',(-0.3,-0.595,1.000000000081E-07));
#2147 = CARTESIAN_POINT('',(-0.3,-0.595,1.00001E-02));
#2148 = ORIENTED_EDGE('',*,*,#2149,.F.);
#2149 = EDGE_CURVE('',#2052,#2143,#2150,.T.);
#2150 = B_SPLINE_CURVE_WITH_KNOTS('',1,(#2151,#2152),.UNSPECIFIED.,.F.,
  .F.,(2,2),(-0.7,0.),.PIECEWISE_BEZIER_KNOTS.);
#2151 = CARTESIAN_POINT('',(-1.,-0.595,1.000000000081E-07));
#2152 = CARTESIAN_POINT('',(-0.3,-0.595,1.000000000081E-07));
#2153 = ORIENTED_EDGE('',*,*,#2051,.T.);
#2154 = B_SPLINE_SURFACE_WITH_KNOTS('',1,1,(
    (#2155,#2156)
    ,(#2157,#2158
    )),.UNSPECIFIED.,.F.,.F.,.F.,(2,2),(2,2),(-1.E-02,0.),(-0.7,0.),
  .PIECEWISE_BEZIER_KNOTS.);
#2155 = CARTESIAN_POINT('',(-1.,-0.595,1.00001E-02));
#2156 = CARTESIAN_POINT('',(-0.3,-0.595,1.00001E-02));
#2157 = CARTESIAN_POINT('',(-1.,-0.595,1.000000000081E-07));
#2158 = CARTESIAN_POINT('',(-0.3,-0.595,1.000000000081E-07));
#2159 = ADVANCED_FACE('',(#2160),#2174,.F.);
#2160 = FACE_BOUND('',#2161,.T.);
#2161 = EDGE_LOOP('',(#2162,#2167,#2168,#2173));
#2162 = ORIENTED_EDGE('',*,*,#2163,.T.);
#2163 = EDGE_CURVE('',#2136,#2108,#2164,.T.);
#2164 = B_SPLINE_CURVE_WITH_KNOTS('',1,(#2165,#2166),.UNSPECIFIED.,.F.,
  .F.,(2,2),(-0.35,-0.),.PIECEWISE_BEZIER_KNOTS.);
#2165 = CARTESIAN_POINT('',(-0.3,-0.595,1.00001E-02));
#2166 = CARTESIAN_POINT('',(-0.3,-0.945,1.00001E-02));
#2167 = ORIENTED_EDGE('',*,*,#2122,.F.);
#2168 = ORIENTED_EDGE('',*,*,#2169,.F.);
#2169 = EDGE_CURVE('',#2143,#2116,#2170,.T.);
#2170 = B_SPLINE_CURVE_WITH_KNOTS('',1,(#2171,#2172),.UNSPECIFIED.,.F.,
  .F.,(2,2),(-0.35,-0.),.PIECEWISE_BEZIER_KNOTS.);
#2171 = CARTESIAN_POINT('',(-0.3,-0.595,1.000000000081E-07));
#2172 = CARTESIAN_POINT('',(-0.3,-0.945,1.000000000081E-07));
#2173 = ORIENTED_EDGE('',*,*,#2142,.T.);
#2174 = B_SPLINE_SURFACE_WITH_KNOTS('',1,1,(
    (#2175,#2176)
    ,(#2177,#2178
    )),.UNSPECIFIED.,.F.,.F.,.F.,(2,2),(2,2),(-0.35,0.),(0.,1.E-02),
  .PIECEWISE_BEZIER_KNOTS.);
#2175 = CARTESIAN_POINT('',(-0.3,-0.595,1.000000000081E-07));
#2176 = CARTESIAN_POINT('',(-0.3,-0.595,1.00001E-02));
#2177 = CARTESIAN_POINT('',(-0.3,-0.945,1.000000000081E-07));
#2178 = CARTESIAN_POINT('',(-0.3,-0.945,1.00001E-02));
#2179 = ADVANCED_FACE('',(#2180),#2194,.T.);
#2180 = FACE_BOUND('',#2181,.T.);
#2181 = EDGE_LOOP('',(#2182,#2183,#2189,#2190,#2191,#2192,#2193));
#2182 = ORIENTED_EDGE('',*,*,#2080,.T.);
#2183 = ORIENTED_EDGE('',*,*,#2184,.T.);
#2184 = EDGE_CURVE('',#2072,#2021,#2185,.T.);
#2185 = ( BOUNDED_CURVE() B_SPLINE_CURVE(2,(#2186,#2187,#2188),
.UNSPECIFIED.,.F.,.F.) B_SPLINE_CURVE_WITH_KNOTS((3,3),(1.570796326795,
3.14159265359),.PIECEWISE_BEZIER_KNOTS.) CURVE() 
GEOMETRIC_REPRESENTATION_ITEM() RATIONAL_B_SPLINE_CURVE((1.,
0.707106781187,1.)) REPRESENTATION_ITEM('') );
#2186 = CARTESIAN_POINT('',(-1.,-0.895,1.000000000098E-07));
#2187 = CARTESIAN_POINT('',(-0.875,-0.895,1.000000000098E-07));
#2188 = CARTESIAN_POINT('',(-0.875,-0.77,1.000000000098E-07));
#2189 = ORIENTED_EDGE('',*,*,#2027,.T.);
#2190 = ORIENTED_EDGE('',*,*,#2058,.T.);
#2191 = ORIENTED_EDGE('',*,*,#2149,.T.);
#2192 = ORIENTED_EDGE('',*,*,#2169,.T.);
#2193 = ORIENTED_EDGE('',*,*,#2115,.T.);
#2194 = B_SPLINE_SURFACE_WITH_KNOTS('',1,1,(
    (#2195,#2196)
    ,(#2197,#2198
    )),.UNSPECIFIED.,.F.,.F.,.F.,(2,2),(2,2),(0.3,1.),(-0.95,-0.6),
  .PIECEWISE_BEZIER_KNOTS.);
#2195 = CARTESIAN_POINT('',(-0.3,-0.945,1.000000000081E-07));
#2196 = CARTESIAN_POINT('',(-0.3,-0.595,1.000000000081E-07));
#2197 = CARTESIAN_POINT('',(-1.,-0.945,1.000000000081E-07));
#2198 = CARTESIAN_POINT('',(-1.,-0.595,1.000000000081E-07));
#2199 = ADVANCED_FACE('',(#2200),#2214,.F.);
#2200 = FACE_BOUND('',#2201,.T.);
#2201 = EDGE_LOOP('',(#2202,#2208,#2209,#2210,#2211,#2212,#2213));
#2202 = ORIENTED_EDGE('',*,*,#2203,.F.);
#2203 = EDGE_CURVE('',#2074,#2013,#2204,.T.);
#2204 = ( BOUNDED_CURVE() B_SPLINE_CURVE(2,(#2205,#2206,#2207),
.UNSPECIFIED.,.F.,.F.) B_SPLINE_CURVE_WITH_KNOTS((3,3),(1.570796326795,
3.14159265359),.PIECEWISE_BEZIER_KNOTS.) CURVE() 
GEOMETRIC_REPRESENTATION_ITEM() RATIONAL_B_SPLINE_CURVE((1.,
0.707106781187,1.)) REPRESENTATION_ITEM('') );
#2205 = CARTESIAN_POINT('',(-1.,-0.895,1.00001E-02));
#2206 = CARTESIAN_POINT('',(-0.875,-0.895,1.00001E-02));
#2207 = CARTESIAN_POINT('',(-0.875,-0.77,1.00001E-02));
#2208 = ORIENTED_EDGE('',*,*,#2094,.F.);
#2209 = ORIENTED_EDGE('',*,*,#2107,.F.);
#2210 = ORIENTED_EDGE('',*,*,#2163,.F.);
#2211 = ORIENTED_EDGE('',*,*,#2135,.F.);
#2212 = ORIENTED_EDGE('',*,*,#2044,.F.);
#2213 = ORIENTED_EDGE('',*,*,#2012,.F.);
#2214 = B_SPLINE_SURFACE_WITH_KNOTS('',1,1,(
    (#2215,#2216)
    ,(#2217,#2218
    )),.UNSPECIFIED.,.F.,.F.,.F.,(2,2),(2,2),(0.3,1.),(-0.95,-0.6),
  .PIECEWISE_BEZIER_KNOTS.);
#2215 = CARTESIAN_POINT('',(-0.3,-0.945,1.00001E-02));
#2216 = CARTESIAN_POINT('',(-0.3,-0.595,1.00001E-02));
#2217 = CARTESIAN_POINT('',(-1.,-0.945,1.00001E-02));
#2218 = CARTESIAN_POINT('',(-1.,-0.595,1.00001E-02));
#2219 = ADVANCED_FACE('',(#2220),#2226,.F.);
#2220 = FACE_BOUND('',#2221,.F.);
#2221 = EDGE_LOOP('',(#2222,#2223,#2224,#2225));
#2222 = ORIENTED_EDGE('',*,*,#2203,.F.);
#2223 = ORIENTED_EDGE('',*,*,#2071,.F.);
#2224 = ORIENTED_EDGE('',*,*,#2184,.T.);
#2225 = ORIENTED_EDGE('',*,*,#2020,.T.);
#2226 = ( BOUNDED_SURFACE() B_SPLINE_SURFACE(2,1,(
    (#2227,#2228)
    ,(#2229,#2230)
    ,(#2231,#2232
)),.UNSPECIFIED.,.F.,.F.,.F.) B_SPLINE_SURFACE_WITH_KNOTS((3,3),(2,2),(
    4.712388980385,6.28318530718),(0.2,0.21),.PIECEWISE_BEZIER_KNOTS.) 
GEOMETRIC_REPRESENTATION_ITEM() RATIONAL_B_SPLINE_SURFACE((
    (1.,1.)
    ,(0.707106781187,0.707106781187)
,(1.,1.))) REPRESENTATION_ITEM('') SURFACE() );
#2227 = CARTESIAN_POINT('',(-1.,-0.895,9.999999999941E-08));
#2228 = CARTESIAN_POINT('',(-1.,-0.895,1.00001E-02));
#2229 = CARTESIAN_POINT('',(-0.875,-0.895,9.999999999941E-08));
#2230 = CARTESIAN_POINT('',(-0.875,-0.895,1.00001E-02));
#2231 = CARTESIAN_POINT('',(-0.875,-0.77,9.999999999941E-08));
#2232 = CARTESIAN_POINT('',(-0.875,-0.77,1.00001E-02));
#2233 = MANIFOLD_SOLID_BREP('',#2234);
#2234 = CLOSED_SHELL('',(#2235,#2271,#2299,#2327,#2355,#2383,#2411,#2439
    ,#2467,#2495,#2523,#2551,#2579,#2607,#2635,#2663,#2683,#2707));
#2235 = ADVANCED_FACE('',(#2236),#2266,.F.);
#2236 = FACE_BOUND('',#2237,.T.);
#2237 = EDGE_LOOP('',(#2238,#2247,#2254,#2261));
#2238 = ORIENTED_EDGE('',*,*,#2239,.T.);
#2239 = EDGE_CURVE('',#2240,#2242,#2244,.T.);
#2240 = VERTEX_POINT('',#2241);
#2241 = CARTESIAN_POINT('',(1.,-0.492582363671,1.00001E-02));
#2242 = VERTEX_POINT('',#2243);
#2243 = CARTESIAN_POINT('',(-1.,-0.492582363671,1.00001E-02));
#2244 = B_SPLINE_CURVE_WITH_KNOTS('',1,(#2245,#2246),.UNSPECIFIED.,.F.,
  .F.,(2,2),(-1.,1.),.PIECEWISE_BEZIER_KNOTS.);
#2245 = CARTESIAN_POINT('',(1.,-0.492582363671,1.00001E-02));
#2246 = CARTESIAN_POINT('',(-1.,-0.492582363671,1.00001E-02));
#2247 = ORIENTED_EDGE('',*,*,#2248,.F.);
#2248 = EDGE_CURVE('',#2249,#2242,#2251,.T.);
#2249 = VERTEX_POINT('',#2250);
#2250 = CARTESIAN_POINT('',(-1.,-0.492582363671,9.0001E-03));
#2251 = B_SPLINE_CURVE_WITH_KNOTS('',1,(#2252,#2253),.UNSPECIFIED.,.F.,
  .F.,(2,2),(0.,1.E-03),.PIECEWISE_BEZIER_KNOTS.);
#2252 = CARTESIAN_POINT('',(-1.,-0.492582363671,9.0001E-03));
#2253 = CARTESIAN_POINT('',(-1.,-0.492582363671,1.00001E-02));
#2254 = ORIENTED_EDGE('',*,*,#2255,.F.);
#2255 = EDGE_CURVE('',#2256,#2249,#2258,.T.);
#2256 = VERTEX_POINT('',#2257);
#2257 = CARTESIAN_POINT('',(1.,-0.492582363671,9.0001E-03));
#2258 = B_SPLINE_CURVE_WITH_KNOTS('',1,(#2259,#2260),.UNSPECIFIED.,.F.,
  .F.,(2,2),(-1.,1.),.PIECEWISE_BEZIER_KNOTS.);
#2259 = CARTESIAN_POINT('',(1.,-0.492582363671,9.0001E-03));
#2260 = CARTESIAN_POINT('',(-1.,-0.492582363671,9.0001E-03));
#2261 = ORIENTED_EDGE('',*,*,#2262,.T.);
#2262 = EDGE_CURVE('',#2256,#2240,#2263,.T.);
#2263 = B_SPLINE_CURVE_WITH_KNOTS('',1,(#2264,#2265),.UNSPECIFIED.,.F.,
  .F.,(2,2),(0.,1.E-03),.PIECEWISE_BEZIER_KNOTS.);
#2264 = CARTESIAN_POINT('',(1.,-0.492582363671,9.0001E-03));
#2265 = CARTESIAN_POINT('',(1.,-0.492582363671,1.00001E-02));
#2266 = B_SPLINE_SURFACE_WITH_KNOTS('',1,1,(
    (#2267,#2268)
    ,(#2269,#2270
    )),.UNSPECIFIED.,.F.,.F.,.F.,(2,2),(2,2),(0.,1.E-03),(-1.,1.),
  .PIECEWISE_BEZIER_KNOTS.);
#2267 = CARTESIAN_POINT('',(-1.,-0.492582363671,9.0001E-03));
#2268 = CARTESIAN_POINT('',(1.,-0.492582363671,9.0001E-03));
#2269 = CARTESIAN_POINT('',(-1.,-0.492582363671,1.00001E-02));
#2270 = CARTESIAN_POINT('',(1.,-0.492582363671,1.00001E-02));
#2271 = ADVANCED_FACE('',(#2272),#2294,.F.);
#2272 = FACE_BOUND('',#2273,.T.);
#2273 = EDGE_LOOP('',(#2274,#2281,#2288,#2293));
#2274 = ORIENTED_EDGE('',*,*,#2275,.T.);
#2275 = EDGE_CURVE('',#2242,#2276,#2278,.T.);
#2276 = VERTEX_POINT('',#2277);
#2277 = CARTESIAN_POINT('',(-1.,-0.293368764263,1.00001E-02));
#2278 = B_SPLINE_CURVE_WITH_KNOTS('',1,(#2279,#2280),.UNSPECIFIED.,.F.,
  .F.,(2,2),(-0.497582363671,-0.298368764263),.PIECEWISE_BEZIER_KNOTS.);
#2279 = CARTESIAN_POINT('',(-1.,-0.492582363671,1.00001E-02));
#2280 = CARTESIAN_POINT('',(-1.,-0.293368764263,1.00001E-02));
#2281 = ORIENTED_EDGE('',*,*,#2282,.F.);
#2282 = EDGE_CURVE('',#2283,#2276,#2285,.T.);
#2283 = VERTEX_POINT('',#2284);
#2284 = CARTESIAN_POINT('',(-1.,-0.293368764263,9.0001E-03));
#2285 = B_SPLINE_CURVE_WITH_KNOTS('',1,(#2286,#2287),.UNSPECIFIED.,.F.,
  .F.,(2,2),(0.,1.E-03),.PIECEWISE_BEZIER_KNOTS.);
#2286 = CARTESIAN_POINT('',(-1.,-0.293368764263,9.0001E-03));
#2287 = CARTESIAN_POINT('',(-1.,-0.293368764263,1.00001E-02));
#2288 = ORIENTED_EDGE('',*,*,#2289,.F.);
#2289 = EDGE_CURVE('',#2249,#2283,#2290,.T.);
#2290 = B_SPLINE_CURVE_WITH_KNOTS('',1,(#2291,#2292),.UNSPECIFIED.,.F.,
  .F.,(2,2),(-0.497582363671,-0.298368764263),.PIECEWISE_BEZIER_KNOTS.);
#2291 = CARTESIAN_POINT('',(-1.,-0.492582363671,9.0001E-03));
#2292 = CARTESIAN_POINT('',(-1.,-0.293368764263,9.0001E-03));
#2293 = ORIENTED_EDGE('',*,*,#2248,.T.);
#2294 = B_SPLINE_SURFACE_WITH_KNOTS('',1,1,(
    (#2295,#2296)
    ,(#2297,#2298
    )),.UNSPECIFIED.,.F.,.F.,.F.,(2,2),(2,2),(-1.E-03,0.),(
    -0.497582363671,-0.298368764263),.PIECEWISE_BEZIER_KNOTS.);
#2295 = CARTESIAN_POINT('',(-1.,-0.492582363671,1.00001E-02));
#2296 = CARTESIAN_POINT('',(-1.,-0.293368764263,1.00001E-02));
#2297 = CARTESIAN_POINT('',(-1.,-0.492582363671,9.0001E-03));
#2298 = CARTESIAN_POINT('',(-1.,-0.293368764263,9.0001E-03));
#2299 = ADVANCED_FACE('',(#2300),#2322,.T.);
#2300 = FACE_BOUND('',#2301,.T.);
#2301 = EDGE_LOOP('',(#2302,#2309,#2316,#2321));
#2302 = ORIENTED_EDGE('',*,*,#2303,.F.);
#2303 = EDGE_CURVE('',#2304,#2276,#2306,.T.);
#2304 = VERTEX_POINT('',#2305);
#2305 = CARTESIAN_POINT('',(-0.125939796423,-0.293368764263,1.00001E-02)
  );
#2306 = B_SPLINE_CURVE_WITH_KNOTS('',1,(#2307,#2308),.UNSPECIFIED.,.F.,
  .F.,(2,2),(0.125939796423,1.),.PIECEWISE_BEZIER_KNOTS.);
#2307 = CARTESIAN_POINT('',(-0.125939796423,-0.293368764263,1.00001E-02)
  );
#2308 = CARTESIAN_POINT('',(-1.,-0.293368764263,1.00001E-02));
#2309 = ORIENTED_EDGE('',*,*,#2310,.F.);
#2310 = EDGE_CURVE('',#2311,#2304,#2313,.T.);
#2311 = VERTEX_POINT('',#2312);
#2312 = CARTESIAN_POINT('',(-0.125939796423,-0.293368764263,9.0001E-03)
  );
#2313 = B_SPLINE_CURVE_WITH_KNOTS('',1,(#2314,#2315),.UNSPECIFIED.,.F.,
  .F.,(2,2),(0.,1.E-03),.PIECEWISE_BEZIER_KNOTS.);
#2314 = CARTESIAN_POINT('',(-0.125939796423,-0.293368764263,9.0001E-03)
  );
#2315 = CARTESIAN_POINT('',(-0.125939796423,-0.293368764263,1.00001E-02)
  );
#2316 = ORIENTED_EDGE('',*,*,#2317,.T.);
#2317 = EDGE_CURVE('',#2311,#2283,#2318,.T.);
#2318 = B_SPLINE_CURVE_WITH_KNOTS('',1,(#2319,#2320),.UNSPECIFIED.,.F.,
  .F.,(2,2),(0.125939796423,1.),.PIECEWISE_BEZIER_KNOTS.);
#2319 = CARTESIAN_POINT('',(-0.125939796423,-0.293368764263,9.0001E-03)
  );
#2320 = CARTESIAN_POINT('',(-1.,-0.293368764263,9.0001E-03));
#2321 = ORIENTED_EDGE('',*,*,#2282,.T.);
#2322 = B_SPLINE_SURFACE_WITH_KNOTS('',1,1,(
    (#2323,#2324)
    ,(#2325,#2326
    )),.UNSPECIFIED.,.F.,.F.,.F.,(2,2),(2,2),(0.,1.E-03),(-1.,
    -0.125939796423),.PIECEWISE_BEZIER_KNOTS.);
#2323 = CARTESIAN_POINT('',(-1.,-0.293368764263,9.0001E-03));
#2324 = CARTESIAN_POINT('',(-0.125939796423,-0.293368764263,9.0001E-03)
  );
#2325 = CARTESIAN_POINT('',(-1.,-0.293368764263,1.00001E-02));
#2326 = CARTESIAN_POINT('',(-0.125939796423,-0.293368764263,1.00001E-02)
  );
#2327 = ADVANCED_FACE('',(#2328),#2350,.T.);
#2328 = FACE_BOUND('',#2329,.T.);
#2329 = EDGE_LOOP('',(#2330,#2337,#2344,#2349));
#2330 = ORIENTED_EDGE('',*,*,#2331,.F.);
#2331 = EDGE_CURVE('',#2332,#2304,#2334,.T.);
#2332 = VERTEX_POINT('',#2333);
#2333 = CARTESIAN_POINT('',(-0.125939796423,0.32848386986,1.00001E-02));
#2334 = B_SPLINE_CURVE_WITH_KNOTS('',1,(#2335,#2336),.UNSPECIFIED.,.F.,
  .F.,(2,2),(-0.32348386986,0.298368764263),.PIECEWISE_BEZIER_KNOTS.);
#2335 = CARTESIAN_POINT('',(-0.125939796423,0.32848386986,1.00001E-02));
#2336 = CARTESIAN_POINT('',(-0.125939796423,-0.293368764263,1.00001E-02)
  );
#2337 = ORIENTED_EDGE('',*,*,#2338,.F.);
#2338 = EDGE_CURVE('',#2339,#2332,#2341,.T.);
#2339 = VERTEX_POINT('',#2340);
#2340 = CARTESIAN_POINT('',(-0.125939796423,0.32848386986,9.0001E-03));
#2341 = B_SPLINE_CURVE_WITH_KNOTS('',1,(#2342,#2343),.UNSPECIFIED.,.F.,
  .F.,(2,2),(0.,1.E-03),.PIECEWISE_BEZIER_KNOTS.);
#2342 = CARTESIAN_POINT('',(-0.125939796423,0.32848386986,9.0001E-03));
#2343 = CARTESIAN_POINT('',(-0.125939796423,0.32848386986,1.00001E-02));
#2344 = ORIENTED_EDGE('',*,*,#2345,.T.);
#2345 = EDGE_CURVE('',#2339,#2311,#2346,.T.);
#2346 = B_SPLINE_CURVE_WITH_KNOTS('',1,(#2347,#2348),.UNSPECIFIED.,.F.,
  .F.,(2,2),(-0.32348386986,0.298368764263),.PIECEWISE_BEZIER_KNOTS.);
#2347 = CARTESIAN_POINT('',(-0.125939796423,0.32848386986,9.0001E-03));
#2348 = CARTESIAN_POINT('',(-0.125939796423,-0.293368764263,9.0001E-03)
  );
#2349 = ORIENTED_EDGE('',*,*,#2310,.T.);
#2350 = B_SPLINE_SURFACE_WITH_KNOTS('',1,1,(
    (#2351,#2352)
    ,(#2353,#2354
    )),.UNSPECIFIED.,.F.,.F.,.F.,(2,2),(2,2),(-0.32348386986,
    0.298368764263),(0.,1.E-03),.PIECEWISE_BEZIER_KNOTS.);
#2351 = CARTESIAN_POINT('',(-0.125939796423,0.32848386986,9.0001E-03));
#2352 = CARTESIAN_POINT('',(-0.125939796423,0.32848386986,1.00001E-02));
#2353 = CARTESIAN_POINT('',(-0.125939796423,-0.293368764263,9.0001E-03)
  );
#2354 = CARTESIAN_POINT('',(-0.125939796423,-0.293368764263,1.00001E-02)
  );
#2355 = ADVANCED_FACE('',(#2356),#2378,.F.);
#2356 = FACE_BOUND('',#2357,.T.);
#2357 = EDGE_LOOP('',(#2358,#2365,#2372,#2377));
#2358 = ORIENTED_EDGE('',*,*,#2359,.T.);
#2359 = EDGE_CURVE('',#2332,#2360,#2362,.T.);
#2360 = VERTEX_POINT('',#2361);
#2361 = CARTESIAN_POINT('',(-1.,0.32848386986,1.00001E-02));
#2362 = B_SPLINE_CURVE_WITH_KNOTS('',1,(#2363,#2364),.UNSPECIFIED.,.F.,
  .F.,(2,2),(0.125939796423,1.),.PIECEWISE_BEZIER_KNOTS.);
#2363 = CARTESIAN_POINT('',(-0.125939796423,0.32848386986,1.00001E-02));
#2364 = CARTESIAN_POINT('',(-1.,0.32848386986,1.00001E-02));
#2365 = ORIENTED_EDGE('',*,*,#2366,.F.);
#2366 = EDGE_CURVE('',#2367,#2360,#2369,.T.);
#2367 = VERTEX_POINT('',#2368);
#2368 = CARTESIAN_POINT('',(-1.,0.32848386986,9.0001E-03));
#2369 = B_SPLINE_CURVE_WITH_KNOTS('',1,(#2370,#2371),.UNSPECIFIED.,.F.,
  .F.,(2,2),(0.,1.E-03),.PIECEWISE_BEZIER_KNOTS.);
#2370 = CARTESIAN_POINT('',(-1.,0.32848386986,9.0001E-03));
#2371 = CARTESIAN_POINT('',(-1.,0.32848386986,1.00001E-02));
#2372 = ORIENTED_EDGE('',*,*,#2373,.F.);
#2373 = EDGE_CURVE('',#2339,#2367,#2374,.T.);
#2374 = B_SPLINE_CURVE_WITH_KNOTS('',1,(#2375,#2376),.UNSPECIFIED.,.F.,
  .F.,(2,2),(0.125939796423,1.),.PIECEWISE_BEZIER_KNOTS.);
#2375 = CARTESIAN_POINT('',(-0.125939796423,0.32848386986,9.0001E-03));
#2376 = CARTESIAN_POINT('',(-1.,0.32848386986,9.0001E-03));
#2377 = ORIENTED_EDGE('',*,*,#2338,.T.);
#2378 = B_SPLINE_SURFACE_WITH_KNOTS('',1,1,(
    (#2379,#2380)
    ,(#2381,#2382
    )),.UNSPECIFIED.,.F.,.F.,.F.,(2,2),(2,2),(0.,1.E-03),(-1.,
    -0.125939796423),.PIECEWISE_BEZIER_KNOTS.);
#2379 = CARTESIAN_POINT('',(-1.,0.32848386986,9.0001E-03));
#2380 = CARTESIAN_POINT('',(-0.125939796423,0.32848386986,9.0001E-03));
#2381 = CARTESIAN_POINT('',(-1.,0.32848386986,1.00001E-02));
#2382 = CARTESIAN_POINT('',(-0.125939796423,0.32848386986,1.00001E-02));
#2383 = ADVANCED_FACE('',(#2384),#2406,.F.);
#2384 = FACE_BOUND('',#2385,.T.);
#2385 = EDGE_LOOP('',(#2386,#2393,#2400,#2405));
#2386 = ORIENTED_EDGE('',*,*,#2387,.T.);
#2387 = EDGE_CURVE('',#2360,#2388,#2390,.T.);
#2388 = VERTEX_POINT('',#2389);
#2389 = CARTESIAN_POINT('',(-1.,0.509094476266,1.00001E-02));
#2390 = B_SPLINE_CURVE_WITH_KNOTS('',1,(#2391,#2392),.UNSPECIFIED.,.F.,
  .F.,(2,2),(0.32348386986,0.504094476266),.PIECEWISE_BEZIER_KNOTS.);
#2391 = CARTESIAN_POINT('',(-1.,0.32848386986,1.00001E-02));
#2392 = CARTESIAN_POINT('',(-1.,0.509094476266,1.00001E-02));
#2393 = ORIENTED_EDGE('',*,*,#2394,.F.);
#2394 = EDGE_CURVE('',#2395,#2388,#2397,.T.);
#2395 = VERTEX_POINT('',#2396);
#2396 = CARTESIAN_POINT('',(-1.,0.509094476266,9.0001E-03));
#2397 = B_SPLINE_CURVE_WITH_KNOTS('',1,(#2398,#2399),.UNSPECIFIED.,.F.,
  .F.,(2,2),(0.,1.E-03),.PIECEWISE_BEZIER_KNOTS.);
#2398 = CARTESIAN_POINT('',(-1.,0.509094476266,9.0001E-03));
#2399 = CARTESIAN_POINT('',(-1.,0.509094476266,1.00001E-02));
#2400 = ORIENTED_EDGE('',*,*,#2401,.F.);
#2401 = EDGE_CURVE('',#2367,#2395,#2402,.T.);
#2402 = B_SPLINE_CURVE_WITH_KNOTS('',1,(#2403,#2404),.UNSPECIFIED.,.F.,
  .F.,(2,2),(0.32348386986,0.504094476266),.PIECEWISE_BEZIER_KNOTS.);
#2403 = CARTESIAN_POINT('',(-1.,0.32848386986,9.0001E-03));
#2404 = CARTESIAN_POINT('',(-1.,0.509094476266,9.0001E-03));
#2405 = ORIENTED_EDGE('',*,*,#2366,.T.);
#2406 = B_SPLINE_SURFACE_WITH_KNOTS('',1,1,(
    (#2407,#2408)
    ,(#2409,#2410
    )),.UNSPECIFIED.,.F.,.F.,.F.,(2,2),(2,2),(-1.E-03,0.),(0.32348386986
    ,0.504094476266),.PIECEWISE_BEZIER_KNOTS.);
#2407 = CARTESIAN_POINT('',(-1.,0.32848386986,1.00001E-02));
#2408 = CARTESIAN_POINT('',(-1.,0.509094476266,1.00001E-02));
#2409 = CARTESIAN_POINT('',(-1.,0.32848386986,9.0001E-03));
#2410 = CARTESIAN_POINT('',(-1.,0.509094476266,9.0001E-03));
#2411 = ADVANCED_FACE('',(#2412),#2434,.T.);
#2412 = FACE_BOUND('',#2413,.T.);
#2413 = EDGE_LOOP('',(#2414,#2421,#2428,#2433));
#2414 = ORIENTED_EDGE('',*,*,#2415,.F.);
#2415 = EDGE_CURVE('',#2416,#2388,#2418,.T.);
#2416 = VERTEX_POINT('',#2417);
#2417 = CARTESIAN_POINT('',(-0.125939796423,0.509094476266,1.00001E-02)
  );
#2418 = B_SPLINE_CURVE_WITH_KNOTS('',1,(#2419,#2420),.UNSPECIFIED.,.F.,
  .F.,(2,2),(0.125939796423,1.),.PIECEWISE_BEZIER_KNOTS.);
#2419 = CARTESIAN_POINT('',(-0.125939796423,0.509094476266,1.00001E-02)
  );
#2420 = CARTESIAN_POINT('',(-1.,0.509094476266,1.00001E-02));
#2421 = ORIENTED_EDGE('',*,*,#2422,.F.);
#2422 = EDGE_CURVE('',#2423,#2416,#2425,.T.);
#2423 = VERTEX_POINT('',#2424);
#2424 = CARTESIAN_POINT('',(-0.125939796423,0.509094476266,9.0001E-03));
#2425 = B_SPLINE_CURVE_WITH_KNOTS('',1,(#2426,#2427),.UNSPECIFIED.,.F.,
  .F.,(2,2),(0.,1.E-03),.PIECEWISE_BEZIER_KNOTS.);
#2426 = CARTESIAN_POINT('',(-0.125939796423,0.509094476266,9.0001E-03));
#2427 = CARTESIAN_POINT('',(-0.125939796423,0.509094476266,1.00001E-02)
  );
#2428 = ORIENTED_EDGE('',*,*,#2429,.T.);
#2429 = EDGE_CURVE('',#2423,#2395,#2430,.T.);
#2430 = B_SPLINE_CURVE_WITH_KNOTS('',1,(#2431,#2432),.UNSPECIFIED.,.F.,
  .F.,(2,2),(0.125939796423,1.),.PIECEWISE_BEZIER_KNOTS.);
#2431 = CARTESIAN_POINT('',(-0.125939796423,0.509094476266,9.0001E-03));
#2432 = CARTESIAN_POINT('',(-1.,0.509094476266,9.0001E-03));
#2433 = ORIENTED_EDGE('',*,*,#2394,.T.);
#2434 = B_SPLINE_SURFACE_WITH_KNOTS('',1,1,(
    (#2435,#2436)
    ,(#2437,#2438
    )),.UNSPECIFIED.,.F.,.F.,.F.,(2,2),(2,2),(0.,1.E-03),(-1.,
    -0.125939796423),.PIECEWISE_BEZIER_KNOTS.);
#2435 = CARTESIAN_POINT('',(-1.,0.509094476266,9.0001E-03));
#2436 = CARTESIAN_POINT('',(-0.125939796423,0.509094476266,9.0001E-03));
#2437 = CARTESIAN_POINT('',(-1.,0.509094476266,1.00001E-02));
#2438 = CARTESIAN_POINT('',(-0.125939796423,0.509094476266,1.00001E-02)
  );
#2439 = ADVANCED_FACE('',(#2440),#2462,.T.);
#2440 = FACE_BOUND('',#2441,.T.);
#2441 = EDGE_LOOP('',(#2442,#2449,#2456,#2461));
#2442 = ORIENTED_EDGE('',*,*,#2443,.F.);
#2443 = EDGE_CURVE('',#2444,#2416,#2446,.T.);
#2444 = VERTEX_POINT('',#2445);
#2445 = CARTESIAN_POINT('',(-0.125939796423,1.005,1.00001E-02));
#2446 = B_SPLINE_CURVE_WITH_KNOTS('',1,(#2447,#2448),.UNSPECIFIED.,.F.,
  .F.,(2,2),(-1.,-0.504094476266),.PIECEWISE_BEZIER_KNOTS.);
#2447 = CARTESIAN_POINT('',(-0.125939796423,1.005,1.00001E-02));
#2448 = CARTESIAN_POINT('',(-0.125939796423,0.509094476266,1.00001E-02)
  );
#2449 = ORIENTED_EDGE('',*,*,#2450,.F.);
#2450 = EDGE_CURVE('',#2451,#2444,#2453,.T.);
#2451 = VERTEX_POINT('',#2452);
#2452 = CARTESIAN_POINT('',(-0.125939796423,1.005,9.0001E-03));
#2453 = B_SPLINE_CURVE_WITH_KNOTS('',1,(#2454,#2455),.UNSPECIFIED.,.F.,
  .F.,(2,2),(0.,1.E-03),.PIECEWISE_BEZIER_KNOTS.);
#2454 = CARTESIAN_POINT('',(-0.125939796423,1.005,9.0001E-03));
#2455 = CARTESIAN_POINT('',(-0.125939796423,1.005,1.00001E-02));
#2456 = ORIENTED_EDGE('',*,*,#2457,.T.);
#2457 = EDGE_CURVE('',#2451,#2423,#2458,.T.);
#2458 = B_SPLINE_CURVE_WITH_KNOTS('',1,(#2459,#2460),.UNSPECIFIED.,.F.,
  .F.,(2,2),(-1.,-0.504094476266),.PIECEWISE_BEZIER_KNOTS.);
#2459 = CARTESIAN_POINT('',(-0.125939796423,1.005,9.0001E-03));
#2460 = CARTESIAN_POINT('',(-0.125939796423,0.509094476266,9.0001E-03));
#2461 = ORIENTED_EDGE('',*,*,#2422,.T.);
#2462 = B_SPLINE_SURFACE_WITH_KNOTS('',1,1,(
    (#2463,#2464)
    ,(#2465,#2466
    )),.UNSPECIFIED.,.F.,.F.,.F.,(2,2),(2,2),(-1.,-0.504094476266),(0.,
    1.E-03),.PIECEWISE_BEZIER_KNOTS.);
#2463 = CARTESIAN_POINT('',(-0.125939796423,1.005,9.0001E-03));
#2464 = CARTESIAN_POINT('',(-0.125939796423,1.005,1.00001E-02));
#2465 = CARTESIAN_POINT('',(-0.125939796423,0.509094476266,9.0001E-03));
#2466 = CARTESIAN_POINT('',(-0.125939796423,0.509094476266,1.00001E-02)
  );
#2467 = ADVANCED_FACE('',(#2468),#2490,.F.);
#2468 = FACE_BOUND('',#2469,.T.);
#2469 = EDGE_LOOP('',(#2470,#2477,#2484,#2489));
#2470 = ORIENTED_EDGE('',*,*,#2471,.T.);
#2471 = EDGE_CURVE('',#2444,#2472,#2474,.T.);
#2472 = VERTEX_POINT('',#2473);
#2473 = CARTESIAN_POINT('',(0.125939796423,1.005,1.00001E-02));
#2474 = B_SPLINE_CURVE_WITH_KNOTS('',1,(#2475,#2476),.UNSPECIFIED.,.F.,
  .F.,(2,2),(-0.125939796423,0.125939796423),.PIECEWISE_BEZIER_KNOTS.);
#2475 = CARTESIAN_POINT('',(-0.125939796423,1.005,1.00001E-02));
#2476 = CARTESIAN_POINT('',(0.125939796423,1.005,1.00001E-02));
#2477 = ORIENTED_EDGE('',*,*,#2478,.F.);
#2478 = EDGE_CURVE('',#2479,#2472,#2481,.T.);
#2479 = VERTEX_POINT('',#2480);
#2480 = CARTESIAN_POINT('',(0.125939796423,1.005,9.0001E-03));
#2481 = B_SPLINE_CURVE_WITH_KNOTS('',1,(#2482,#2483),.UNSPECIFIED.,.F.,
  .F.,(2,2),(0.,1.E-03),.PIECEWISE_BEZIER_KNOTS.);
#2482 = CARTESIAN_POINT('',(0.125939796423,1.005,9.0001E-03));
#2483 = CARTESIAN_POINT('',(0.125939796423,1.005,1.00001E-02));
#2484 = ORIENTED_EDGE('',*,*,#2485,.F.);
#2485 = EDGE_CURVE('',#2451,#2479,#2486,.T.);
#2486 = B_SPLINE_CURVE_WITH_KNOTS('',1,(#2487,#2488),.UNSPECIFIED.,.F.,
  .F.,(2,2),(-0.125939796423,0.125939796423),.PIECEWISE_BEZIER_KNOTS.);
#2487 = CARTESIAN_POINT('',(-0.125939796423,1.005,9.0001E-03));
#2488 = CARTESIAN_POINT('',(0.125939796423,1.005,9.0001E-03));
#2489 = ORIENTED_EDGE('',*,*,#2450,.T.);
#2490 = B_SPLINE_SURFACE_WITH_KNOTS('',1,1,(
    (#2491,#2492)
    ,(#2493,#2494
    )),.UNSPECIFIED.,.F.,.F.,.F.,(2,2),(2,2),(-1.E-03,0.),(
    -0.125939796423,0.125939796423),.PIECEWISE_BEZIER_KNOTS.);
#2491 = CARTESIAN_POINT('',(-0.125939796423,1.005,1.00001E-02));
#2492 = CARTESIAN_POINT('',(0.125939796423,1.005,1.00001E-02));
#2493 = CARTESIAN_POINT('',(-0.125939796423,1.005,9.0001E-03));
#2494 = CARTESIAN_POINT('',(0.125939796423,1.005,9.0001E-03));
#2495 = ADVANCED_FACE('',(#2496),#2518,.F.);
#2496 = FACE_BOUND('',#2497,.T.);
#2497 = EDGE_LOOP('',(#2498,#2505,#2512,#2517));
#2498 = ORIENTED_EDGE('',*,*,#2499,.T.);
#2499 = EDGE_CURVE('',#2472,#2500,#2502,.T.);
#2500 = VERTEX_POINT('',#2501);
#2501 = CARTESIAN_POINT('',(0.125939796423,0.509094476266,1.00001E-02));
#2502 = B_SPLINE_CURVE_WITH_KNOTS('',1,(#2503,#2504),.UNSPECIFIED.,.F.,
  .F.,(2,2),(-1.,-0.504094476266),.PIECEWISE_BEZIER_KNOTS.);
#2503 = CARTESIAN_POINT('',(0.125939796423,1.005,1.00001E-02));
#2504 = CARTESIAN_POINT('',(0.125939796423,0.509094476266,1.00001E-02));
#2505 = ORIENTED_EDGE('',*,*,#2506,.F.);
#2506 = EDGE_CURVE('',#2507,#2500,#2509,.T.);
#2507 = VERTEX_POINT('',#2508);
#2508 = CARTESIAN_POINT('',(0.125939796423,0.509094476266,9.0001E-03));
#2509 = B_SPLINE_CURVE_WITH_KNOTS('',1,(#2510,#2511),.UNSPECIFIED.,.F.,
  .F.,(2,2),(0.,1.E-03),.PIECEWISE_BEZIER_KNOTS.);
#2510 = CARTESIAN_POINT('',(0.125939796423,0.509094476266,9.0001E-03));
#2511 = CARTESIAN_POINT('',(0.125939796423,0.509094476266,1.00001E-02));
#2512 = ORIENTED_EDGE('',*,*,#2513,.F.);
#2513 = EDGE_CURVE('',#2479,#2507,#2514,.T.);
#2514 = B_SPLINE_CURVE_WITH_KNOTS('',1,(#2515,#2516),.UNSPECIFIED.,.F.,
  .F.,(2,2),(-1.,-0.504094476266),.PIECEWISE_BEZIER_KNOTS.);
#2515 = CARTESIAN_POINT('',(0.125939796423,1.005,9.0001E-03));
#2516 = CARTESIAN_POINT('',(0.125939796423,0.509094476266,9.0001E-03));
#2517 = ORIENTED_EDGE('',*,*,#2478,.T.);
#2518 = B_SPLINE_SURFACE_WITH_KNOTS('',1,1,(
    (#2519,#2520)
    ,(#2521,#2522
    )),.UNSPECIFIED.,.F.,.F.,.F.,(2,2),(2,2),(-1.,-0.504094476266),(0.,
    1.E-03),.PIECEWISE_BEZIER_KNOTS.);
#2519 = CARTESIAN_POINT('',(0.125939796423,1.005,9.0001E-03));
#2520 = CARTESIAN_POINT('',(0.125939796423,1.005,1.00001E-02));
#2521 = CARTESIAN_POINT('',(0.125939796423,0.509094476266,9.0001E-03));
#2522 = CARTESIAN_POINT('',(0.125939796423,0.509094476266,1.00001E-02));
#2523 = ADVANCED_FACE('',(#2524),#2546,.T.);
#2524 = FACE_BOUND('',#2525,.T.);
#2525 = EDGE_LOOP('',(#2526,#2533,#2540,#2545));
#2526 = ORIENTED_EDGE('',*,*,#2527,.F.);
#2527 = EDGE_CURVE('',#2528,#2500,#2530,.T.);
#2528 = VERTEX_POINT('',#2529);
#2529 = CARTESIAN_POINT('',(1.,0.509094476266,1.00001E-02));
#2530 = B_SPLINE_CURVE_WITH_KNOTS('',1,(#2531,#2532),.UNSPECIFIED.,.F.,
  .F.,(2,2),(-1.,-0.125939796423),.PIECEWISE_BEZIER_KNOTS.);
#2531 = CARTESIAN_POINT('',(1.,0.509094476266,1.00001E-02));
#2532 = CARTESIAN_POINT('',(0.125939796423,0.509094476266,1.00001E-02));
#2533 = ORIENTED_EDGE('',*,*,#2534,.F.);
#2534 = EDGE_CURVE('',#2535,#2528,#2537,.T.);
#2535 = VERTEX_POINT('',#2536);
#2536 = CARTESIAN_POINT('',(1.,0.509094476266,9.0001E-03));
#2537 = B_SPLINE_CURVE_WITH_KNOTS('',1,(#2538,#2539),.UNSPECIFIED.,.F.,
  .F.,(2,2),(0.,1.E-03),.PIECEWISE_BEZIER_KNOTS.);
#2538 = CARTESIAN_POINT('',(1.,0.509094476266,9.0001E-03));
#2539 = CARTESIAN_POINT('',(1.,0.509094476266,1.00001E-02));
#2540 = ORIENTED_EDGE('',*,*,#2541,.T.);
#2541 = EDGE_CURVE('',#2535,#2507,#2542,.T.);
#2542 = B_SPLINE_CURVE_WITH_KNOTS('',1,(#2543,#2544),.UNSPECIFIED.,.F.,
  .F.,(2,2),(-1.,-0.125939796423),.PIECEWISE_BEZIER_KNOTS.);
#2543 = CARTESIAN_POINT('',(1.,0.509094476266,9.0001E-03));
#2544 = CARTESIAN_POINT('',(0.125939796423,0.509094476266,9.0001E-03));
#2545 = ORIENTED_EDGE('',*,*,#2506,.T.);
#2546 = B_SPLINE_SURFACE_WITH_KNOTS('',1,1,(
    (#2547,#2548)
    ,(#2549,#2550
    )),.UNSPECIFIED.,.F.,.F.,.F.,(2,2),(2,2),(0.,1.E-03),(0.125939796423
    ,1.),.PIECEWISE_BEZIER_KNOTS.);
#2547 = CARTESIAN_POINT('',(0.125939796423,0.509094476266,9.0001E-03));
#2548 = CARTESIAN_POINT('',(1.,0.509094476266,9.0001E-03));
#2549 = CARTESIAN_POINT('',(0.125939796423,0.509094476266,1.00001E-02));
#2550 = CARTESIAN_POINT('',(1.,0.509094476266,1.00001E-02));
#2551 = ADVANCED_FACE('',(#2552),#2574,.F.);
#2552 = FACE_BOUND('',#2553,.T.);
#2553 = EDGE_LOOP('',(#2554,#2561,#2568,#2573));
#2554 = ORIENTED_EDGE('',*,*,#2555,.T.);
#2555 = EDGE_CURVE('',#2528,#2556,#2558,.T.);
#2556 = VERTEX_POINT('',#2557);
#2557 = CARTESIAN_POINT('',(1.,0.32848386986,1.00001E-02));
#2558 = B_SPLINE_CURVE_WITH_KNOTS('',1,(#2559,#2560),.UNSPECIFIED.,.F.,
  .F.,(2,2),(-0.504094476266,-0.32348386986),.PIECEWISE_BEZIER_KNOTS.);
#2559 = CARTESIAN_POINT('',(1.,0.509094476266,1.00001E-02));
#2560 = CARTESIAN_POINT('',(1.,0.32848386986,1.00001E-02));
#2561 = ORIENTED_EDGE('',*,*,#2562,.F.);
#2562 = EDGE_CURVE('',#2563,#2556,#2565,.T.);
#2563 = VERTEX_POINT('',#2564);
#2564 = CARTESIAN_POINT('',(1.,0.32848386986,9.0001E-03));
#2565 = B_SPLINE_CURVE_WITH_KNOTS('',1,(#2566,#2567),.UNSPECIFIED.,.F.,
  .F.,(2,2),(0.,1.E-03),.PIECEWISE_BEZIER_KNOTS.);
#2566 = CARTESIAN_POINT('',(1.,0.32848386986,9.0001E-03));
#2567 = CARTESIAN_POINT('',(1.,0.32848386986,1.00001E-02));
#2568 = ORIENTED_EDGE('',*,*,#2569,.F.);
#2569 = EDGE_CURVE('',#2535,#2563,#2570,.T.);
#2570 = B_SPLINE_CURVE_WITH_KNOTS('',1,(#2571,#2572),.UNSPECIFIED.,.F.,
  .F.,(2,2),(-0.504094476266,-0.32348386986),.PIECEWISE_BEZIER_KNOTS.);
#2571 = CARTESIAN_POINT('',(1.,0.509094476266,9.0001E-03));
#2572 = CARTESIAN_POINT('',(1.,0.32848386986,9.0001E-03));
#2573 = ORIENTED_EDGE('',*,*,#2534,.T.);
#2574 = B_SPLINE_SURFACE_WITH_KNOTS('',1,1,(
    (#2575,#2576)
    ,(#2577,#2578
    )),.UNSPECIFIED.,.F.,.F.,.F.,(2,2),(2,2),(0.,1.E-03),(0.32348386986,
    0.504094476266),.PIECEWISE_BEZIER_KNOTS.);
#2575 = CARTESIAN_POINT('',(1.,0.32848386986,9.0001E-03));
#2576 = CARTESIAN_POINT('',(1.,0.509094476266,9.0001E-03));
#2577 = CARTESIAN_POINT('',(1.,0.32848386986,1.00001E-02));
#2578 = CARTESIAN_POINT('',(1.,0.509094476266,1.00001E-02));
#2579 = ADVANCED_FACE('',(#2580),#2602,.F.);
#2580 = FACE_BOUND('',#2581,.T.);
#2581 = EDGE_LOOP('',(#2582,#2589,#2596,#2601));
#2582 = ORIENTED_EDGE('',*,*,#2583,.T.);
#2583 = EDGE_CURVE('',#2556,#2584,#2586,.T.);
#2584 = VERTEX_POINT('',#2585);
#2585 = CARTESIAN_POINT('',(0.125939796423,0.32848386986,1.00001E-02));
#2586 = B_SPLINE_CURVE_WITH_KNOTS('',1,(#2587,#2588),.UNSPECIFIED.,.F.,
  .F.,(2,2),(-1.,-0.125939796423),.PIECEWISE_BEZIER_KNOTS.);
#2587 = CARTESIAN_POINT('',(1.,0.32848386986,1.00001E-02));
#2588 = CARTESIAN_POINT('',(0.125939796423,0.32848386986,1.00001E-02));
#2589 = ORIENTED_EDGE('',*,*,#2590,.F.);
#2590 = EDGE_CURVE('',#2591,#2584,#2593,.T.);
#2591 = VERTEX_POINT('',#2592);
#2592 = CARTESIAN_POINT('',(0.125939796423,0.32848386986,9.0001E-03));
#2593 = B_SPLINE_CURVE_WITH_KNOTS('',1,(#2594,#2595),.UNSPECIFIED.,.F.,
  .F.,(2,2),(0.,1.E-03),.PIECEWISE_BEZIER_KNOTS.);
#2594 = CARTESIAN_POINT('',(0.125939796423,0.32848386986,9.0001E-03));
#2595 = CARTESIAN_POINT('',(0.125939796423,0.32848386986,1.00001E-02));
#2596 = ORIENTED_EDGE('',*,*,#2597,.F.);
#2597 = EDGE_CURVE('',#2563,#2591,#2598,.T.);
#2598 = B_SPLINE_CURVE_WITH_KNOTS('',1,(#2599,#2600),.UNSPECIFIED.,.F.,
  .F.,(2,2),(-1.,-0.125939796423),.PIECEWISE_BEZIER_KNOTS.);
#2599 = CARTESIAN_POINT('',(1.,0.32848386986,9.0001E-03));
#2600 = CARTESIAN_POINT('',(0.125939796423,0.32848386986,9.0001E-03));
#2601 = ORIENTED_EDGE('',*,*,#2562,.T.);
#2602 = B_SPLINE_SURFACE_WITH_KNOTS('',1,1,(
    (#2603,#2604)
    ,(#2605,#2606
    )),.UNSPECIFIED.,.F.,.F.,.F.,(2,2),(2,2),(0.,1.E-03),(0.125939796423
    ,1.),.PIECEWISE_BEZIER_KNOTS.);
#2603 = CARTESIAN_POINT('',(0.125939796423,0.32848386986,9.0001E-03));
#2604 = CARTESIAN_POINT('',(1.,0.32848386986,9.0001E-03));
#2605 = CARTESIAN_POINT('',(0.125939796423,0.32848386986,1.00001E-02));
#2606 = CARTESIAN_POINT('',(1.,0.32848386986,1.00001E-02));
#2607 = ADVANCED_FACE('',(#2608),#2630,.F.);
#2608 = FACE_BOUND('',#2609,.T.);
#2609 = EDGE_LOOP('',(#2610,#2617,#2624,#2629));
#2610 = ORIENTED_EDGE('',*,*,#2611,.T.);
#2611 = EDGE_CURVE('',#2584,#2612,#2614,.T.);
#2612 = VERTEX_POINT('',#2613);
#2613 = CARTESIAN_POINT('',(0.125939796423,-0.293368764263,1.00001E-02)
  );
#2614 = B_SPLINE_CURVE_WITH_KNOTS('',1,(#2615,#2616),.UNSPECIFIED.,.F.,
  .F.,(2,2),(-0.32348386986,0.298368764263),.PIECEWISE_BEZIER_KNOTS.);
#2615 = CARTESIAN_POINT('',(0.125939796423,0.32848386986,1.00001E-02));
#2616 = CARTESIAN_POINT('',(0.125939796423,-0.293368764263,1.00001E-02)
  );
#2617 = ORIENTED_EDGE('',*,*,#2618,.F.);
#2618 = EDGE_CURVE('',#2619,#2612,#2621,.T.);
#2619 = VERTEX_POINT('',#2620);
#2620 = CARTESIAN_POINT('',(0.125939796423,-0.293368764263,9.0001E-03));
#2621 = B_SPLINE_CURVE_WITH_KNOTS('',1,(#2622,#2623),.UNSPECIFIED.,.F.,
  .F.,(2,2),(0.,1.E-03),.PIECEWISE_BEZIER_KNOTS.);
#2622 = CARTESIAN_POINT('',(0.125939796423,-0.293368764263,9.0001E-03));
#2623 = CARTESIAN_POINT('',(0.125939796423,-0.293368764263,1.00001E-02)
  );
#2624 = ORIENTED_EDGE('',*,*,#2625,.F.);
#2625 = EDGE_CURVE('',#2591,#2619,#2626,.T.);
#2626 = B_SPLINE_CURVE_WITH_KNOTS('',1,(#2627,#2628),.UNSPECIFIED.,.F.,
  .F.,(2,2),(-0.32348386986,0.298368764263),.PIECEWISE_BEZIER_KNOTS.);
#2627 = CARTESIAN_POINT('',(0.125939796423,0.32848386986,9.0001E-03));
#2628 = CARTESIAN_POINT('',(0.125939796423,-0.293368764263,9.0001E-03));
#2629 = ORIENTED_EDGE('',*,*,#2590,.T.);
#2630 = B_SPLINE_SURFACE_WITH_KNOTS('',1,1,(
    (#2631,#2632)
    ,(#2633,#2634
    )),.UNSPECIFIED.,.F.,.F.,.F.,(2,2),(2,2),(-0.32348386986,
    0.298368764263),(0.,1.E-03),.PIECEWISE_BEZIER_KNOTS.);
#2631 = CARTESIAN_POINT('',(0.125939796423,0.32848386986,9.0001E-03));
#2632 = CARTESIAN_POINT('',(0.125939796423,0.32848386986,1.00001E-02));
#2633 = CARTESIAN_POINT('',(0.125939796423,-0.293368764263,9.0001E-03));
#2634 = CARTESIAN_POINT('',(0.125939796423,-0.293368764263,1.00001E-02)
  );
#2635 = ADVANCED_FACE('',(#2636),#2658,.T.);
#2636 = FACE_BOUND('',#2637,.T.);
#2637 = EDGE_LOOP('',(#2638,#2645,#2652,#2657));
#2638 = ORIENTED_EDGE('',*,*,#2639,.F.);
#2639 = EDGE_CURVE('',#2640,#2612,#2642,.T.);
#2640 = VERTEX_POINT('',#2641);
#2641 = CARTESIAN_POINT('',(1.,-0.293368764263,1.00001E-02));
#2642 = B_SPLINE_CURVE_WITH_KNOTS('',1,(#2643,#2644),.UNSPECIFIED.,.F.,
  .F.,(2,2),(-1.,-0.125939796423),.PIECEWISE_BEZIER_KNOTS.);
#2643 = CARTESIAN_POINT('',(1.,-0.293368764263,1.00001E-02));
#2644 = CARTESIAN_POINT('',(0.125939796423,-0.293368764263,1.00001E-02)
  );
#2645 = ORIENTED_EDGE('',*,*,#2646,.F.);
#2646 = EDGE_CURVE('',#2647,#2640,#2649,.T.);
#2647 = VERTEX_POINT('',#2648);
#2648 = CARTESIAN_POINT('',(1.,-0.293368764263,9.0001E-03));
#2649 = B_SPLINE_CURVE_WITH_KNOTS('',1,(#2650,#2651),.UNSPECIFIED.,.F.,
  .F.,(2,2),(0.,1.E-03),.PIECEWISE_BEZIER_KNOTS.);
#2650 = CARTESIAN_POINT('',(1.,-0.293368764263,9.0001E-03));
#2651 = CARTESIAN_POINT('',(1.,-0.293368764263,1.00001E-02));
#2652 = ORIENTED_EDGE('',*,*,#2653,.T.);
#2653 = EDGE_CURVE('',#2647,#2619,#2654,.T.);
#2654 = B_SPLINE_CURVE_WITH_KNOTS('',1,(#2655,#2656),.UNSPECIFIED.,.F.,
  .F.,(2,2),(-1.,-0.125939796423),.PIECEWISE_BEZIER_KNOTS.);
#2655 = CARTESIAN_POINT('',(1.,-0.293368764263,9.0001E-03));
#2656 = CARTESIAN_POINT('',(0.125939796423,-0.293368764263,9.0001E-03));
#2657 = ORIENTED_EDGE('',*,*,#2618,.T.);
#2658 = B_SPLINE_SURFACE_WITH_KNOTS('',1,1,(
    (#2659,#2660)
    ,(#2661,#2662
    )),.UNSPECIFIED.,.F.,.F.,.F.,(2,2),(2,2),(0.,1.E-03),(0.125939796423
    ,1.),.PIECEWISE_BEZIER_KNOTS.);
#2659 = CARTESIAN_POINT('',(0.125939796423,-0.293368764263,9.0001E-03));
#2660 = CARTESIAN_POINT('',(1.,-0.293368764263,9.0001E-03));
#2661 = CARTESIAN_POINT('',(0.125939796423,-0.293368764263,1.00001E-02)
  );
#2662 = CARTESIAN_POINT('',(1.,-0.293368764263,1.00001E-02));
#2663 = ADVANCED_FACE('',(#2664),#2678,.F.);
#2664 = FACE_BOUND('',#2665,.T.);
#2665 = EDGE_LOOP('',(#2666,#2671,#2672,#2677));
#2666 = ORIENTED_EDGE('',*,*,#2667,.T.);
#2667 = EDGE_CURVE('',#2640,#2240,#2668,.T.);
#2668 = B_SPLINE_CURVE_WITH_KNOTS('',1,(#2669,#2670),.UNSPECIFIED.,.F.,
  .F.,(2,2),(0.298368764263,0.497582363671),.PIECEWISE_BEZIER_KNOTS.);
#2669 = CARTESIAN_POINT('',(1.,-0.293368764263,1.00001E-02));
#2670 = CARTESIAN_POINT('',(1.,-0.492582363671,1.00001E-02));
#2671 = ORIENTED_EDGE('',*,*,#2262,.F.);
#2672 = ORIENTED_EDGE('',*,*,#2673,.F.);
#2673 = EDGE_CURVE('',#2647,#2256,#2674,.T.);
#2674 = B_SPLINE_CURVE_WITH_KNOTS('',1,(#2675,#2676),.UNSPECIFIED.,.F.,
  .F.,(2,2),(0.298368764263,0.497582363671),.PIECEWISE_BEZIER_KNOTS.);
#2675 = CARTESIAN_POINT('',(1.,-0.293368764263,9.0001E-03));
#2676 = CARTESIAN_POINT('',(1.,-0.492582363671,9.0001E-03));
#2677 = ORIENTED_EDGE('',*,*,#2646,.T.);
#2678 = B_SPLINE_SURFACE_WITH_KNOTS('',1,1,(
    (#2679,#2680)
    ,(#2681,#2682
    )),.UNSPECIFIED.,.F.,.F.,.F.,(2,2),(2,2),(0.,1.E-03),(
    -0.497582363671,-0.298368764263),.PIECEWISE_BEZIER_KNOTS.);
#2679 = CARTESIAN_POINT('',(1.,-0.492582363671,9.0001E-03));
#2680 = CARTESIAN_POINT('',(1.,-0.293368764263,9.0001E-03));
#2681 = CARTESIAN_POINT('',(1.,-0.492582363671,1.00001E-02));
#2682 = CARTESIAN_POINT('',(1.,-0.293368764263,1.00001E-02));
#2683 = ADVANCED_FACE('',(#2684),#2702,.T.);
#2684 = FACE_BOUND('',#2685,.T.);
#2685 = EDGE_LOOP('',(#2686,#2687,#2688,#2689,#2690,#2691,#2692,#2693,
    #2694,#2695,#2696,#2697,#2698,#2699,#2700,#2701));
#2686 = ORIENTED_EDGE('',*,*,#2255,.T.);
#2687 = ORIENTED_EDGE('',*,*,#2289,.T.);
#2688 = ORIENTED_EDGE('',*,*,#2317,.F.);
#2689 = ORIENTED_EDGE('',*,*,#2345,.F.);
#2690 = ORIENTED_EDGE('',*,*,#2373,.T.);
#2691 = ORIENTED_EDGE('',*,*,#2401,.T.);
#2692 = ORIENTED_EDGE('',*,*,#2429,.F.);
#2693 = ORIENTED_EDGE('',*,*,#2457,.F.);
#2694 = ORIENTED_EDGE('',*,*,#2485,.T.);
#2695 = ORIENTED_EDGE('',*,*,#2513,.T.);
#2696 = ORIENTED_EDGE('',*,*,#2541,.F.);
#2697 = ORIENTED_EDGE('',*,*,#2569,.T.);
#2698 = ORIENTED_EDGE('',*,*,#2597,.T.);
#2699 = ORIENTED_EDGE('',*,*,#2625,.T.);
#2700 = ORIENTED_EDGE('',*,*,#2653,.F.);
#2701 = ORIENTED_EDGE('',*,*,#2673,.T.);
#2702 = B_SPLINE_SURFACE_WITH_KNOTS('',1,1,(
    (#2703,#2704)
    ,(#2705,#2706
    )),.UNSPECIFIED.,.F.,.F.,.F.,(2,2),(2,2),(-1.,1.),(-0.497582363671,
    1.),.PIECEWISE_BEZIER_KNOTS.);
#2703 = CARTESIAN_POINT('',(1.,-0.492582363671,9.0001E-03));
#2704 = CARTESIAN_POINT('',(1.,1.005,9.0001E-03));
#2705 = CARTESIAN_POINT('',(-1.,-0.492582363671,9.0001E-03));
#2706 = CARTESIAN_POINT('',(-1.,1.005,9.0001E-03));
#2707 = ADVANCED_FACE('',(#2708),#2726,.F.);
#2708 = FACE_BOUND('',#2709,.T.);
#2709 = EDGE_LOOP('',(#2710,#2711,#2712,#2713,#2714,#2715,#2716,#2717,
    #2718,#2719,#2720,#2721,#2722,#2723,#2724,#2725));
#2710 = ORIENTED_EDGE('',*,*,#2239,.F.);
#2711 = ORIENTED_EDGE('',*,*,#2667,.F.);
#2712 = ORIENTED_EDGE('',*,*,#2639,.T.);
#2713 = ORIENTED_EDGE('',*,*,#2611,.F.);
#2714 = ORIENTED_EDGE('',*,*,#2583,.F.);
#2715 = ORIENTED_EDGE('',*,*,#2555,.F.);
#2716 = ORIENTED_EDGE('',*,*,#2527,.T.);
#2717 = ORIENTED_EDGE('',*,*,#2499,.F.);
#2718 = ORIENTED_EDGE('',*,*,#2471,.F.);
#2719 = ORIENTED_EDGE('',*,*,#2443,.T.);
#2720 = ORIENTED_EDGE('',*,*,#2415,.T.);
#2721 = ORIENTED_EDGE('',*,*,#2387,.F.);
#2722 = ORIENTED_EDGE('',*,*,#2359,.F.);
#2723 = ORIENTED_EDGE('',*,*,#2331,.T.);
#2724 = ORIENTED_EDGE('',*,*,#2303,.T.);
#2725 = ORIENTED_EDGE('',*,*,#2275,.F.);
#2726 = B_SPLINE_SURFACE_WITH_KNOTS('',1,1,(
    (#2727,#2728)
    ,(#2729,#2730
    )),.UNSPECIFIED.,.F.,.F.,.F.,(2,2),(2,2),(-1.,1.),(-0.497582363671,
    1.),.PIECEWISE_BEZIER_KNOTS.);
#2727 = CARTESIAN_POINT('',(1.,-0.492582363671,1.00001E-02));
#2728 = CARTESIAN_POINT('',(1.,1.005,1.00001E-02));
#2729 = CARTESIAN_POINT('',(-1.,-0.492582363671,1.00001E-02));
#2730 = CARTESIAN_POINT('',(-1.,1.005,1.00001E-02));
#2731 = MANIFOLD_SOLID_BREP('',#2732);
#2732 = CLOSED_SHELL('',(#2733,#2769,#2797,#2817,#2828));
#2733 = ADVANCED_FACE('',(#2734),#2764,.F.);
#2734 = FACE_BOUND('',#2735,.T.);
#2735 = EDGE_LOOP('',(#2736,#2745,#2752,#2759));
#2736 = ORIENTED_EDGE('',*,*,#2737,.T.);
#2737 = EDGE_CURVE('',#2738,#2740,#2742,.T.);
#2738 = VERTEX_POINT('',#2739);
#2739 = CARTESIAN_POINT('',(1.36845658929E-02,-0.909084147826,
    1.00001E-02));
#2740 = VERTEX_POINT('',#2741);
#2741 = CARTESIAN_POINT('',(1.36845658929E-02,-0.69361416339,1.00001E-02
    ));
#2742 = B_SPLINE_CURVE_WITH_KNOTS('',1,(#2743,#2744),.UNSPECIFIED.,.F.,
  .F.,(2,2),(0.,0.215469984436),.PIECEWISE_BEZIER_KNOTS.);
#2743 = CARTESIAN_POINT('',(1.36845658929E-02,-0.909084147826,
    1.00001E-02));
#2744 = CARTESIAN_POINT('',(1.36845658929E-02,-0.69361416339,1.00001E-02
    ));
#2745 = ORIENTED_EDGE('',*,*,#2746,.F.);
#2746 = EDGE_CURVE('',#2747,#2740,#2749,.T.);
#2747 = VERTEX_POINT('',#2748);
#2748 = CARTESIAN_POINT('',(1.36845658929E-02,-0.69361416339,9.0001E-03)
  );
#2749 = B_SPLINE_CURVE_WITH_KNOTS('',1,(#2750,#2751),.UNSPECIFIED.,.F.,
  .F.,(2,2),(0.,1.E-03),.PIECEWISE_BEZIER_KNOTS.);
#2750 = CARTESIAN_POINT('',(1.36845658929E-02,-0.69361416339,9.0001E-03)
  );
#2751 = CARTESIAN_POINT('',(1.36845658929E-02,-0.69361416339,1.00001E-02
    ));
#2752 = ORIENTED_EDGE('',*,*,#2753,.F.);
#2753 = EDGE_CURVE('',#2754,#2747,#2756,.T.);
#2754 = VERTEX_POINT('',#2755);
#2755 = CARTESIAN_POINT('',(1.36845658929E-02,-0.909084147826,9.0001E-03
    ));
#2756 = B_SPLINE_CURVE_WITH_KNOTS('',1,(#2757,#2758),.UNSPECIFIED.,.F.,
  .F.,(2,2),(0.,0.215469984436),.PIECEWISE_BEZIER_KNOTS.);
#2757 = CARTESIAN_POINT('',(1.36845658929E-02,-0.909084147826,9.0001E-03
    ));
#2758 = CARTESIAN_POINT('',(1.36845658929E-02,-0.69361416339,9.0001E-03)
  );
#2759 = ORIENTED_EDGE('',*,*,#2760,.T.);
#2760 = EDGE_CURVE('',#2754,#2738,#2761,.T.);
#2761 = B_SPLINE_CURVE_WITH_KNOTS('',1,(#2762,#2763),.UNSPECIFIED.,.F.,
  .F.,(2,2),(0.,1.E-03),.PIECEWISE_BEZIER_KNOTS.);
#2762 = CARTESIAN_POINT('',(1.36845658929E-02,-0.909084147826,9.0001E-03
    ));
#2763 = CARTESIAN_POINT('',(1.36845658929E-02,-0.909084147826,
    1.00001E-02));
#2764 = B_SPLINE_SURFACE_WITH_KNOTS('',1,1,(
    (#2765,#2766)
    ,(#2767,#2768
    )),.UNSPECIFIED.,.F.,.F.,.F.,(2,2),(2,2),(-1.E-03,0.),(0.,
    0.215469984436),.PIECEWISE_BEZIER_KNOTS.);
#2765 = CARTESIAN_POINT('',(1.36845658929E-02,-0.909084147826,
    1.00001E-02));
#2766 = CARTESIAN_POINT('',(1.36845658929E-02,-0.69361416339,1.00001E-02
    ));
#2767 = CARTESIAN_POINT('',(1.36845658929E-02,-0.909084147826,9.0001E-03
    ));
#2768 = CARTESIAN_POINT('',(1.36845658929E-02,-0.69361416339,9.0001E-03)
  );
#2769 = ADVANCED_FACE('',(#2770),#2792,.F.);
#2770 = FACE_BOUND('',#2771,.T.);
#2771 = EDGE_LOOP('',(#2772,#2779,#2786,#2791));
#2772 = ORIENTED_EDGE('',*,*,#2773,.T.);
#2773 = EDGE_CURVE('',#2740,#2774,#2776,.T.);
#2774 = VERTEX_POINT('',#2775);
#2775 = CARTESIAN_POINT('',(0.237518365115,-0.799781641314,1.00001E-02)
  );
#2776 = B_SPLINE_CURVE_WITH_KNOTS('',1,(#2777,#2778),.UNSPECIFIED.,.F.,
  .F.,(2,2),(0.,0.247735954279),.PIECEWISE_BEZIER_KNOTS.);
#2777 = CARTESIAN_POINT('',(1.36845658929E-02,-0.69361416339,1.00001E-02
    ));
#2778 = CARTESIAN_POINT('',(0.237518365115,-0.799781641314,1.00001E-02)
  );
#2779 = ORIENTED_EDGE('',*,*,#2780,.F.);
#2780 = EDGE_CURVE('',#2781,#2774,#2783,.T.);
#2781 = VERTEX_POINT('',#2782);
#2782 = CARTESIAN_POINT('',(0.237518365115,-0.799781641314,9.0001E-03));
#2783 = B_SPLINE_CURVE_WITH_KNOTS('',1,(#2784,#2785),.UNSPECIFIED.,.F.,
  .F.,(2,2),(0.,1.E-03),.PIECEWISE_BEZIER_KNOTS.);
#2784 = CARTESIAN_POINT('',(0.237518365115,-0.799781641314,9.0001E-03));
#2785 = CARTESIAN_POINT('',(0.237518365115,-0.799781641314,1.00001E-02)
  );
#2786 = ORIENTED_EDGE('',*,*,#2787,.F.);
#2787 = EDGE_CURVE('',#2747,#2781,#2788,.T.);
#2788 = B_SPLINE_CURVE_WITH_KNOTS('',1,(#2789,#2790),.UNSPECIFIED.,.F.,
  .F.,(2,2),(0.,0.247735954279),.PIECEWISE_BEZIER_KNOTS.);
#2789 = CARTESIAN_POINT('',(1.36845658929E-02,-0.69361416339,9.0001E-03)
  );
#2790 = CARTESIAN_POINT('',(0.237518365115,-0.799781641314,9.0001E-03));
#2791 = ORIENTED_EDGE('',*,*,#2746,.T.);
#2792 = B_SPLINE_SURFACE_WITH_KNOTS('',1,1,(
    (#2793,#2794)
    ,(#2795,#2796
    )),.UNSPECIFIED.,.F.,.F.,.F.,(2,2),(2,2),(0.,0.247735954279),(0.,
    1.E-03),.PIECEWISE_BEZIER_KNOTS.);
#2793 = CARTESIAN_POINT('',(1.36845658929E-02,-0.69361416339,9.0001E-03)
  );
#2794 = CARTESIAN_POINT('',(1.36845658929E-02,-0.69361416339,1.00001E-02
    ));
#2795 = CARTESIAN_POINT('',(0.237518365115,-0.799781641314,9.0001E-03));
#2796 = CARTESIAN_POINT('',(0.237518365115,-0.799781641314,1.00001E-02)
  );
#2797 = ADVANCED_FACE('',(#2798),#2812,.F.);
#2798 = FACE_BOUND('',#2799,.T.);
#2799 = EDGE_LOOP('',(#2800,#2805,#2806,#2811));
#2800 = ORIENTED_EDGE('',*,*,#2801,.T.);
#2801 = EDGE_CURVE('',#2774,#2738,#2802,.T.);
#2802 = B_SPLINE_CURVE_WITH_KNOTS('',1,(#2803,#2804),.UNSPECIFIED.,.F.,
  .F.,(2,2),(0.,0.249095579254),.PIECEWISE_BEZIER_KNOTS.);
#2803 = CARTESIAN_POINT('',(0.237518365115,-0.799781641314,1.00001E-02)
  );
#2804 = CARTESIAN_POINT('',(1.36845658929E-02,-0.909084147826,
    1.00001E-02));
#2805 = ORIENTED_EDGE('',*,*,#2760,.F.);
#2806 = ORIENTED_EDGE('',*,*,#2807,.F.);
#2807 = EDGE_CURVE('',#2781,#2754,#2808,.T.);
#2808 = B_SPLINE_CURVE_WITH_KNOTS('',1,(#2809,#2810),.UNSPECIFIED.,.F.,
  .F.,(2,2),(0.,0.249095579254),.PIECEWISE_BEZIER_KNOTS.);
#2809 = CARTESIAN_POINT('',(0.237518365115,-0.799781641314,9.0001E-03));
#2810 = CARTESIAN_POINT('',(1.36845658929E-02,-0.909084147826,9.0001E-03
    ));
#2811 = ORIENTED_EDGE('',*,*,#2780,.T.);
#2812 = B_SPLINE_SURFACE_WITH_KNOTS('',1,1,(
    (#2813,#2814)
    ,(#2815,#2816
    )),.UNSPECIFIED.,.F.,.F.,.F.,(2,2),(2,2),(0.,0.249095579254),(0.,
    1.E-03),.PIECEWISE_BEZIER_KNOTS.);
#2813 = CARTESIAN_POINT('',(0.237518365115,-0.799781641314,9.0001E-03));
#2814 = CARTESIAN_POINT('',(0.237518365115,-0.799781641314,1.00001E-02)
  );
#2815 = CARTESIAN_POINT('',(1.36845658929E-02,-0.909084147826,9.0001E-03
    ));
#2816 = CARTESIAN_POINT('',(1.36845658929E-02,-0.909084147826,
    1.00001E-02));
#2817 = ADVANCED_FACE('',(#2818),#2823,.T.);
#2818 = FACE_BOUND('',#2819,.T.);
#2819 = EDGE_LOOP('',(#2820,#2821,#2822));
#2820 = ORIENTED_EDGE('',*,*,#2753,.T.);
#2821 = ORIENTED_EDGE('',*,*,#2787,.T.);
#2822 = ORIENTED_EDGE('',*,*,#2807,.T.);
#2823 = B_SPLINE_SURFACE_WITH_KNOTS('',1,1,(
    (#2824,#2825)
    ,(#2826,#2827
    )),.UNSPECIFIED.,.F.,.F.,.F.,(2,2),(2,2),(-0.237518365115,
    -1.36845658929E-02),(-0.914084147826,-0.69861416339),
  .PIECEWISE_BEZIER_KNOTS.);
#2824 = CARTESIAN_POINT('',(0.237518365115,-0.909084147826,9.0001E-03));
#2825 = CARTESIAN_POINT('',(0.237518365115,-0.69361416339,9.0001E-03));
#2826 = CARTESIAN_POINT('',(1.36845658929E-02,-0.909084147826,9.0001E-03
    ));
#2827 = CARTESIAN_POINT('',(1.36845658929E-02,-0.69361416339,9.0001E-03)
  );
#2828 = ADVANCED_FACE('',(#2829),#2834,.F.);
#2829 = FACE_BOUND('',#2830,.T.);
#2830 = EDGE_LOOP('',(#2831,#2832,#2833));
#2831 = ORIENTED_EDGE('',*,*,#2737,.F.);
#2832 = ORIENTED_EDGE('',*,*,#2801,.F.);
#2833 = ORIENTED_EDGE('',*,*,#2773,.F.);
#2834 = B_SPLINE_SURFACE_WITH_KNOTS('',1,1,(
    (#2835,#2836)
    ,(#2837,#2838
    )),.UNSPECIFIED.,.F.,.F.,.F.,(2,2),(2,2),(-0.237518365115,
    -1.36845658929E-02),(-0.914084147826,-0.69861416339),
  .PIECEWISE_BEZIER_KNOTS.);
#2835 = CARTESIAN_POINT('',(0.237518365115,-0.909084147826,1.00001E-02)
  );
#2836 = CARTESIAN_POINT('',(0.237518365115,-0.69361416339,1.00001E-02));
#2837 = CARTESIAN_POINT('',(1.36845658929E-02,-0.909084147826,
    1.00001E-02));
#2838 = CARTESIAN_POINT('',(1.36845658929E-02,-0.69361416339,1.00001E-02
    ));
#2839 = MANIFOLD_SOLID_BREP('',#2840);
#2840 = CLOSED_SHELL('',(#2841,#2877,#2905,#2933,#2961,#2989,#3009,#3023
    ));
#2841 = ADVANCED_FACE('',(#2842),#2872,.F.);
#2842 = FACE_BOUND('',#2843,.T.);
#2843 = EDGE_LOOP('',(#2844,#2853,#2860,#2867));
#2844 = ORIENTED_EDGE('',*,*,#2845,.T.);
#2845 = EDGE_CURVE('',#2846,#2848,#2850,.T.);
#2846 = VERTEX_POINT('',#2847);
#2847 = CARTESIAN_POINT('',(-0.533360180921,-0.995,0.539248105186));
#2848 = VERTEX_POINT('',#2849);
#2849 = CARTESIAN_POINT('',(-0.533360180921,-0.995,0.546976972363));
#2850 = B_SPLINE_CURVE_WITH_KNOTS('',1,(#2851,#2852),.UNSPECIFIED.,.F.,
  .F.,(2,2),(-7.728867177928E-03,0.),.PIECEWISE_BEZIER_KNOTS.);
#2851 = CARTESIAN_POINT('',(-0.533360180921,-0.995,0.539248105186));
#2852 = CARTESIAN_POINT('',(-0.533360180921,-0.995,0.546976972363));
#2853 = ORIENTED_EDGE('',*,*,#2854,.F.);
#2854 = EDGE_CURVE('',#2855,#2848,#2857,.T.);
#2855 = VERTEX_POINT('',#2856);
#2856 = CARTESIAN_POINT('',(-0.533360180921,-1.005,0.546976972363));
#2857 = B_SPLINE_CURVE_WITH_KNOTS('',1,(#2858,#2859),.UNSPECIFIED.,.F.,
  .F.,(2,2),(0.,1.E-02),.PIECEWISE_BEZIER_KNOTS.);
#2858 = CARTESIAN_POINT('',(-0.533360180921,-1.005,0.546976972363));
#2859 = CARTESIAN_POINT('',(-0.533360180921,-0.995,0.546976972363));
#2860 = ORIENTED_EDGE('',*,*,#2861,.F.);
#2861 = EDGE_CURVE('',#2862,#2855,#2864,.T.);
#2862 = VERTEX_POINT('',#2863);
#2863 = CARTESIAN_POINT('',(-0.533360180921,-1.005,0.539248105186));
#2864 = B_SPLINE_CURVE_WITH_KNOTS('',1,(#2865,#2866),.UNSPECIFIED.,.F.,
  .F.,(2,2),(-7.728867177928E-03,0.),.PIECEWISE_BEZIER_KNOTS.);
#2865 = CARTESIAN_POINT('',(-0.533360180921,-1.005,0.539248105186));
#2866 = CARTESIAN_POINT('',(-0.533360180921,-1.005,0.546976972363));
#2867 = ORIENTED_EDGE('',*,*,#2868,.T.);
#2868 = EDGE_CURVE('',#2862,#2846,#2869,.T.);
#2869 = B_SPLINE_CURVE_WITH_KNOTS('',1,(#2870,#2871),.UNSPECIFIED.,.F.,
  .F.,(2,2),(0.,1.E-02),.PIECEWISE_BEZIER_KNOTS.);
#2870 = CARTESIAN_POINT('',(-0.533360180921,-1.005,0.539248105186));
#2871 = CARTESIAN_POINT('',(-0.533360180921,-0.995,0.539248105186));
#2872 = B_SPLINE_SURFACE_WITH_KNOTS('',1,1,(
    (#2873,#2874)
    ,(#2875,#2876
    )),.UNSPECIFIED.,.F.,.F.,.F.,(2,2),(2,2),(-7.728867177928E-03,0.),(
    0.,1.E-02),.PIECEWISE_BEZIER_KNOTS.);
#2873 = CARTESIAN_POINT('',(-0.533360180921,-1.005,0.539248105186));
#2874 = CARTESIAN_POINT('',(-0.533360180921,-0.995,0.539248105186));
#2875 = CARTESIAN_POINT('',(-0.533360180921,-1.005,0.546976972363));
#2876 = CARTESIAN_POINT('',(-0.533360180921,-0.995,0.546976972363));
#2877 = ADVANCED_FACE('',(#2878),#2900,.F.);
#2878 = FACE_BOUND('',#2879,.T.);
#2879 = EDGE_LOOP('',(#2880,#2887,#2894,#2899));
#2880 = ORIENTED_EDGE('',*,*,#2881,.T.);
#2881 = EDGE_CURVE('',#2848,#2882,#2884,.T.);
#2882 = VERTEX_POINT('',#2883);
#2883 = CARTESIAN_POINT('',(-0.560359228149,-0.995,0.546976972363));
#2884 = B_SPLINE_CURVE_WITH_KNOTS('',1,(#2885,#2886),.UNSPECIFIED.,.F.,
  .F.,(2,2),(-2.699904722722E-02,-0.),.PIECEWISE_BEZIER_KNOTS.);
#2885 = CARTESIAN_POINT('',(-0.533360180921,-0.995,0.546976972363));
#2886 = CARTESIAN_POINT('',(-0.560359228149,-0.995,0.546976972363));
#2887 = ORIENTED_EDGE('',*,*,#2888,.F.);
#2888 = EDGE_CURVE('',#2889,#2882,#2891,.T.);
#2889 = VERTEX_POINT('',#2890);
#2890 = CARTESIAN_POINT('',(-0.560359228149,-1.005,0.546976972363));
#2891 = B_SPLINE_CURVE_WITH_KNOTS('',1,(#2892,#2893),.UNSPECIFIED.,.F.,
  .F.,(2,2),(0.,1.E-02),.PIECEWISE_BEZIER_KNOTS.);
#2892 = CARTESIAN_POINT('',(-0.560359228149,-1.005,0.546976972363));
#2893 = CARTESIAN_POINT('',(-0.560359228149,-0.995,0.546976972363));
#2894 = ORIENTED_EDGE('',*,*,#2895,.F.);
#2895 = EDGE_CURVE('',#2855,#2889,#2896,.T.);
#2896 = B_SPLINE_CURVE_WITH_KNOTS('',1,(#2897,#2898),.UNSPECIFIED.,.F.,
  .F.,(2,2),(-2.699904722722E-02,-0.),.PIECEWISE_BEZIER_KNOTS.);
#2897 = CARTESIAN_POINT('',(-0.533360180921,-1.005,0.546976972363));
#2898 = CARTESIAN_POINT('',(-0.560359228149,-1.005,0.546976972363));
#2899 = ORIENTED_EDGE('',*,*,#2854,.T.);
#2900 = B_SPLINE_SURFACE_WITH_KNOTS('',1,1,(
    (#2901,#2902)
    ,(#2903,#2904
    )),.UNSPECIFIED.,.F.,.F.,.F.,(2,2),(2,2),(-2.699904722722E-02,0.),(
    0.,1.E-02),.PIECEWISE_BEZIER_KNOTS.);
#2901 = CARTESIAN_POINT('',(-0.533360180921,-1.005,0.546976972363));
#2902 = CARTESIAN_POINT('',(-0.533360180921,-0.995,0.546976972363));
#2903 = CARTESIAN_POINT('',(-0.560359228149,-1.005,0.546976972363));
#2904 = CARTESIAN_POINT('',(-0.560359228149,-0.995,0.546976972363));
#2905 = ADVANCED_FACE('',(#2906),#2928,.F.);
#2906 = FACE_BOUND('',#2907,.T.);
#2907 = EDGE_LOOP('',(#2908,#2915,#2922,#2927));
#2908 = ORIENTED_EDGE('',*,*,#2909,.T.);
#2909 = EDGE_CURVE('',#2882,#2910,#2912,.T.);
#2910 = VERTEX_POINT('',#2911);
#2911 = CARTESIAN_POINT('',(-0.560359228149,-0.995,0.607040321329));
#2912 = B_SPLINE_CURVE_WITH_KNOTS('',1,(#2913,#2914),.UNSPECIFIED.,.F.,
  .F.,(2,2),(-6.006334896585E-02,0.),.PIECEWISE_BEZIER_KNOTS.);
#2913 = CARTESIAN_POINT('',(-0.560359228149,-0.995,0.546976972363));
#2914 = CARTESIAN_POINT('',(-0.560359228149,-0.995,0.607040321329));
#2915 = ORIENTED_EDGE('',*,*,#2916,.F.);
#2916 = EDGE_CURVE('',#2917,#2910,#2919,.T.);
#2917 = VERTEX_POINT('',#2918);
#2918 = CARTESIAN_POINT('',(-0.560359228149,-1.005,0.607040321329));
#2919 = B_SPLINE_CURVE_WITH_KNOTS('',1,(#2920,#2921),.UNSPECIFIED.,.F.,
  .F.,(2,2),(0.,1.E-02),.PIECEWISE_BEZIER_KNOTS.);
#2920 = CARTESIAN_POINT('',(-0.560359228149,-1.005,0.607040321329));
#2921 = CARTESIAN_POINT('',(-0.560359228149,-0.995,0.607040321329));
#2922 = ORIENTED_EDGE('',*,*,#2923,.F.);
#2923 = EDGE_CURVE('',#2889,#2917,#2924,.T.);
#2924 = B_SPLINE_CURVE_WITH_KNOTS('',1,(#2925,#2926),.UNSPECIFIED.,.F.,
  .F.,(2,2),(-6.006334896585E-02,0.),.PIECEWISE_BEZIER_KNOTS.);
#2925 = CARTESIAN_POINT('',(-0.560359228149,-1.005,0.546976972363));
#2926 = CARTESIAN_POINT('',(-0.560359228149,-1.005,0.607040321329));
#2927 = ORIENTED_EDGE('',*,*,#2888,.T.);
#2928 = B_SPLINE_SURFACE_WITH_KNOTS('',1,1,(
    (#2929,#2930)
    ,(#2931,#2932
    )),.UNSPECIFIED.,.F.,.F.,.F.,(2,2),(2,2),(-6.006334896585E-02,0.),(
    0.,1.E-02),.PIECEWISE_BEZIER_KNOTS.);
#2929 = CARTESIAN_POINT('',(-0.560359228149,-1.005,0.546976972363));
#2930 = CARTESIAN_POINT('',(-0.560359228149,-0.995,0.546976972363));
#2931 = CARTESIAN_POINT('',(-0.560359228149,-1.005,0.607040321329));
#2932 = CARTESIAN_POINT('',(-0.560359228149,-0.995,0.607040321329));
#2933 = ADVANCED_FACE('',(#2934),#2956,.F.);
#2934 = FACE_BOUND('',#2935,.T.);
#2935 = EDGE_LOOP('',(#2936,#2943,#2950,#2955));
#2936 = ORIENTED_EDGE('',*,*,#2937,.T.);
#2937 = EDGE_CURVE('',#2910,#2938,#2940,.T.);
#2938 = VERTEX_POINT('',#2939);
#2939 = CARTESIAN_POINT('',(-0.569110523944,-0.995,0.607040321329));
#2940 = B_SPLINE_CURVE_WITH_KNOTS('',1,(#2941,#2942),.UNSPECIFIED.,.F.,
  .F.,(2,2),(-8.751295795631E-03,-0.),.PIECEWISE_BEZIER_KNOTS.);
#2941 = CARTESIAN_POINT('',(-0.560359228149,-0.995,0.607040321329));
#2942 = CARTESIAN_POINT('',(-0.569110523944,-0.995,0.607040321329));
#2943 = ORIENTED_EDGE('',*,*,#2944,.F.);
#2944 = EDGE_CURVE('',#2945,#2938,#2947,.T.);
#2945 = VERTEX_POINT('',#2946);
#2946 = CARTESIAN_POINT('',(-0.569110523944,-1.005,0.607040321329));
#2947 = B_SPLINE_CURVE_WITH_KNOTS('',1,(#2948,#2949),.UNSPECIFIED.,.F.,
  .F.,(2,2),(0.,1.E-02),.PIECEWISE_BEZIER_KNOTS.);
#2948 = CARTESIAN_POINT('',(-0.569110523944,-1.005,0.607040321329));
#2949 = CARTESIAN_POINT('',(-0.569110523944,-0.995,0.607040321329));
#2950 = ORIENTED_EDGE('',*,*,#2951,.F.);
#2951 = EDGE_CURVE('',#2917,#2945,#2952,.T.);
#2952 = B_SPLINE_CURVE_WITH_KNOTS('',1,(#2953,#2954),.UNSPECIFIED.,.F.,
  .F.,(2,2),(-8.751295795631E-03,-0.),.PIECEWISE_BEZIER_KNOTS.);
#2953 = CARTESIAN_POINT('',(-0.560359228149,-1.005,0.607040321329));
#2954 = CARTESIAN_POINT('',(-0.569110523944,-1.005,0.607040321329));
#2955 = ORIENTED_EDGE('',*,*,#2916,.T.);
#2956 = B_SPLINE_SURFACE_WITH_KNOTS('',1,1,(
    (#2957,#2958)
    ,(#2959,#2960
    )),.UNSPECIFIED.,.F.,.F.,.F.,(2,2),(2,2),(-8.751295795631E-03,0.),(
    0.,1.E-02),.PIECEWISE_BEZIER_KNOTS.);
#2957 = CARTESIAN_POINT('',(-0.560359228149,-1.005,0.607040321329));
#2958 = CARTESIAN_POINT('',(-0.560359228149,-0.995,0.607040321329));
#2959 = CARTESIAN_POINT('',(-0.569110523944,-1.005,0.607040321329));
#2960 = CARTESIAN_POINT('',(-0.569110523944,-0.995,0.607040321329));
#2961 = ADVANCED_FACE('',(#2962),#2984,.F.);
#2962 = FACE_BOUND('',#2963,.T.);
#2963 = EDGE_LOOP('',(#2964,#2971,#2978,#2983));
#2964 = ORIENTED_EDGE('',*,*,#2965,.T.);
#2965 = EDGE_CURVE('',#2938,#2966,#2968,.T.);
#2966 = VERTEX_POINT('',#2967);
#2967 = CARTESIAN_POINT('',(-0.569110523944,-0.995,0.539248105186));
#2968 = B_SPLINE_CURVE_WITH_KNOTS('',1,(#2969,#2970),.UNSPECIFIED.,.F.,
  .F.,(2,2),(-6.779221614378E-02,-0.),.PIECEWISE_BEZIER_KNOTS.);
#2969 = CARTESIAN_POINT('',(-0.569110523944,-0.995,0.607040321329));
#2970 = CARTESIAN_POINT('',(-0.569110523944,-0.995,0.539248105186));
#2971 = ORIENTED_EDGE('',*,*,#2972,.F.);
#2972 = EDGE_CURVE('',#2973,#2966,#2975,.T.);
#2973 = VERTEX_POINT('',#2974);
#2974 = CARTESIAN_POINT('',(-0.569110523944,-1.005,0.539248105186));
#2975 = B_SPLINE_CURVE_WITH_KNOTS('',1,(#2976,#2977),.UNSPECIFIED.,.F.,
  .F.,(2,2),(0.,1.E-02),.PIECEWISE_BEZIER_KNOTS.);
#2976 = CARTESIAN_POINT('',(-0.569110523944,-1.005,0.539248105186));
#2977 = CARTESIAN_POINT('',(-0.569110523944,-0.995,0.539248105186));
#2978 = ORIENTED_EDGE('',*,*,#2979,.F.);
#2979 = EDGE_CURVE('',#2945,#2973,#2980,.T.);
#2980 = B_SPLINE_CURVE_WITH_KNOTS('',1,(#2981,#2982),.UNSPECIFIED.,.F.,
  .F.,(2,2),(-6.779221614378E-02,-0.),.PIECEWISE_BEZIER_KNOTS.);
#2981 = CARTESIAN_POINT('',(-0.569110523944,-1.005,0.607040321329));
#2982 = CARTESIAN_POINT('',(-0.569110523944,-1.005,0.539248105186));
#2983 = ORIENTED_EDGE('',*,*,#2944,.T.);
#2984 = B_SPLINE_SURFACE_WITH_KNOTS('',1,1,(
    (#2985,#2986)
    ,(#2987,#2988
    )),.UNSPECIFIED.,.F.,.F.,.F.,(2,2),(2,2),(-6.779221614378E-02,0.),(
    0.,1.E-02),.PIECEWISE_BEZIER_KNOTS.);
#2985 = CARTESIAN_POINT('',(-0.569110523944,-1.005,0.607040321329));
#2986 = CARTESIAN_POINT('',(-0.569110523944,-0.995,0.607040321329));
#2987 = CARTESIAN_POINT('',(-0.569110523944,-1.005,0.539248105186));
#2988 = CARTESIAN_POINT('',(-0.569110523944,-0.995,0.539248105186));
#2989 = ADVANCED_FACE('',(#2990),#3004,.F.);
#2990 = FACE_BOUND('',#2991,.T.);
#2991 = EDGE_LOOP('',(#2992,#2997,#2998,#3003));
#2992 = ORIENTED_EDGE('',*,*,#2993,.T.);
#2993 = EDGE_CURVE('',#2966,#2846,#2994,.T.);
#2994 = B_SPLINE_CURVE_WITH_KNOTS('',1,(#2995,#2996),.UNSPECIFIED.,.F.,
  .F.,(2,2),(-3.575034302285E-02,0.),.PIECEWISE_BEZIER_KNOTS.);
#2995 = CARTESIAN_POINT('',(-0.569110523944,-0.995,0.539248105186));
#2996 = CARTESIAN_POINT('',(-0.533360180921,-0.995,0.539248105186));
#2997 = ORIENTED_EDGE('',*,*,#2868,.F.);
#2998 = ORIENTED_EDGE('',*,*,#2999,.F.);
#2999 = EDGE_CURVE('',#2973,#2862,#3000,.T.);
#3000 = B_SPLINE_CURVE_WITH_KNOTS('',1,(#3001,#3002),.UNSPECIFIED.,.F.,
  .F.,(2,2),(-3.575034302285E-02,0.),.PIECEWISE_BEZIER_KNOTS.);
#3001 = CARTESIAN_POINT('',(-0.569110523944,-1.005,0.539248105186));
#3002 = CARTESIAN_POINT('',(-0.533360180921,-1.005,0.539248105186));
#3003 = ORIENTED_EDGE('',*,*,#2972,.T.);
#3004 = B_SPLINE_SURFACE_WITH_KNOTS('',1,1,(
    (#3005,#3006)
    ,(#3007,#3008
    )),.UNSPECIFIED.,.F.,.F.,.F.,(2,2),(2,2),(-3.575034302285E-02,0.),(
    0.,1.E-02),.PIECEWISE_BEZIER_KNOTS.);
#3005 = CARTESIAN_POINT('',(-0.569110523944,-1.005,0.539248105186));
#3006 = CARTESIAN_POINT('',(-0.569110523944,-0.995,0.539248105186));
#3007 = CARTESIAN_POINT('',(-0.533360180921,-1.005,0.539248105186));
#3008 = CARTESIAN_POINT('',(-0.533360180921,-0.995,0.539248105186));
#3009 = ADVANCED_FACE('',(#3010),#3018,.F.);
#3010 = FACE_BOUND('',#3011,.T.);
#3011 = EDGE_LOOP('',(#3012,#3013,#3014,#3015,#3016,#3017));
#3012 = ORIENTED_EDGE('',*,*,#2861,.T.);
#3013 = ORIENTED_EDGE('',*,*,#2895,.T.);
#3014 = ORIENTED_EDGE('',*,*,#2923,.T.);
#3015 = ORIENTED_EDGE('',*,*,#2951,.T.);
#3016 = ORIENTED_EDGE('',*,*,#2979,.T.);
#3017 = ORIENTED_EDGE('',*,*,#2999,.T.);
#3018 = B_SPLINE_SURFACE_WITH_KNOTS('',1,1,(
    (#3019,#3020)
    ,(#3021,#3022
    )),.UNSPECIFIED.,.F.,.F.,.F.,(2,2),(2,2),(0.529248005186,
    0.597040221329),(-0.569110523944,-0.533360180921),
  .PIECEWISE_BEZIER_KNOTS.);
#3019 = CARTESIAN_POINT('',(-0.569110523944,-1.005,0.539248105186));
#3020 = CARTESIAN_POINT('',(-0.533360180921,-1.005,0.539248105186));
#3021 = CARTESIAN_POINT('',(-0.569110523944,-1.005,0.607040321329));
#3022 = CARTESIAN_POINT('',(-0.533360180921,-1.005,0.607040321329));
#3023 = ADVANCED_FACE('',(#3024),#3032,.T.);
#3024 = FACE_BOUND('',#3025,.T.);
#3025 = EDGE_LOOP('',(#3026,#3027,#3028,#3029,#3030,#3031));
#3026 = ORIENTED_EDGE('',*,*,#2845,.F.);
#3027 = ORIENTED_EDGE('',*,*,#2993,.F.);
#3028 = ORIENTED_EDGE('',*,*,#2965,.F.);
#3029 = ORIENTED_EDGE('',*,*,#2937,.F.);
#3030 = ORIENTED_EDGE('',*,*,#2909,.F.);
#3031 = ORIENTED_EDGE('',*,*,#2881,.F.);
#3032 = B_SPLINE_SURFACE_WITH_KNOTS('',1,1,(
    (#3033,#3034)
    ,(#3035,#3036
    )),.UNSPECIFIED.,.F.,.F.,.F.,(2,2),(2,2),(0.529248005186,
    0.597040221329),(-0.569110523944,-0.533360180921),
  .PIECEWISE_BEZIER_KNOTS.);
#3033 = CARTESIAN_POINT('',(-0.569110523944,-0.995,0.539248105186));
#3034 = CARTESIAN_POINT('',(-0.533360180921,-0.995,0.539248105186));
#3035 = CARTESIAN_POINT('',(-0.569110523944,-0.995,0.607040321329));
#3036 = CARTESIAN_POINT('',(-0.533360180921,-0.995,0.607040321329));
#3037 = MANIFOLD_SOLID_BREP('',#3038);
#3038 = CLOSED_SHELL('',(#3039,#3083,#3111,#3147,#3183,#3219,#3255,#3291
    ,#3327,#3355,#3391,#3427,#3463,#3499,#3527,#3549));
#3039 = ADVANCED_FACE('',(#3040),#3074,.F.);
#3040 = FACE_BOUND('',#3041,.F.);
#3041 = EDGE_LOOP('',(#3042,#3051,#3060,#3067));
#3042 = ORIENTED_EDGE('',*,*,#3043,.F.);
#3043 = EDGE_CURVE('',#3044,#3046,#3048,.T.);
#3044 = VERTEX_POINT('',#3045);
#3045 = CARTESIAN_POINT('',(-0.498597607919,-1.005,0.538104371478));
#3046 = VERTEX_POINT('',#3047);
#3047 = CARTESIAN_POINT('',(-0.498597607919,-0.995,0.538104371478));
#3048 = B_SPLINE_CURVE_WITH_KNOTS('',1,(#3049,#3050),.UNSPECIFIED.,.F.,
  .F.,(2,2),(0.,1.E-02),.PIECEWISE_BEZIER_KNOTS.);
#3049 = CARTESIAN_POINT('',(-0.498597607919,-1.005,0.538104371478));
#3050 = CARTESIAN_POINT('',(-0.498597607919,-0.995,0.538104371478));
#3051 = ORIENTED_EDGE('',*,*,#3052,.T.);
#3052 = EDGE_CURVE('',#3044,#3053,#3055,.T.);
#3053 = VERTEX_POINT('',#3054);
#3054 = CARTESIAN_POINT('',(-0.47982997753,-1.005,0.54205545156));
#3055 = B_SPLINE_CURVE_WITH_KNOTS('',3,(#3056,#3057,#3058,#3059),
  .UNSPECIFIED.,.F.,.F.,(4,4),(0.,1.),.PIECEWISE_BEZIER_KNOTS.);
#3056 = CARTESIAN_POINT('',(-0.498597607919,-1.005,0.538104371478));
#3057 = CARTESIAN_POINT('',(-0.491076692325,-1.005,0.538104371478));
#3058 = CARTESIAN_POINT('',(-0.484820815528,-1.005,0.539421398171));
#3059 = CARTESIAN_POINT('',(-0.47982997753,-1.005,0.54205545156));
#3060 = ORIENTED_EDGE('',*,*,#3061,.T.);
#3061 = EDGE_CURVE('',#3053,#3062,#3064,.T.);
#3062 = VERTEX_POINT('',#3063);
#3063 = CARTESIAN_POINT('',(-0.47982997753,-0.995,0.54205545156));
#3064 = B_SPLINE_CURVE_WITH_KNOTS('',1,(#3065,#3066),.UNSPECIFIED.,.F.,
  .F.,(2,2),(0.,1.E-02),.PIECEWISE_BEZIER_KNOTS.);
#3065 = CARTESIAN_POINT('',(-0.47982997753,-1.005,0.54205545156));
#3066 = CARTESIAN_POINT('',(-0.47982997753,-0.995,0.54205545156));
#3067 = ORIENTED_EDGE('',*,*,#3068,.F.);
#3068 = EDGE_CURVE('',#3046,#3062,#3069,.T.);
#3069 = B_SPLINE_CURVE_WITH_KNOTS('',3,(#3070,#3071,#3072,#3073),
  .UNSPECIFIED.,.F.,.F.,(4,4),(0.,1.),.PIECEWISE_BEZIER_KNOTS.);
#3070 = CARTESIAN_POINT('',(-0.498597607919,-0.995,0.538104371478));
#3071 = CARTESIAN_POINT('',(-0.491076692325,-0.995,0.538104371478));
#3072 = CARTESIAN_POINT('',(-0.484820815528,-0.995,0.539421398171));
#3073 = CARTESIAN_POINT('',(-0.47982997753,-0.995,0.54205545156));
#3074 = B_SPLINE_SURFACE_WITH_KNOTS('',3,1,(
    (#3075,#3076)
    ,(#3077,#3078)
    ,(#3079,#3080)
    ,(#3081,#3082
    )),.UNSPECIFIED.,.F.,.F.,.F.,(4,4),(2,2),(0.,1.),(0.,1.),
  .PIECEWISE_BEZIER_KNOTS.);
#3075 = CARTESIAN_POINT('',(-0.498597607919,-1.005,0.538104371478));
#3076 = CARTESIAN_POINT('',(-0.498597607919,-0.995,0.538104371478));
#3077 = CARTESIAN_POINT('',(-0.491076692325,-1.005,0.538104371478));
#3078 = CARTESIAN_POINT('',(-0.491076692325,-0.995,0.538104371478));
#3079 = CARTESIAN_POINT('',(-0.484820815528,-1.005,0.539421398171));
#3080 = CARTESIAN_POINT('',(-0.484820815528,-0.995,0.539421398171));
#3081 = CARTESIAN_POINT('',(-0.47982997753,-1.005,0.54205545156));
#3082 = CARTESIAN_POINT('',(-0.47982997753,-0.995,0.54205545156));
#3083 = ADVANCED_FACE('',(#3084),#3106,.F.);
#3084 = FACE_BOUND('',#3085,.T.);
#3085 = EDGE_LOOP('',(#3086,#3093,#3100,#3105));
#3086 = ORIENTED_EDGE('',*,*,#3087,.T.);
#3087 = EDGE_CURVE('',#3062,#3088,#3090,.T.);
#3088 = VERTEX_POINT('',#3089);
#3089 = CARTESIAN_POINT('',(-0.47982997753,-0.995,0.550442832085));
#3090 = B_SPLINE_CURVE_WITH_KNOTS('',1,(#3091,#3092),.UNSPECIFIED.,.F.,
  .F.,(2,2),(-8.387380525102E-03,0.),.PIECEWISE_BEZIER_KNOTS.);
#3091 = CARTESIAN_POINT('',(-0.47982997753,-0.995,0.54205545156));
#3092 = CARTESIAN_POINT('',(-0.47982997753,-0.995,0.550442832085));
#3093 = ORIENTED_EDGE('',*,*,#3094,.F.);
#3094 = EDGE_CURVE('',#3095,#3088,#3097,.T.);
#3095 = VERTEX_POINT('',#3096);
#3096 = CARTESIAN_POINT('',(-0.47982997753,-1.005,0.550442832085));
#3097 = B_SPLINE_CURVE_WITH_KNOTS('',1,(#3098,#3099),.UNSPECIFIED.,.F.,
  .F.,(2,2),(0.,1.E-02),.PIECEWISE_BEZIER_KNOTS.);
#3098 = CARTESIAN_POINT('',(-0.47982997753,-1.005,0.550442832085));
#3099 = CARTESIAN_POINT('',(-0.47982997753,-0.995,0.550442832085));
#3100 = ORIENTED_EDGE('',*,*,#3101,.F.);
#3101 = EDGE_CURVE('',#3053,#3095,#3102,.T.);
#3102 = B_SPLINE_CURVE_WITH_KNOTS('',1,(#3103,#3104),.UNSPECIFIED.,.F.,
  .F.,(2,2),(-8.387380525102E-03,0.),.PIECEWISE_BEZIER_KNOTS.);
#3103 = CARTESIAN_POINT('',(-0.47982997753,-1.005,0.54205545156));
#3104 = CARTESIAN_POINT('',(-0.47982997753,-1.005,0.550442832085));
#3105 = ORIENTED_EDGE('',*,*,#3061,.T.);
#3106 = B_SPLINE_SURFACE_WITH_KNOTS('',1,1,(
    (#3107,#3108)
    ,(#3109,#3110
    )),.UNSPECIFIED.,.F.,.F.,.F.,(2,2),(2,2),(-8.387380525102E-03,0.),(
    0.,1.E-02),.PIECEWISE_BEZIER_KNOTS.);
#3107 = CARTESIAN_POINT('',(-0.47982997753,-1.005,0.54205545156));
#3108 = CARTESIAN_POINT('',(-0.47982997753,-0.995,0.54205545156));
#3109 = CARTESIAN_POINT('',(-0.47982997753,-1.005,0.550442832085));
#3110 = CARTESIAN_POINT('',(-0.47982997753,-0.995,0.550442832085));
#3111 = ADVANCED_FACE('',(#3112),#3138,.F.);
#3112 = FACE_BOUND('',#3113,.F.);
#3113 = EDGE_LOOP('',(#3114,#3115,#3124,#3131));
#3114 = ORIENTED_EDGE('',*,*,#3094,.F.);
#3115 = ORIENTED_EDGE('',*,*,#3116,.T.);
#3116 = EDGE_CURVE('',#3095,#3117,#3119,.T.);
#3117 = VERTEX_POINT('',#3118);
#3118 = CARTESIAN_POINT('',(-0.497332569121,-1.005,0.54590255585));
#3119 = B_SPLINE_CURVE_WITH_KNOTS('',3,(#3120,#3121,#3122,#3123),
  .UNSPECIFIED.,.F.,.F.,(4,4),(12.,13.),.PIECEWISE_BEZIER_KNOTS.);
#3120 = CARTESIAN_POINT('',(-0.47982997753,-1.005,0.550442832085));
#3121 = CARTESIAN_POINT('',(-0.484786156931,-1.005,0.547427534127));
#3122 = CARTESIAN_POINT('',(-0.490626130561,-1.005,0.54590255585));
#3123 = CARTESIAN_POINT('',(-0.497332569121,-1.005,0.54590255585));
#3124 = ORIENTED_EDGE('',*,*,#3125,.T.);
#3125 = EDGE_CURVE('',#3117,#3126,#3128,.T.);
#3126 = VERTEX_POINT('',#3127);
#3127 = CARTESIAN_POINT('',(-0.497332569121,-0.995,0.54590255585));
#3128 = B_SPLINE_CURVE_WITH_KNOTS('',1,(#3129,#3130),.UNSPECIFIED.,.F.,
  .F.,(2,2),(0.,1.E-02),.PIECEWISE_BEZIER_KNOTS.);
#3129 = CARTESIAN_POINT('',(-0.497332569121,-1.005,0.54590255585));
#3130 = CARTESIAN_POINT('',(-0.497332569121,-0.995,0.54590255585));
#3131 = ORIENTED_EDGE('',*,*,#3132,.F.);
#3132 = EDGE_CURVE('',#3088,#3126,#3133,.T.);
#3133 = B_SPLINE_CURVE_WITH_KNOTS('',3,(#3134,#3135,#3136,#3137),
  .UNSPECIFIED.,.F.,.F.,(4,4),(12.,13.),.PIECEWISE_BEZIER_KNOTS.);
#3134 = CARTESIAN_POINT('',(-0.47982997753,-0.995,0.550442832085));
#3135 = CARTESIAN_POINT('',(-0.484786156931,-0.995,0.547427534127));
#3136 = CARTESIAN_POINT('',(-0.490626130561,-0.995,0.54590255585));
#3137 = CARTESIAN_POINT('',(-0.497332569121,-0.995,0.54590255585));
#3138 = B_SPLINE_SURFACE_WITH_KNOTS('',3,1,(
    (#3139,#3140)
    ,(#3141,#3142)
    ,(#3143,#3144)
    ,(#3145,#3146
    )),.UNSPECIFIED.,.F.,.F.,.F.,(4,4),(2,2),(12.,13.),(0.,1.),
  .PIECEWISE_BEZIER_KNOTS.);
#3139 = CARTESIAN_POINT('',(-0.47982997753,-1.005,0.550442832085));
#3140 = CARTESIAN_POINT('',(-0.47982997753,-0.995,0.550442832085));
#3141 = CARTESIAN_POINT('',(-0.484786156931,-1.005,0.547427534127));
#3142 = CARTESIAN_POINT('',(-0.484786156931,-0.995,0.547427534127));
#3143 = CARTESIAN_POINT('',(-0.490626130561,-1.005,0.54590255585));
#3144 = CARTESIAN_POINT('',(-0.490626130561,-0.995,0.54590255585));
#3145 = CARTESIAN_POINT('',(-0.497332569121,-1.005,0.54590255585));
#3146 = CARTESIAN_POINT('',(-0.497332569121,-0.995,0.54590255585));
#3147 = ADVANCED_FACE('',(#3148),#3174,.F.);
#3148 = FACE_BOUND('',#3149,.F.);
#3149 = EDGE_LOOP('',(#3150,#3151,#3160,#3167));
#3150 = ORIENTED_EDGE('',*,*,#3125,.F.);
#3151 = ORIENTED_EDGE('',*,*,#3152,.T.);
#3152 = EDGE_CURVE('',#3117,#3153,#3155,.T.);
#3153 = VERTEX_POINT('',#3154);
#3154 = CARTESIAN_POINT('',(-0.514748514219,-1.005,0.553042226875));
#3155 = B_SPLINE_CURVE_WITH_KNOTS('',3,(#3156,#3157,#3158,#3159),
  .UNSPECIFIED.,.F.,.F.,(4,4),(11.,12.),.PIECEWISE_BEZIER_KNOTS.);
#3156 = CARTESIAN_POINT('',(-0.497332569121,-1.005,0.54590255585));
#3157 = CARTESIAN_POINT('',(-0.504506898744,-1.005,0.54590255585));
#3158 = CARTESIAN_POINT('',(-0.510312213776,-1.005,0.548293999057));
#3159 = CARTESIAN_POINT('',(-0.514748514219,-1.005,0.553042226875));
#3160 = ORIENTED_EDGE('',*,*,#3161,.T.);
#3161 = EDGE_CURVE('',#3153,#3162,#3164,.T.);
#3162 = VERTEX_POINT('',#3163);
#3163 = CARTESIAN_POINT('',(-0.514748514219,-0.995,0.553042226875));
#3164 = B_SPLINE_CURVE_WITH_KNOTS('',1,(#3165,#3166),.UNSPECIFIED.,.F.,
  .F.,(2,2),(0.,1.E-02),.PIECEWISE_BEZIER_KNOTS.);
#3165 = CARTESIAN_POINT('',(-0.514748514219,-1.005,0.553042226875));
#3166 = CARTESIAN_POINT('',(-0.514748514219,-0.995,0.553042226875));
#3167 = ORIENTED_EDGE('',*,*,#3168,.F.);
#3168 = EDGE_CURVE('',#3126,#3162,#3169,.T.);
#3169 = B_SPLINE_CURVE_WITH_KNOTS('',3,(#3170,#3171,#3172,#3173),
  .UNSPECIFIED.,.F.,.F.,(4,4),(11.,12.),.PIECEWISE_BEZIER_KNOTS.);
#3170 = CARTESIAN_POINT('',(-0.497332569121,-0.995,0.54590255585));
#3171 = CARTESIAN_POINT('',(-0.504506898744,-0.995,0.54590255585));
#3172 = CARTESIAN_POINT('',(-0.510312213776,-0.995,0.548293999057));
#3173 = CARTESIAN_POINT('',(-0.514748514219,-0.995,0.553042226875));
#3174 = B_SPLINE_SURFACE_WITH_KNOTS('',3,1,(
    (#3175,#3176)
    ,(#3177,#3178)
    ,(#3179,#3180)
    ,(#3181,#3182
    )),.UNSPECIFIED.,.F.,.F.,.F.,(4,4),(2,2),(11.,12.),(0.,1.),
  .PIECEWISE_BEZIER_KNOTS.);
#3175 = CARTESIAN_POINT('',(-0.497332569121,-1.005,0.54590255585));
#3176 = CARTESIAN_POINT('',(-0.497332569121,-0.995,0.54590255585));
#3177 = CARTESIAN_POINT('',(-0.504506898744,-1.005,0.54590255585));
#3178 = CARTESIAN_POINT('',(-0.504506898744,-0.995,0.54590255585));
#3179 = CARTESIAN_POINT('',(-0.510312213776,-1.005,0.548293999057));
#3180 = CARTESIAN_POINT('',(-0.510312213776,-0.995,0.548293999057));
#3181 = CARTESIAN_POINT('',(-0.514748514219,-1.005,0.553042226875));
#3182 = CARTESIAN_POINT('',(-0.514748514219,-0.995,0.553042226875));
#3183 = ADVANCED_FACE('',(#3184),#3210,.F.);
#3184 = FACE_BOUND('',#3185,.F.);
#3185 = EDGE_LOOP('',(#3186,#3187,#3196,#3203));
#3186 = ORIENTED_EDGE('',*,*,#3161,.F.);
#3187 = ORIENTED_EDGE('',*,*,#3188,.T.);
#3188 = EDGE_CURVE('',#3153,#3189,#3191,.T.);
#3189 = VERTEX_POINT('',#3190);
#3190 = CARTESIAN_POINT('',(-0.521402964884,-1.005,0.572381724119));
#3191 = B_SPLINE_CURVE_WITH_KNOTS('',3,(#3192,#3193,#3194,#3195),
  .UNSPECIFIED.,.F.,.F.,(4,4),(10.,11.),.PIECEWISE_BEZIER_KNOTS.);
#3192 = CARTESIAN_POINT('',(-0.514748514219,-1.005,0.553042226875));
#3193 = CARTESIAN_POINT('',(-0.519184814662,-1.005,0.55782511329));
#3194 = CARTESIAN_POINT('',(-0.521402964884,-1.005,0.564271612372));
#3195 = CARTESIAN_POINT('',(-0.521402964884,-1.005,0.572381724119));
#3196 = ORIENTED_EDGE('',*,*,#3197,.T.);
#3197 = EDGE_CURVE('',#3189,#3198,#3200,.T.);
#3198 = VERTEX_POINT('',#3199);
#3199 = CARTESIAN_POINT('',(-0.521402964884,-0.995,0.572381724119));
#3200 = B_SPLINE_CURVE_WITH_KNOTS('',1,(#3201,#3202),.UNSPECIFIED.,.F.,
  .F.,(2,2),(0.,1.E-02),.PIECEWISE_BEZIER_KNOTS.);
#3201 = CARTESIAN_POINT('',(-0.521402964884,-1.005,0.572381724119));
#3202 = CARTESIAN_POINT('',(-0.521402964884,-0.995,0.572381724119));
#3203 = ORIENTED_EDGE('',*,*,#3204,.F.);
#3204 = EDGE_CURVE('',#3162,#3198,#3205,.T.);
#3205 = B_SPLINE_CURVE_WITH_KNOTS('',3,(#3206,#3207,#3208,#3209),
  .UNSPECIFIED.,.F.,.F.,(4,4),(10.,11.),.PIECEWISE_BEZIER_KNOTS.);
#3206 = CARTESIAN_POINT('',(-0.514748514219,-0.995,0.553042226875));
#3207 = CARTESIAN_POINT('',(-0.519184814662,-0.995,0.55782511329));
#3208 = CARTESIAN_POINT('',(-0.521402964884,-0.995,0.564271612372));
#3209 = CARTESIAN_POINT('',(-0.521402964884,-0.995,0.572381724119));
#3210 = B_SPLINE_SURFACE_WITH_KNOTS('',3,1,(
    (#3211,#3212)
    ,(#3213,#3214)
    ,(#3215,#3216)
    ,(#3217,#3218
    )),.UNSPECIFIED.,.F.,.F.,.F.,(4,4),(2,2),(10.,11.),(0.,1.),
  .PIECEWISE_BEZIER_KNOTS.);
#3211 = CARTESIAN_POINT('',(-0.514748514219,-1.005,0.553042226875));
#3212 = CARTESIAN_POINT('',(-0.514748514219,-0.995,0.553042226875));
#3213 = CARTESIAN_POINT('',(-0.519184814662,-1.005,0.55782511329));
#3214 = CARTESIAN_POINT('',(-0.519184814662,-0.995,0.55782511329));
#3215 = CARTESIAN_POINT('',(-0.521402964884,-1.005,0.564271612372));
#3216 = CARTESIAN_POINT('',(-0.521402964884,-0.995,0.564271612372));
#3217 = CARTESIAN_POINT('',(-0.521402964884,-1.005,0.572381724119));
#3218 = CARTESIAN_POINT('',(-0.521402964884,-0.995,0.572381724119));
#3219 = ADVANCED_FACE('',(#3220),#3246,.F.);
#3220 = FACE_BOUND('',#3221,.F.);
#3221 = EDGE_LOOP('',(#3222,#3223,#3232,#3239));
#3222 = ORIENTED_EDGE('',*,*,#3197,.F.);
#3223 = ORIENTED_EDGE('',*,*,#3224,.T.);
#3224 = EDGE_CURVE('',#3189,#3225,#3227,.T.);
#3225 = VERTEX_POINT('',#3226);
#3226 = CARTESIAN_POINT('',(-0.514280623157,-1.005,0.592760979279));
#3227 = B_SPLINE_CURVE_WITH_KNOTS('',3,(#3228,#3229,#3230,#3231),
  .UNSPECIFIED.,.F.,.F.,(4,4),(9.,10.),.PIECEWISE_BEZIER_KNOTS.);
#3228 = CARTESIAN_POINT('',(-0.521402964884,-1.005,0.572381724119));
#3229 = CARTESIAN_POINT('',(-0.521402964884,-1.005,0.580907739033));
#3230 = CARTESIAN_POINT('',(-0.519028850975,-1.005,0.587700824086));
#3231 = CARTESIAN_POINT('',(-0.514280623157,-1.005,0.592760979279));
#3232 = ORIENTED_EDGE('',*,*,#3233,.T.);
#3233 = EDGE_CURVE('',#3225,#3234,#3236,.T.);
#3234 = VERTEX_POINT('',#3235);
#3235 = CARTESIAN_POINT('',(-0.514280623157,-0.995,0.592760979279));
#3236 = B_SPLINE_CURVE_WITH_KNOTS('',1,(#3237,#3238),.UNSPECIFIED.,.F.,
  .F.,(2,2),(0.,1.E-02),.PIECEWISE_BEZIER_KNOTS.);
#3237 = CARTESIAN_POINT('',(-0.514280623157,-1.005,0.592760979279));
#3238 = CARTESIAN_POINT('',(-0.514280623157,-0.995,0.592760979279));
#3239 = ORIENTED_EDGE('',*,*,#3240,.F.);
#3240 = EDGE_CURVE('',#3198,#3234,#3241,.T.);
#3241 = B_SPLINE_CURVE_WITH_KNOTS('',3,(#3242,#3243,#3244,#3245),
  .UNSPECIFIED.,.F.,.F.,(4,4),(9.,10.),.PIECEWISE_BEZIER_KNOTS.);
#3242 = CARTESIAN_POINT('',(-0.521402964884,-0.995,0.572381724119));
#3243 = CARTESIAN_POINT('',(-0.521402964884,-0.995,0.580907739033));
#3244 = CARTESIAN_POINT('',(-0.519028850975,-0.995,0.587700824086));
#3245 = CARTESIAN_POINT('',(-0.514280623157,-0.995,0.592760979279));
#3246 = B_SPLINE_SURFACE_WITH_KNOTS('',3,1,(
    (#3247,#3248)
    ,(#3249,#3250)
    ,(#3251,#3252)
    ,(#3253,#3254
    )),.UNSPECIFIED.,.F.,.F.,.F.,(4,4),(2,2),(9.,10.),(0.,1.),
  .PIECEWISE_BEZIER_KNOTS.);
#3247 = CARTESIAN_POINT('',(-0.521402964884,-1.005,0.572381724119));
#3248 = CARTESIAN_POINT('',(-0.521402964884,-0.995,0.572381724119));
#3249 = CARTESIAN_POINT('',(-0.521402964884,-1.005,0.580907739033));
#3250 = CARTESIAN_POINT('',(-0.521402964884,-0.995,0.580907739033));
#3251 = CARTESIAN_POINT('',(-0.519028850975,-1.005,0.587700824086));
#3252 = CARTESIAN_POINT('',(-0.519028850975,-0.995,0.587700824086));
#3253 = CARTESIAN_POINT('',(-0.514280623157,-1.005,0.592760979279));
#3254 = CARTESIAN_POINT('',(-0.514280623157,-0.995,0.592760979279));
#3255 = ADVANCED_FACE('',(#3256),#3282,.F.);
#3256 = FACE_BOUND('',#3257,.F.);
#3257 = EDGE_LOOP('',(#3258,#3259,#3268,#3275));
#3258 = ORIENTED_EDGE('',*,*,#3233,.F.);
#3259 = ORIENTED_EDGE('',*,*,#3260,.T.);
#3260 = EDGE_CURVE('',#3225,#3261,#3263,.T.);
#3261 = VERTEX_POINT('',#3262);
#3262 = CARTESIAN_POINT('',(-0.495807590844,-1.005,0.600281894873));
#3263 = B_SPLINE_CURVE_WITH_KNOTS('',3,(#3264,#3265,#3266,#3267),
  .UNSPECIFIED.,.F.,.F.,(4,4),(8.,9.),.PIECEWISE_BEZIER_KNOTS.);
#3264 = CARTESIAN_POINT('',(-0.514280623157,-1.005,0.592760979279));
#3265 = CARTESIAN_POINT('',(-0.509515066041,-1.005,0.597786475874));
#3266 = CARTESIAN_POINT('',(-0.503363165036,-1.005,0.600281894873));
#3267 = CARTESIAN_POINT('',(-0.495807590844,-1.005,0.600281894873));
#3268 = ORIENTED_EDGE('',*,*,#3269,.T.);
#3269 = EDGE_CURVE('',#3261,#3270,#3272,.T.);
#3270 = VERTEX_POINT('',#3271);
#3271 = CARTESIAN_POINT('',(-0.495807590844,-0.995,0.600281894873));
#3272 = B_SPLINE_CURVE_WITH_KNOTS('',1,(#3273,#3274),.UNSPECIFIED.,.F.,
  .F.,(2,2),(0.,1.E-02),.PIECEWISE_BEZIER_KNOTS.);
#3273 = CARTESIAN_POINT('',(-0.495807590844,-1.005,0.600281894873));
#3274 = CARTESIAN_POINT('',(-0.495807590844,-0.995,0.600281894873));
#3275 = ORIENTED_EDGE('',*,*,#3276,.F.);
#3276 = EDGE_CURVE('',#3234,#3270,#3277,.T.);
#3277 = B_SPLINE_CURVE_WITH_KNOTS('',3,(#3278,#3279,#3280,#3281),
  .UNSPECIFIED.,.F.,.F.,(4,4),(8.,9.),.PIECEWISE_BEZIER_KNOTS.);
#3278 = CARTESIAN_POINT('',(-0.514280623157,-0.995,0.592760979279));
#3279 = CARTESIAN_POINT('',(-0.509515066041,-0.995,0.597786475874));
#3280 = CARTESIAN_POINT('',(-0.503363165036,-0.995,0.600281894873));
#3281 = CARTESIAN_POINT('',(-0.495807590844,-0.995,0.600281894873));
#3282 = B_SPLINE_SURFACE_WITH_KNOTS('',3,1,(
    (#3283,#3284)
    ,(#3285,#3286)
    ,(#3287,#3288)
    ,(#3289,#3290
    )),.UNSPECIFIED.,.F.,.F.,.F.,(4,4),(2,2),(8.,9.),(0.,1.),
  .PIECEWISE_BEZIER_KNOTS.);
#3283 = CARTESIAN_POINT('',(-0.514280623157,-1.005,0.592760979279));
#3284 = CARTESIAN_POINT('',(-0.514280623157,-0.995,0.592760979279));
#3285 = CARTESIAN_POINT('',(-0.509515066041,-1.005,0.597786475874));
#3286 = CARTESIAN_POINT('',(-0.509515066041,-0.995,0.597786475874));
#3287 = CARTESIAN_POINT('',(-0.503363165036,-1.005,0.600281894873));
#3288 = CARTESIAN_POINT('',(-0.503363165036,-0.995,0.600281894873));
#3289 = CARTESIAN_POINT('',(-0.495807590844,-1.005,0.600281894873));
#3290 = CARTESIAN_POINT('',(-0.495807590844,-0.995,0.600281894873));
#3291 = ADVANCED_FACE('',(#3292),#3318,.F.);
#3292 = FACE_BOUND('',#3293,.F.);
#3293 = EDGE_LOOP('',(#3294,#3295,#3304,#3311));
#3294 = ORIENTED_EDGE('',*,*,#3269,.F.);
#3295 = ORIENTED_EDGE('',*,*,#3296,.T.);
#3296 = EDGE_CURVE('',#3261,#3297,#3299,.T.);
#3297 = VERTEX_POINT('',#3298);
#3298 = CARTESIAN_POINT('',(-0.47982997753,-1.005,0.596261497597));
#3299 = B_SPLINE_CURVE_WITH_KNOTS('',3,(#3300,#3301,#3302,#3303),
  .UNSPECIFIED.,.F.,.F.,(4,4),(7.,8.),.PIECEWISE_BEZIER_KNOTS.);
#3300 = CARTESIAN_POINT('',(-0.495807590844,-1.005,0.600281894873));
#3301 = CARTESIAN_POINT('',(-0.490002275811,-1.005,0.600281894873));
#3302 = CARTESIAN_POINT('',(-0.484682181139,-1.005,0.598964868179));
#3303 = CARTESIAN_POINT('',(-0.47982997753,-1.005,0.596261497597));
#3304 = ORIENTED_EDGE('',*,*,#3305,.T.);
#3305 = EDGE_CURVE('',#3297,#3306,#3308,.T.);
#3306 = VERTEX_POINT('',#3307);
#3307 = CARTESIAN_POINT('',(-0.47982997753,-0.995,0.596261497597));
#3308 = B_SPLINE_CURVE_WITH_KNOTS('',1,(#3309,#3310),.UNSPECIFIED.,.F.,
  .F.,(2,2),(0.,1.E-02),.PIECEWISE_BEZIER_KNOTS.);
#3309 = CARTESIAN_POINT('',(-0.47982997753,-1.005,0.596261497597));
#3310 = CARTESIAN_POINT('',(-0.47982997753,-0.995,0.596261497597));
#3311 = ORIENTED_EDGE('',*,*,#3312,.F.);
#3312 = EDGE_CURVE('',#3270,#3306,#3313,.T.);
#3313 = B_SPLINE_CURVE_WITH_KNOTS('',3,(#3314,#3315,#3316,#3317),
  .UNSPECIFIED.,.F.,.F.,(4,4),(7.,8.),.PIECEWISE_BEZIER_KNOTS.);
#3314 = CARTESIAN_POINT('',(-0.495807590844,-0.995,0.600281894873));
#3315 = CARTESIAN_POINT('',(-0.490002275811,-0.995,0.600281894873));
#3316 = CARTESIAN_POINT('',(-0.484682181139,-0.995,0.598964868179));
#3317 = CARTESIAN_POINT('',(-0.47982997753,-0.995,0.596261497597));
#3318 = B_SPLINE_SURFACE_WITH_KNOTS('',3,1,(
    (#3319,#3320)
    ,(#3321,#3322)
    ,(#3323,#3324)
    ,(#3325,#3326
    )),.UNSPECIFIED.,.F.,.F.,.F.,(4,4),(2,2),(7.,8.),(0.,1.),
  .PIECEWISE_BEZIER_KNOTS.);
#3319 = CARTESIAN_POINT('',(-0.495807590844,-1.005,0.600281894873));
#3320 = CARTESIAN_POINT('',(-0.495807590844,-0.995,0.600281894873));
#3321 = CARTESIAN_POINT('',(-0.490002275811,-1.005,0.600281894873));
#3322 = CARTESIAN_POINT('',(-0.490002275811,-0.995,0.600281894873));
#3323 = CARTESIAN_POINT('',(-0.484682181139,-1.005,0.598964868179));
#3324 = CARTESIAN_POINT('',(-0.484682181139,-0.995,0.598964868179));
#3325 = CARTESIAN_POINT('',(-0.47982997753,-1.005,0.596261497597));
#3326 = CARTESIAN_POINT('',(-0.47982997753,-0.995,0.596261497597));
#3327 = ADVANCED_FACE('',(#3328),#3350,.F.);
#3328 = FACE_BOUND('',#3329,.T.);
#3329 = EDGE_LOOP('',(#3330,#3337,#3344,#3349));
#3330 = ORIENTED_EDGE('',*,*,#3331,.T.);
#3331 = EDGE_CURVE('',#3306,#3332,#3334,.T.);
#3332 = VERTEX_POINT('',#3333);
#3333 = CARTESIAN_POINT('',(-0.47982997753,-0.995,0.60541136726));
#3334 = B_SPLINE_CURVE_WITH_KNOTS('',1,(#3335,#3336),.UNSPECIFIED.,.F.,
  .F.,(2,2),(-9.149869663328E-03,0.),.PIECEWISE_BEZIER_KNOTS.);
#3335 = CARTESIAN_POINT('',(-0.47982997753,-0.995,0.596261497597));
#3336 = CARTESIAN_POINT('',(-0.47982997753,-0.995,0.60541136726));
#3337 = ORIENTED_EDGE('',*,*,#3338,.F.);
#3338 = EDGE_CURVE('',#3339,#3332,#3341,.T.);
#3339 = VERTEX_POINT('',#3340);
#3340 = CARTESIAN_POINT('',(-0.47982997753,-1.005,0.60541136726));
#3341 = B_SPLINE_CURVE_WITH_KNOTS('',1,(#3342,#3343),.UNSPECIFIED.,.F.,
  .F.,(2,2),(0.,1.E-02),.PIECEWISE_BEZIER_KNOTS.);
#3342 = CARTESIAN_POINT('',(-0.47982997753,-1.005,0.60541136726));
#3343 = CARTESIAN_POINT('',(-0.47982997753,-0.995,0.60541136726));
#3344 = ORIENTED_EDGE('',*,*,#3345,.F.);
#3345 = EDGE_CURVE('',#3297,#3339,#3346,.T.);
#3346 = B_SPLINE_CURVE_WITH_KNOTS('',1,(#3347,#3348),.UNSPECIFIED.,.F.,
  .F.,(2,2),(-9.149869663328E-03,0.),.PIECEWISE_BEZIER_KNOTS.);
#3347 = CARTESIAN_POINT('',(-0.47982997753,-1.005,0.596261497597));
#3348 = CARTESIAN_POINT('',(-0.47982997753,-1.005,0.60541136726));
#3349 = ORIENTED_EDGE('',*,*,#3305,.T.);
#3350 = B_SPLINE_SURFACE_WITH_KNOTS('',1,1,(
    (#3351,#3352)
    ,(#3353,#3354
    )),.UNSPECIFIED.,.F.,.F.,.F.,(2,2),(2,2),(-9.149869663328E-03,0.),(
    0.,1.E-02),.PIECEWISE_BEZIER_KNOTS.);
#3351 = CARTESIAN_POINT('',(-0.47982997753,-1.005,0.596261497597));
#3352 = CARTESIAN_POINT('',(-0.47982997753,-0.995,0.596261497597));
#3353 = CARTESIAN_POINT('',(-0.47982997753,-1.005,0.60541136726));
#3354 = CARTESIAN_POINT('',(-0.47982997753,-0.995,0.60541136726));
#3355 = ADVANCED_FACE('',(#3356),#3382,.F.);
#3356 = FACE_BOUND('',#3357,.F.);
#3357 = EDGE_LOOP('',(#3358,#3359,#3368,#3375));
#3358 = ORIENTED_EDGE('',*,*,#3338,.F.);
#3359 = ORIENTED_EDGE('',*,*,#3360,.T.);
#3360 = EDGE_CURVE('',#3339,#3361,#3363,.T.);
#3361 = VERTEX_POINT('',#3362);
#3362 = CARTESIAN_POINT('',(-0.495894237337,-1.005,0.608184055037));
#3363 = B_SPLINE_CURVE_WITH_KNOTS('',3,(#3364,#3365,#3366,#3367),
  .UNSPECIFIED.,.F.,.F.,(4,4),(5.,6.),.PIECEWISE_BEZIER_KNOTS.);
#3364 = CARTESIAN_POINT('',(-0.47982997753,-1.005,0.60541136726));
#3365 = CARTESIAN_POINT('',(-0.484058326389,-1.005,0.607248272913));
#3366 = CARTESIAN_POINT('',(-0.489413079659,-1.005,0.608184055037));
#3367 = CARTESIAN_POINT('',(-0.495894237337,-1.005,0.608184055037));
#3368 = ORIENTED_EDGE('',*,*,#3369,.T.);
#3369 = EDGE_CURVE('',#3361,#3370,#3372,.T.);
#3370 = VERTEX_POINT('',#3371);
#3371 = CARTESIAN_POINT('',(-0.495894237337,-0.995,0.608184055037));
#3372 = B_SPLINE_CURVE_WITH_KNOTS('',1,(#3373,#3374),.UNSPECIFIED.,.F.,
  .F.,(2,2),(0.,1.E-02),.PIECEWISE_BEZIER_KNOTS.);
#3373 = CARTESIAN_POINT('',(-0.495894237337,-1.005,0.608184055037));
#3374 = CARTESIAN_POINT('',(-0.495894237337,-0.995,0.608184055037));
#3375 = ORIENTED_EDGE('',*,*,#3376,.F.);
#3376 = EDGE_CURVE('',#3332,#3370,#3377,.T.);
#3377 = B_SPLINE_CURVE_WITH_KNOTS('',3,(#3378,#3379,#3380,#3381),
  .UNSPECIFIED.,.F.,.F.,(4,4),(5.,6.),.PIECEWISE_BEZIER_KNOTS.);
#3378 = CARTESIAN_POINT('',(-0.47982997753,-0.995,0.60541136726));
#3379 = CARTESIAN_POINT('',(-0.484058326389,-0.995,0.607248272913));
#3380 = CARTESIAN_POINT('',(-0.489413079659,-0.995,0.608184055037));
#3381 = CARTESIAN_POINT('',(-0.495894237337,-0.995,0.608184055037));
#3382 = B_SPLINE_SURFACE_WITH_KNOTS('',3,1,(
    (#3383,#3384)
    ,(#3385,#3386)
    ,(#3387,#3388)
    ,(#3389,#3390
    )),.UNSPECIFIED.,.F.,.F.,.F.,(4,4),(2,2),(5.,6.),(0.,1.),
  .PIECEWISE_BEZIER_KNOTS.);
#3383 = CARTESIAN_POINT('',(-0.47982997753,-1.005,0.60541136726));
#3384 = CARTESIAN_POINT('',(-0.47982997753,-0.995,0.60541136726));
#3385 = CARTESIAN_POINT('',(-0.484058326389,-1.005,0.607248272913));
#3386 = CARTESIAN_POINT('',(-0.484058326389,-0.995,0.607248272913));
#3387 = CARTESIAN_POINT('',(-0.489413079659,-1.005,0.608184055037));
#3388 = CARTESIAN_POINT('',(-0.489413079659,-0.995,0.608184055037));
#3389 = CARTESIAN_POINT('',(-0.495894237337,-1.005,0.608184055037));
#3390 = CARTESIAN_POINT('',(-0.495894237337,-0.995,0.608184055037));
#3391 = ADVANCED_FACE('',(#3392),#3418,.F.);
#3392 = FACE_BOUND('',#3393,.F.);
#3393 = EDGE_LOOP('',(#3394,#3395,#3404,#3411));
#3394 = ORIENTED_EDGE('',*,*,#3369,.F.);
#3395 = ORIENTED_EDGE('',*,*,#3396,.T.);
#3396 = EDGE_CURVE('',#3361,#3397,#3399,.T.);
#3397 = VERTEX_POINT('',#3398);
#3398 = CARTESIAN_POINT('',(-0.520796439433,-1.005,0.598202379041));
#3399 = B_SPLINE_CURVE_WITH_KNOTS('',3,(#3400,#3401,#3402,#3403),
  .UNSPECIFIED.,.F.,.F.,(4,4),(4.,5.),.PIECEWISE_BEZIER_KNOTS.);
#3400 = CARTESIAN_POINT('',(-0.495894237337,-1.005,0.608184055037));
#3401 = CARTESIAN_POINT('',(-0.505962559826,-1.005,0.608184055037));
#3402 = CARTESIAN_POINT('',(-0.514263293858,-1.005,0.604856829705));
#3403 = CARTESIAN_POINT('',(-0.520796439433,-1.005,0.598202379041));
#3404 = ORIENTED_EDGE('',*,*,#3405,.T.);
#3405 = EDGE_CURVE('',#3397,#3406,#3408,.T.);
#3406 = VERTEX_POINT('',#3407);
#3407 = CARTESIAN_POINT('',(-0.520796439433,-0.995,0.598202379041));
#3408 = B_SPLINE_CURVE_WITH_KNOTS('',1,(#3409,#3410),.UNSPECIFIED.,.F.,
  .F.,(2,2),(0.,1.E-02),.PIECEWISE_BEZIER_KNOTS.);
#3409 = CARTESIAN_POINT('',(-0.520796439433,-1.005,0.598202379041));
#3410 = CARTESIAN_POINT('',(-0.520796439433,-0.995,0.598202379041));
#3411 = ORIENTED_EDGE('',*,*,#3412,.F.);
#3412 = EDGE_CURVE('',#3370,#3406,#3413,.T.);
#3413 = B_SPLINE_CURVE_WITH_KNOTS('',3,(#3414,#3415,#3416,#3417),
  .UNSPECIFIED.,.F.,.F.,(4,4),(4.,5.),.PIECEWISE_BEZIER_KNOTS.);
#3414 = CARTESIAN_POINT('',(-0.495894237337,-0.995,0.608184055037));
#3415 = CARTESIAN_POINT('',(-0.505962559826,-0.995,0.608184055037));
#3416 = CARTESIAN_POINT('',(-0.514263293858,-0.995,0.604856829705));
#3417 = CARTESIAN_POINT('',(-0.520796439433,-0.995,0.598202379041));
#3418 = B_SPLINE_SURFACE_WITH_KNOTS('',3,1,(
    (#3419,#3420)
    ,(#3421,#3422)
    ,(#3423,#3424)
    ,(#3425,#3426
    )),.UNSPECIFIED.,.F.,.F.,.F.,(4,4),(2,2),(4.,5.),(0.,1.),
  .PIECEWISE_BEZIER_KNOTS.);
#3419 = CARTESIAN_POINT('',(-0.495894237337,-1.005,0.608184055037));
#3420 = CARTESIAN_POINT('',(-0.495894237337,-0.995,0.608184055037));
#3421 = CARTESIAN_POINT('',(-0.505962559826,-1.005,0.608184055037));
#3422 = CARTESIAN_POINT('',(-0.505962559826,-0.995,0.608184055037));
#3423 = CARTESIAN_POINT('',(-0.514263293858,-1.005,0.604856829705));
#3424 = CARTESIAN_POINT('',(-0.514263293858,-0.995,0.604856829705));
#3425 = CARTESIAN_POINT('',(-0.520796439433,-1.005,0.598202379041));
#3426 = CARTESIAN_POINT('',(-0.520796439433,-0.995,0.598202379041));
#3427 = ADVANCED_FACE('',(#3428),#3454,.F.);
#3428 = FACE_BOUND('',#3429,.F.);
#3429 = EDGE_LOOP('',(#3430,#3431,#3440,#3447));
#3430 = ORIENTED_EDGE('',*,*,#3405,.F.);
#3431 = ORIENTED_EDGE('',*,*,#3432,.T.);
#3432 = EDGE_CURVE('',#3397,#3433,#3435,.T.);
#3433 = VERTEX_POINT('',#3434);
#3434 = CARTESIAN_POINT('',(-0.530587493145,-1.005,0.57186184516));
#3435 = B_SPLINE_CURVE_WITH_KNOTS('',3,(#3436,#3437,#3438,#3439),
  .UNSPECIFIED.,.F.,.F.,(4,4),(3.,4.),.PIECEWISE_BEZIER_KNOTS.);
#3436 = CARTESIAN_POINT('',(-0.520796439433,-1.005,0.598202379041));
#3437 = CARTESIAN_POINT('',(-0.527329585007,-1.005,0.591547928376));
#3438 = CARTESIAN_POINT('',(-0.530587493145,-1.005,0.582779303282));
#3439 = CARTESIAN_POINT('',(-0.530587493145,-1.005,0.57186184516));
#3440 = ORIENTED_EDGE('',*,*,#3441,.T.);
#3441 = EDGE_CURVE('',#3433,#3442,#3444,.T.);
#3442 = VERTEX_POINT('',#3443);
#3443 = CARTESIAN_POINT('',(-0.530587493145,-0.995,0.57186184516));
#3444 = B_SPLINE_CURVE_WITH_KNOTS('',1,(#3445,#3446),.UNSPECIFIED.,.F.,
  .F.,(2,2),(0.,1.E-02),.PIECEWISE_BEZIER_KNOTS.);
#3445 = CARTESIAN_POINT('',(-0.530587493145,-1.005,0.57186184516));
#3446 = CARTESIAN_POINT('',(-0.530587493145,-0.995,0.57186184516));
#3447 = ORIENTED_EDGE('',*,*,#3448,.F.);
#3448 = EDGE_CURVE('',#3406,#3442,#3449,.T.);
#3449 = B_SPLINE_CURVE_WITH_KNOTS('',3,(#3450,#3451,#3452,#3453),
  .UNSPECIFIED.,.F.,.F.,(4,4),(3.,4.),.PIECEWISE_BEZIER_KNOTS.);
#3450 = CARTESIAN_POINT('',(-0.520796439433,-0.995,0.598202379041));
#3451 = CARTESIAN_POINT('',(-0.527329585007,-0.995,0.591547928376));
#3452 = CARTESIAN_POINT('',(-0.530587493145,-0.995,0.582779303282));
#3453 = CARTESIAN_POINT('',(-0.530587493145,-0.995,0.57186184516));
#3454 = B_SPLINE_SURFACE_WITH_KNOTS('',3,1,(
    (#3455,#3456)
    ,(#3457,#3458)
    ,(#3459,#3460)
    ,(#3461,#3462
    )),.UNSPECIFIED.,.F.,.F.,.F.,(4,4),(2,2),(3.,4.),(0.,1.),
  .PIECEWISE_BEZIER_KNOTS.);
#3455 = CARTESIAN_POINT('',(-0.520796439433,-1.005,0.598202379041));
#3456 = CARTESIAN_POINT('',(-0.520796439433,-0.995,0.598202379041));
#3457 = CARTESIAN_POINT('',(-0.527329585007,-1.005,0.591547928376));
#3458 = CARTESIAN_POINT('',(-0.527329585007,-0.995,0.591547928376));
#3459 = CARTESIAN_POINT('',(-0.530587493145,-1.005,0.582779303282));
#3460 = CARTESIAN_POINT('',(-0.530587493145,-0.995,0.582779303282));
#3461 = CARTESIAN_POINT('',(-0.530587493145,-1.005,0.57186184516));
#3462 = CARTESIAN_POINT('',(-0.530587493145,-0.995,0.57186184516));
#3463 = ADVANCED_FACE('',(#3464),#3490,.F.);
#3464 = FACE_BOUND('',#3465,.F.);
#3465 = EDGE_LOOP('',(#3466,#3467,#3476,#3483));
#3466 = ORIENTED_EDGE('',*,*,#3441,.F.);
#3467 = ORIENTED_EDGE('',*,*,#3468,.T.);
#3468 = EDGE_CURVE('',#3433,#3469,#3471,.T.);
#3469 = VERTEX_POINT('',#3470);
#3470 = CARTESIAN_POINT('',(-0.521888185245,-1.005,0.547358216933));
#3471 = B_SPLINE_CURVE_WITH_KNOTS('',3,(#3472,#3473,#3474,#3475),
  .UNSPECIFIED.,.F.,.F.,(4,4),(2.,3.),.PIECEWISE_BEZIER_KNOTS.);
#3472 = CARTESIAN_POINT('',(-0.530587493145,-1.005,0.57186184516));
#3473 = CARTESIAN_POINT('',(-0.530587493145,-1.005,0.561706876178));
#3474 = CARTESIAN_POINT('',(-0.527693500278,-1.005,0.553527447236));
#3475 = CARTESIAN_POINT('',(-0.521888185245,-1.005,0.547358216933));
#3476 = ORIENTED_EDGE('',*,*,#3477,.T.);
#3477 = EDGE_CURVE('',#3469,#3478,#3480,.T.);
#3478 = VERTEX_POINT('',#3479);
#3479 = CARTESIAN_POINT('',(-0.521888185245,-0.995,0.547358216933));
#3480 = B_SPLINE_CURVE_WITH_KNOTS('',1,(#3481,#3482),.UNSPECIFIED.,.F.,
  .F.,(2,2),(0.,1.E-02),.PIECEWISE_BEZIER_KNOTS.);
#3481 = CARTESIAN_POINT('',(-0.521888185245,-1.005,0.547358216933));
#3482 = CARTESIAN_POINT('',(-0.521888185245,-0.995,0.547358216933));
#3483 = ORIENTED_EDGE('',*,*,#3484,.F.);
#3484 = EDGE_CURVE('',#3442,#3478,#3485,.T.);
#3485 = B_SPLINE_CURVE_WITH_KNOTS('',3,(#3486,#3487,#3488,#3489),
  .UNSPECIFIED.,.F.,.F.,(4,4),(2.,3.),.PIECEWISE_BEZIER_KNOTS.);
#3486 = CARTESIAN_POINT('',(-0.530587493145,-0.995,0.57186184516));
#3487 = CARTESIAN_POINT('',(-0.530587493145,-0.995,0.561706876178));
#3488 = CARTESIAN_POINT('',(-0.527693500278,-0.995,0.553527447236));
#3489 = CARTESIAN_POINT('',(-0.521888185245,-0.995,0.547358216933));
#3490 = B_SPLINE_SURFACE_WITH_KNOTS('',3,1,(
    (#3491,#3492)
    ,(#3493,#3494)
    ,(#3495,#3496)
    ,(#3497,#3498
    )),.UNSPECIFIED.,.F.,.F.,.F.,(4,4),(2,2),(2.,3.),(0.,1.),
  .PIECEWISE_BEZIER_KNOTS.);
#3491 = CARTESIAN_POINT('',(-0.530587493145,-1.005,0.57186184516));
#3492 = CARTESIAN_POINT('',(-0.530587493145,-0.995,0.57186184516));
#3493 = CARTESIAN_POINT('',(-0.530587493145,-1.005,0.561706876178));
#3494 = CARTESIAN_POINT('',(-0.530587493145,-0.995,0.561706876178));
#3495 = CARTESIAN_POINT('',(-0.527693500278,-1.005,0.553527447236));
#3496 = CARTESIAN_POINT('',(-0.527693500278,-0.995,0.553527447236));
#3497 = CARTESIAN_POINT('',(-0.521888185245,-1.005,0.547358216933));
#3498 = CARTESIAN_POINT('',(-0.521888185245,-0.995,0.547358216933));
#3499 = ADVANCED_FACE('',(#3500),#3518,.F.);
#3500 = FACE_BOUND('',#3501,.F.);
#3501 = EDGE_LOOP('',(#3502,#3503,#3510,#3511));
#3502 = ORIENTED_EDGE('',*,*,#3477,.F.);
#3503 = ORIENTED_EDGE('',*,*,#3504,.T.);
#3504 = EDGE_CURVE('',#3469,#3044,#3505,.T.);
#3505 = B_SPLINE_CURVE_WITH_KNOTS('',3,(#3506,#3507,#3508,#3509),
  .UNSPECIFIED.,.F.,.F.,(4,4),(1.,2.),.PIECEWISE_BEZIER_KNOTS.);
#3506 = CARTESIAN_POINT('',(-0.521888185245,-1.005,0.547358216933));
#3507 = CARTESIAN_POINT('',(-0.516082870212,-1.005,0.541188986629));
#3508 = CARTESIAN_POINT('',(-0.508319344437,-1.005,0.538104371478));
#3509 = CARTESIAN_POINT('',(-0.498597607919,-1.005,0.538104371478));
#3510 = ORIENTED_EDGE('',*,*,#3043,.T.);
#3511 = ORIENTED_EDGE('',*,*,#3512,.F.);
#3512 = EDGE_CURVE('',#3478,#3046,#3513,.T.);
#3513 = B_SPLINE_CURVE_WITH_KNOTS('',3,(#3514,#3515,#3516,#3517),
  .UNSPECIFIED.,.F.,.F.,(4,4),(1.,2.),.PIECEWISE_BEZIER_KNOTS.);
#3514 = CARTESIAN_POINT('',(-0.521888185245,-0.995,0.547358216933));
#3515 = CARTESIAN_POINT('',(-0.516082870212,-0.995,0.541188986629));
#3516 = CARTESIAN_POINT('',(-0.508319344437,-0.995,0.538104371478));
#3517 = CARTESIAN_POINT('',(-0.498597607919,-0.995,0.538104371478));
#3518 = B_SPLINE_SURFACE_WITH_KNOTS('',3,1,(
    (#3519,#3520)
    ,(#3521,#3522)
    ,(#3523,#3524)
    ,(#3525,#3526
    )),.UNSPECIFIED.,.F.,.F.,.F.,(4,4),(2,2),(1.,2.),(0.,1.),
  .PIECEWISE_BEZIER_KNOTS.);
#3519 = CARTESIAN_POINT('',(-0.521888185245,-1.005,0.547358216933));
#3520 = CARTESIAN_POINT('',(-0.521888185245,-0.995,0.547358216933));
#3521 = CARTESIAN_POINT('',(-0.516082870212,-1.005,0.541188986629));
#3522 = CARTESIAN_POINT('',(-0.516082870212,-0.995,0.541188986629));
#3523 = CARTESIAN_POINT('',(-0.508319344437,-1.005,0.538104371478));
#3524 = CARTESIAN_POINT('',(-0.508319344437,-0.995,0.538104371478));
#3525 = CARTESIAN_POINT('',(-0.498597607919,-1.005,0.538104371478));
#3526 = CARTESIAN_POINT('',(-0.498597607919,-0.995,0.538104371478));
#3527 = ADVANCED_FACE('',(#3528),#3544,.T.);
#3528 = FACE_BOUND('',#3529,.T.);
#3529 = EDGE_LOOP('',(#3530,#3531,#3532,#3533,#3534,#3535,#3536,#3537,
    #3538,#3539,#3540,#3541,#3542,#3543));
#3530 = ORIENTED_EDGE('',*,*,#3052,.T.);
#3531 = ORIENTED_EDGE('',*,*,#3101,.T.);
#3532 = ORIENTED_EDGE('',*,*,#3116,.T.);
#3533 = ORIENTED_EDGE('',*,*,#3152,.T.);
#3534 = ORIENTED_EDGE('',*,*,#3188,.T.);
#3535 = ORIENTED_EDGE('',*,*,#3224,.T.);
#3536 = ORIENTED_EDGE('',*,*,#3260,.T.);
#3537 = ORIENTED_EDGE('',*,*,#3296,.T.);
#3538 = ORIENTED_EDGE('',*,*,#3345,.T.);
#3539 = ORIENTED_EDGE('',*,*,#3360,.T.);
#3540 = ORIENTED_EDGE('',*,*,#3396,.T.);
#3541 = ORIENTED_EDGE('',*,*,#3432,.T.);
#3542 = ORIENTED_EDGE('',*,*,#3468,.T.);
#3543 = ORIENTED_EDGE('',*,*,#3504,.T.);
#3544 = B_SPLINE_SURFACE_WITH_KNOTS('',1,1,(
    (#3545,#3546)
    ,(#3547,#3548
    )),.UNSPECIFIED.,.F.,.F.,.F.,(2,2),(2,2),(-6.909191353937E-02,
    9.877700204729E-04),(-4.232247951881E-02,8.435036096212E-03),
  .PIECEWISE_BEZIER_KNOTS.);
#3545 = CARTESIAN_POINT('',(-0.530587493145,-1.005,0.608184055037));
#3546 = CARTESIAN_POINT('',(-0.47982997753,-1.005,0.608184055037));
#3547 = CARTESIAN_POINT('',(-0.530587493145,-1.005,0.538104371478));
#3548 = CARTESIAN_POINT('',(-0.47982997753,-1.005,0.538104371478));
#3549 = ADVANCED_FACE('',(#3550),#3566,.F.);
#3550 = FACE_BOUND('',#3551,.T.);
#3551 = EDGE_LOOP('',(#3552,#3553,#3554,#3555,#3556,#3557,#3558,#3559,
    #3560,#3561,#3562,#3563,#3564,#3565));
#3552 = ORIENTED_EDGE('',*,*,#3068,.F.);
#3553 = ORIENTED_EDGE('',*,*,#3512,.F.);
#3554 = ORIENTED_EDGE('',*,*,#3484,.F.);
#3555 = ORIENTED_EDGE('',*,*,#3448,.F.);
#3556 = ORIENTED_EDGE('',*,*,#3412,.F.);
#3557 = ORIENTED_EDGE('',*,*,#3376,.F.);
#3558 = ORIENTED_EDGE('',*,*,#3331,.F.);
#3559 = ORIENTED_EDGE('',*,*,#3312,.F.);
#3560 = ORIENTED_EDGE('',*,*,#3276,.F.);
#3561 = ORIENTED_EDGE('',*,*,#3240,.F.);
#3562 = ORIENTED_EDGE('',*,*,#3204,.F.);
#3563 = ORIENTED_EDGE('',*,*,#3168,.F.);
#3564 = ORIENTED_EDGE('',*,*,#3132,.F.);
#3565 = ORIENTED_EDGE('',*,*,#3087,.F.);
#3566 = B_SPLINE_SURFACE_WITH_KNOTS('',1,1,(
    (#3567,#3568)
    ,(#3569,#3570
    )),.UNSPECIFIED.,.F.,.F.,.F.,(2,2),(2,2),(-6.909191353937E-02,
    9.877700204729E-04),(-4.232247951881E-02,8.435036096212E-03),
  .PIECEWISE_BEZIER_KNOTS.);
#3567 = CARTESIAN_POINT('',(-0.530587493145,-0.995,0.608184055037));
#3568 = CARTESIAN_POINT('',(-0.47982997753,-0.995,0.608184055037));
#3569 = CARTESIAN_POINT('',(-0.530587493145,-0.995,0.538104371478));
#3570 = CARTESIAN_POINT('',(-0.47982997753,-0.995,0.538104371478));
#3571 = MANIFOLD_SOLID_BREP('',#3572);
#3572 = CLOSED_SHELL('',(#3573,#3609,#3637,#3665,#3693,#3721,#3749,#3777
    ,#3805,#3833,#3861,#3889,#3909,#3929));
#3573 = ADVANCED_FACE('',(#3574),#3604,.F.);
#3574 = FACE_BOUND('',#3575,.T.);
#3575 = EDGE_LOOP('',(#3576,#3585,#3592,#3599));
#3576 = ORIENTED_EDGE('',*,*,#3577,.T.);
#3577 = EDGE_CURVE('',#3578,#3580,#3582,.T.);
#3578 = VERTEX_POINT('',#3579);
#3579 = CARTESIAN_POINT('',(-0.429800292456,-0.995,0.539248105186));
#3580 = VERTEX_POINT('',#3581);
#3581 = CARTESIAN_POINT('',(-0.429800292456,-0.995,0.546976972363));
#3582 = B_SPLINE_CURVE_WITH_KNOTS('',1,(#3583,#3584),.UNSPECIFIED.,.F.,
  .F.,(2,2),(-7.728867177928E-03,0.),.PIECEWISE_BEZIER_KNOTS.);
#3583 = CARTESIAN_POINT('',(-0.429800292456,-0.995,0.539248105186));
#3584 = CARTESIAN_POINT('',(-0.429800292456,-0.995,0.546976972363));
#3585 = ORIENTED_EDGE('',*,*,#3586,.F.);
#3586 = EDGE_CURVE('',#3587,#3580,#3589,.T.);
#3587 = VERTEX_POINT('',#3588);
#3588 = CARTESIAN_POINT('',(-0.429800292456,-1.005,0.546976972363));
#3589 = B_SPLINE_CURVE_WITH_KNOTS('',1,(#3590,#3591),.UNSPECIFIED.,.F.,
  .F.,(2,2),(0.,1.E-02),.PIECEWISE_BEZIER_KNOTS.);
#3590 = CARTESIAN_POINT('',(-0.429800292456,-1.005,0.546976972363));
#3591 = CARTESIAN_POINT('',(-0.429800292456,-0.995,0.546976972363));
#3592 = ORIENTED_EDGE('',*,*,#3593,.F.);
#3593 = EDGE_CURVE('',#3594,#3587,#3596,.T.);
#3594 = VERTEX_POINT('',#3595);
#3595 = CARTESIAN_POINT('',(-0.429800292456,-1.005,0.539248105186));
#3596 = B_SPLINE_CURVE_WITH_KNOTS('',1,(#3597,#3598),.UNSPECIFIED.,.F.,
  .F.,(2,2),(-7.728867177928E-03,0.),.PIECEWISE_BEZIER_KNOTS.);
#3597 = CARTESIAN_POINT('',(-0.429800292456,-1.005,0.539248105186));
#3598 = CARTESIAN_POINT('',(-0.429800292456,-1.005,0.546976972363));
#3599 = ORIENTED_EDGE('',*,*,#3600,.T.);
#3600 = EDGE_CURVE('',#3594,#3578,#3601,.T.);
#3601 = B_SPLINE_CURVE_WITH_KNOTS('',1,(#3602,#3603),.UNSPECIFIED.,.F.,
  .F.,(2,2),(0.,1.E-02),.PIECEWISE_BEZIER_KNOTS.);
#3602 = CARTESIAN_POINT('',(-0.429800292456,-1.005,0.539248105186));
#3603 = CARTESIAN_POINT('',(-0.429800292456,-0.995,0.539248105186));
#3604 = B_SPLINE_SURFACE_WITH_KNOTS('',1,1,(
    (#3605,#3606)
    ,(#3607,#3608
    )),.UNSPECIFIED.,.F.,.F.,.F.,(2,2),(2,2),(-7.728867177928E-03,0.),(
    0.,1.E-02),.PIECEWISE_BEZIER_KNOTS.);
#3605 = CARTESIAN_POINT('',(-0.429800292456,-1.005,0.539248105186));
#3606 = CARTESIAN_POINT('',(-0.429800292456,-0.995,0.539248105186));
#3607 = CARTESIAN_POINT('',(-0.429800292456,-1.005,0.546976972363));
#3608 = CARTESIAN_POINT('',(-0.429800292456,-0.995,0.546976972363));
#3609 = ADVANCED_FACE('',(#3610),#3632,.F.);
#3610 = FACE_BOUND('',#3611,.T.);
#3611 = EDGE_LOOP('',(#3612,#3619,#3626,#3631));
#3612 = ORIENTED_EDGE('',*,*,#3613,.T.);
#3613 = EDGE_CURVE('',#3580,#3614,#3616,.T.);
#3614 = VERTEX_POINT('',#3615);
#3615 = CARTESIAN_POINT('',(-0.457509840926,-0.995,0.546976972363));
#3616 = B_SPLINE_CURVE_WITH_KNOTS('',1,(#3617,#3618),.UNSPECIFIED.,.F.,
  .F.,(2,2),(-2.770954846969E-02,-0.),.PIECEWISE_BEZIER_KNOTS.);
#3617 = CARTESIAN_POINT('',(-0.429800292456,-0.995,0.546976972363));
#3618 = CARTESIAN_POINT('',(-0.457509840926,-0.995,0.546976972363));
#3619 = ORIENTED_EDGE('',*,*,#3620,.F.);
#3620 = EDGE_CURVE('',#3621,#3614,#3623,.T.);
#3621 = VERTEX_POINT('',#3622);
#3622 = CARTESIAN_POINT('',(-0.457509840926,-1.005,0.546976972363));
#3623 = B_SPLINE_CURVE_WITH_KNOTS('',1,(#3624,#3625),.UNSPECIFIED.,.F.,
  .F.,(2,2),(0.,1.E-02),.PIECEWISE_BEZIER_KNOTS.);
#3624 = CARTESIAN_POINT('',(-0.457509840926,-1.005,0.546976972363));
#3625 = CARTESIAN_POINT('',(-0.457509840926,-0.995,0.546976972363));
#3626 = ORIENTED_EDGE('',*,*,#3627,.F.);
#3627 = EDGE_CURVE('',#3587,#3621,#3628,.T.);
#3628 = B_SPLINE_CURVE_WITH_KNOTS('',1,(#3629,#3630),.UNSPECIFIED.,.F.,
  .F.,(2,2),(-2.770954846969E-02,-0.),.PIECEWISE_BEZIER_KNOTS.);
#3629 = CARTESIAN_POINT('',(-0.429800292456,-1.005,0.546976972363));
#3630 = CARTESIAN_POINT('',(-0.457509840926,-1.005,0.546976972363));
#3631 = ORIENTED_EDGE('',*,*,#3586,.T.);
#3632 = B_SPLINE_SURFACE_WITH_KNOTS('',1,1,(
    (#3633,#3634)
    ,(#3635,#3636
    )),.UNSPECIFIED.,.F.,.F.,.F.,(2,2),(2,2),(-2.770954846969E-02,0.),(
    0.,1.E-02),.PIECEWISE_BEZIER_KNOTS.);
#3633 = CARTESIAN_POINT('',(-0.429800292456,-1.005,0.546976972363));
#3634 = CARTESIAN_POINT('',(-0.429800292456,-0.995,0.546976972363));
#3635 = CARTESIAN_POINT('',(-0.457509840926,-1.005,0.546976972363));
#3636 = CARTESIAN_POINT('',(-0.457509840926,-0.995,0.546976972363));
#3637 = ADVANCED_FACE('',(#3638),#3660,.F.);
#3638 = FACE_BOUND('',#3639,.T.);
#3639 = EDGE_LOOP('',(#3640,#3647,#3654,#3659));
#3640 = ORIENTED_EDGE('',*,*,#3641,.T.);
#3641 = EDGE_CURVE('',#3614,#3642,#3644,.T.);
#3642 = VERTEX_POINT('',#3643);
#3643 = CARTESIAN_POINT('',(-0.457509840926,-0.995,0.569782329328));
#3644 = B_SPLINE_CURVE_WITH_KNOTS('',1,(#3645,#3646),.UNSPECIFIED.,.F.,
  .F.,(2,2),(-2.280535696444E-02,0.),.PIECEWISE_BEZIER_KNOTS.);
#3645 = CARTESIAN_POINT('',(-0.457509840926,-0.995,0.546976972363));
#3646 = CARTESIAN_POINT('',(-0.457509840926,-0.995,0.569782329328));
#3647 = ORIENTED_EDGE('',*,*,#3648,.F.);
#3648 = EDGE_CURVE('',#3649,#3642,#3651,.T.);
#3649 = VERTEX_POINT('',#3650);
#3650 = CARTESIAN_POINT('',(-0.457509840926,-1.005,0.569782329328));
#3651 = B_SPLINE_CURVE_WITH_KNOTS('',1,(#3652,#3653),.UNSPECIFIED.,.F.,
  .F.,(2,2),(0.,1.E-02),.PIECEWISE_BEZIER_KNOTS.);
#3652 = CARTESIAN_POINT('',(-0.457509840926,-1.005,0.569782329328));
#3653 = CARTESIAN_POINT('',(-0.457509840926,-0.995,0.569782329328));
#3654 = ORIENTED_EDGE('',*,*,#3655,.F.);
#3655 = EDGE_CURVE('',#3621,#3649,#3656,.T.);
#3656 = B_SPLINE_CURVE_WITH_KNOTS('',1,(#3657,#3658),.UNSPECIFIED.,.F.,
  .F.,(2,2),(-2.280535696444E-02,0.),.PIECEWISE_BEZIER_KNOTS.);
#3657 = CARTESIAN_POINT('',(-0.457509840926,-1.005,0.546976972363));
#3658 = CARTESIAN_POINT('',(-0.457509840926,-1.005,0.569782329328));
#3659 = ORIENTED_EDGE('',*,*,#3620,.T.);
#3660 = B_SPLINE_SURFACE_WITH_KNOTS('',1,1,(
    (#3661,#3662)
    ,(#3663,#3664
    )),.UNSPECIFIED.,.F.,.F.,.F.,(2,2),(2,2),(-2.280535696444E-02,0.),(
    0.,1.E-02),.PIECEWISE_BEZIER_KNOTS.);
#3661 = CARTESIAN_POINT('',(-0.457509840926,-1.005,0.546976972363));
#3662 = CARTESIAN_POINT('',(-0.457509840926,-0.995,0.546976972363));
#3663 = CARTESIAN_POINT('',(-0.457509840926,-1.005,0.569782329328));
#3664 = CARTESIAN_POINT('',(-0.457509840926,-0.995,0.569782329328));
#3665 = ADVANCED_FACE('',(#3666),#3688,.F.);
#3666 = FACE_BOUND('',#3667,.T.);
#3667 = EDGE_LOOP('',(#3668,#3675,#3682,#3687));
#3668 = ORIENTED_EDGE('',*,*,#3669,.T.);
#3669 = EDGE_CURVE('',#3642,#3670,#3672,.T.);
#3670 = VERTEX_POINT('',#3671);
#3671 = CARTESIAN_POINT('',(-0.433266152177,-0.995,0.569782329328));
#3672 = B_SPLINE_CURVE_WITH_KNOTS('',1,(#3673,#3674),.UNSPECIFIED.,.F.,
  .F.,(2,2),(-2.424368874866E-02,0.),.PIECEWISE_BEZIER_KNOTS.);
#3673 = CARTESIAN_POINT('',(-0.457509840926,-0.995,0.569782329328));
#3674 = CARTESIAN_POINT('',(-0.433266152177,-0.995,0.569782329328));
#3675 = ORIENTED_EDGE('',*,*,#3676,.F.);
#3676 = EDGE_CURVE('',#3677,#3670,#3679,.T.);
#3677 = VERTEX_POINT('',#3678);
#3678 = CARTESIAN_POINT('',(-0.433266152177,-1.005,0.569782329328));
#3679 = B_SPLINE_CURVE_WITH_KNOTS('',1,(#3680,#3681),.UNSPECIFIED.,.F.,
  .F.,(2,2),(0.,1.E-02),.PIECEWISE_BEZIER_KNOTS.);
#3680 = CARTESIAN_POINT('',(-0.433266152177,-1.005,0.569782329328));
#3681 = CARTESIAN_POINT('',(-0.433266152177,-0.995,0.569782329328));
#3682 = ORIENTED_EDGE('',*,*,#3683,.F.);
#3683 = EDGE_CURVE('',#3649,#3677,#3684,.T.);
#3684 = B_SPLINE_CURVE_WITH_KNOTS('',1,(#3685,#3686),.UNSPECIFIED.,.F.,
  .F.,(2,2),(-2.424368874866E-02,0.),.PIECEWISE_BEZIER_KNOTS.);
#3685 = CARTESIAN_POINT('',(-0.457509840926,-1.005,0.569782329328));
#3686 = CARTESIAN_POINT('',(-0.433266152177,-1.005,0.569782329328));
#3687 = ORIENTED_EDGE('',*,*,#3648,.T.);
#3688 = B_SPLINE_SURFACE_WITH_KNOTS('',1,1,(
    (#3689,#3690)
    ,(#3691,#3692
    )),.UNSPECIFIED.,.F.,.F.,.F.,(2,2),(2,2),(-2.424368874866E-02,0.),(
    0.,1.E-02),.PIECEWISE_BEZIER_KNOTS.);
#3689 = CARTESIAN_POINT('',(-0.457509840926,-1.005,0.569782329328));
#3690 = CARTESIAN_POINT('',(-0.457509840926,-0.995,0.569782329328));
#3691 = CARTESIAN_POINT('',(-0.433266152177,-1.005,0.569782329328));
#3692 = CARTESIAN_POINT('',(-0.433266152177,-0.995,0.569782329328));
#3693 = ADVANCED_FACE('',(#3694),#3716,.F.);
#3694 = FACE_BOUND('',#3695,.T.);
#3695 = EDGE_LOOP('',(#3696,#3703,#3710,#3715));
#3696 = ORIENTED_EDGE('',*,*,#3697,.T.);
#3697 = EDGE_CURVE('',#3670,#3698,#3700,.T.);
#3698 = VERTEX_POINT('',#3699);
#3699 = CARTESIAN_POINT('',(-0.433266152177,-0.995,0.577545855103));
#3700 = B_SPLINE_CURVE_WITH_KNOTS('',1,(#3701,#3702),.UNSPECIFIED.,.F.,
  .F.,(2,2),(-7.763525775099E-03,0.),.PIECEWISE_BEZIER_KNOTS.);
#3701 = CARTESIAN_POINT('',(-0.433266152177,-0.995,0.569782329328));
#3702 = CARTESIAN_POINT('',(-0.433266152177,-0.995,0.577545855103));
#3703 = ORIENTED_EDGE('',*,*,#3704,.F.);
#3704 = EDGE_CURVE('',#3705,#3698,#3707,.T.);
#3705 = VERTEX_POINT('',#3706);
#3706 = CARTESIAN_POINT('',(-0.433266152177,-1.005,0.577545855103));
#3707 = B_SPLINE_CURVE_WITH_KNOTS('',1,(#3708,#3709),.UNSPECIFIED.,.F.,
  .F.,(2,2),(0.,1.E-02),.PIECEWISE_BEZIER_KNOTS.);
#3708 = CARTESIAN_POINT('',(-0.433266152177,-1.005,0.577545855103));
#3709 = CARTESIAN_POINT('',(-0.433266152177,-0.995,0.577545855103));
#3710 = ORIENTED_EDGE('',*,*,#3711,.F.);
#3711 = EDGE_CURVE('',#3677,#3705,#3712,.T.);
#3712 = B_SPLINE_CURVE_WITH_KNOTS('',1,(#3713,#3714),.UNSPECIFIED.,.F.,
  .F.,(2,2),(-7.763525775099E-03,0.),.PIECEWISE_BEZIER_KNOTS.);
#3713 = CARTESIAN_POINT('',(-0.433266152177,-1.005,0.569782329328));
#3714 = CARTESIAN_POINT('',(-0.433266152177,-1.005,0.577545855103));
#3715 = ORIENTED_EDGE('',*,*,#3676,.T.);
#3716 = B_SPLINE_SURFACE_WITH_KNOTS('',1,1,(
    (#3717,#3718)
    ,(#3719,#3720
    )),.UNSPECIFIED.,.F.,.F.,.F.,(2,2),(2,2),(-7.763525775099E-03,0.),(
    0.,1.E-02),.PIECEWISE_BEZIER_KNOTS.);
#3717 = CARTESIAN_POINT('',(-0.433266152177,-1.005,0.569782329328));
#3718 = CARTESIAN_POINT('',(-0.433266152177,-0.995,0.569782329328));
#3719 = CARTESIAN_POINT('',(-0.433266152177,-1.005,0.577545855103));
#3720 = CARTESIAN_POINT('',(-0.433266152177,-0.995,0.577545855103));
#3721 = ADVANCED_FACE('',(#3722),#3744,.F.);
#3722 = FACE_BOUND('',#3723,.T.);
#3723 = EDGE_LOOP('',(#3724,#3731,#3738,#3743));
#3724 = ORIENTED_EDGE('',*,*,#3725,.T.);
#3725 = EDGE_CURVE('',#3698,#3726,#3728,.T.);
#3726 = VERTEX_POINT('',#3727);
#3727 = CARTESIAN_POINT('',(-0.457509840926,-0.995,0.577545855103));
#3728 = B_SPLINE_CURVE_WITH_KNOTS('',1,(#3729,#3730),.UNSPECIFIED.,.F.,
  .F.,(2,2),(-2.424368874866E-02,-0.),.PIECEWISE_BEZIER_KNOTS.);
#3729 = CARTESIAN_POINT('',(-0.433266152177,-0.995,0.577545855103));
#3730 = CARTESIAN_POINT('',(-0.457509840926,-0.995,0.577545855103));
#3731 = ORIENTED_EDGE('',*,*,#3732,.F.);
#3732 = EDGE_CURVE('',#3733,#3726,#3735,.T.);
#3733 = VERTEX_POINT('',#3734);
#3734 = CARTESIAN_POINT('',(-0.457509840926,-1.005,0.577545855103));
#3735 = B_SPLINE_CURVE_WITH_KNOTS('',1,(#3736,#3737),.UNSPECIFIED.,.F.,
  .F.,(2,2),(0.,1.E-02),.PIECEWISE_BEZIER_KNOTS.);
#3736 = CARTESIAN_POINT('',(-0.457509840926,-1.005,0.577545855103));
#3737 = CARTESIAN_POINT('',(-0.457509840926,-0.995,0.577545855103));
#3738 = ORIENTED_EDGE('',*,*,#3739,.F.);
#3739 = EDGE_CURVE('',#3705,#3733,#3740,.T.);
#3740 = B_SPLINE_CURVE_WITH_KNOTS('',1,(#3741,#3742),.UNSPECIFIED.,.F.,
  .F.,(2,2),(-2.424368874866E-02,-0.),.PIECEWISE_BEZIER_KNOTS.);
#3741 = CARTESIAN_POINT('',(-0.433266152177,-1.005,0.577545855103));
#3742 = CARTESIAN_POINT('',(-0.457509840926,-1.005,0.577545855103));
#3743 = ORIENTED_EDGE('',*,*,#3704,.T.);
#3744 = B_SPLINE_SURFACE_WITH_KNOTS('',1,1,(
    (#3745,#3746)
    ,(#3747,#3748
    )),.UNSPECIFIED.,.F.,.F.,.F.,(2,2),(2,2),(-2.424368874866E-02,0.),(
    0.,1.E-02),.PIECEWISE_BEZIER_KNOTS.);
#3745 = CARTESIAN_POINT('',(-0.433266152177,-1.005,0.577545855103));
#3746 = CARTESIAN_POINT('',(-0.433266152177,-0.995,0.577545855103));
#3747 = CARTESIAN_POINT('',(-0.457509840926,-1.005,0.577545855103));
#3748 = CARTESIAN_POINT('',(-0.457509840926,-0.995,0.577545855103));
#3749 = ADVANCED_FACE('',(#3750),#3772,.F.);
#3750 = FACE_BOUND('',#3751,.T.);
#3751 = EDGE_LOOP('',(#3752,#3759,#3766,#3771));
#3752 = ORIENTED_EDGE('',*,*,#3753,.T.);
#3753 = EDGE_CURVE('',#3726,#3754,#3756,.T.);
#3754 = VERTEX_POINT('',#3755);
#3755 = CARTESIAN_POINT('',(-0.457509840926,-0.995,0.599242136957));
#3756 = B_SPLINE_CURVE_WITH_KNOTS('',1,(#3757,#3758),.UNSPECIFIED.,.F.,
  .F.,(2,2),(-2.169628185404E-02,0.),.PIECEWISE_BEZIER_KNOTS.);
#3757 = CARTESIAN_POINT('',(-0.457509840926,-0.995,0.577545855103));
#3758 = CARTESIAN_POINT('',(-0.457509840926,-0.995,0.599242136957));
#3759 = ORIENTED_EDGE('',*,*,#3760,.F.);
#3760 = EDGE_CURVE('',#3761,#3754,#3763,.T.);
#3761 = VERTEX_POINT('',#3762);
#3762 = CARTESIAN_POINT('',(-0.457509840926,-1.005,0.599242136957));
#3763 = B_SPLINE_CURVE_WITH_KNOTS('',1,(#3764,#3765),.UNSPECIFIED.,.F.,
  .F.,(2,2),(0.,1.E-02),.PIECEWISE_BEZIER_KNOTS.);
#3764 = CARTESIAN_POINT('',(-0.457509840926,-1.005,0.599242136957));
#3765 = CARTESIAN_POINT('',(-0.457509840926,-0.995,0.599242136957));
#3766 = ORIENTED_EDGE('',*,*,#3767,.F.);
#3767 = EDGE_CURVE('',#3733,#3761,#3768,.T.);
#3768 = B_SPLINE_CURVE_WITH_KNOTS('',1,(#3769,#3770),.UNSPECIFIED.,.F.,
  .F.,(2,2),(-2.169628185404E-02,0.),.PIECEWISE_BEZIER_KNOTS.);
#3769 = CARTESIAN_POINT('',(-0.457509840926,-1.005,0.577545855103));
#3770 = CARTESIAN_POINT('',(-0.457509840926,-1.005,0.599242136957));
#3771 = ORIENTED_EDGE('',*,*,#3732,.T.);
#3772 = B_SPLINE_SURFACE_WITH_KNOTS('',1,1,(
    (#3773,#3774)
    ,(#3775,#3776
    )),.UNSPECIFIED.,.F.,.F.,.F.,(2,2),(2,2),(-2.169628185404E-02,0.),(
    0.,1.E-02),.PIECEWISE_BEZIER_KNOTS.);
#3773 = CARTESIAN_POINT('',(-0.457509840926,-1.005,0.577545855103));
#3774 = CARTESIAN_POINT('',(-0.457509840926,-0.995,0.577545855103));
#3775 = CARTESIAN_POINT('',(-0.457509840926,-1.005,0.599242136957));
#3776 = CARTESIAN_POINT('',(-0.457509840926,-0.995,0.599242136957));
#3777 = ADVANCED_FACE('',(#3778),#3800,.F.);
#3778 = FACE_BOUND('',#3779,.T.);
#3779 = EDGE_LOOP('',(#3780,#3787,#3794,#3799));
#3780 = ORIENTED_EDGE('',*,*,#3781,.T.);
#3781 = EDGE_CURVE('',#3754,#3782,#3784,.T.);
#3782 = VERTEX_POINT('',#3783);
#3783 = CARTESIAN_POINT('',(-0.431342600032,-0.995,0.599242136957));
#3784 = B_SPLINE_CURVE_WITH_KNOTS('',1,(#3785,#3786),.UNSPECIFIED.,.F.,
  .F.,(2,2),(-2.616724089396E-02,0.),.PIECEWISE_BEZIER_KNOTS.);
#3785 = CARTESIAN_POINT('',(-0.457509840926,-0.995,0.599242136957));
#3786 = CARTESIAN_POINT('',(-0.431342600032,-0.995,0.599242136957));
#3787 = ORIENTED_EDGE('',*,*,#3788,.F.);
#3788 = EDGE_CURVE('',#3789,#3782,#3791,.T.);
#3789 = VERTEX_POINT('',#3790);
#3790 = CARTESIAN_POINT('',(-0.431342600032,-1.005,0.599242136957));
#3791 = B_SPLINE_CURVE_WITH_KNOTS('',1,(#3792,#3793),.UNSPECIFIED.,.F.,
  .F.,(2,2),(0.,1.E-02),.PIECEWISE_BEZIER_KNOTS.);
#3792 = CARTESIAN_POINT('',(-0.431342600032,-1.005,0.599242136957));
#3793 = CARTESIAN_POINT('',(-0.431342600032,-0.995,0.599242136957));
#3794 = ORIENTED_EDGE('',*,*,#3795,.F.);
#3795 = EDGE_CURVE('',#3761,#3789,#3796,.T.);
#3796 = B_SPLINE_CURVE_WITH_KNOTS('',1,(#3797,#3798),.UNSPECIFIED.,.F.,
  .F.,(2,2),(-2.616724089396E-02,0.),.PIECEWISE_BEZIER_KNOTS.);
#3797 = CARTESIAN_POINT('',(-0.457509840926,-1.005,0.599242136957));
#3798 = CARTESIAN_POINT('',(-0.431342600032,-1.005,0.599242136957));
#3799 = ORIENTED_EDGE('',*,*,#3760,.T.);
#3800 = B_SPLINE_SURFACE_WITH_KNOTS('',1,1,(
    (#3801,#3802)
    ,(#3803,#3804
    )),.UNSPECIFIED.,.F.,.F.,.F.,(2,2),(2,2),(-2.616724089396E-02,0.),(
    0.,1.E-02),.PIECEWISE_BEZIER_KNOTS.);
#3801 = CARTESIAN_POINT('',(-0.457509840926,-1.005,0.599242136957));
#3802 = CARTESIAN_POINT('',(-0.457509840926,-0.995,0.599242136957));
#3803 = CARTESIAN_POINT('',(-0.431342600032,-1.005,0.599242136957));
#3804 = CARTESIAN_POINT('',(-0.431342600032,-0.995,0.599242136957));
#3805 = ADVANCED_FACE('',(#3806),#3828,.F.);
#3806 = FACE_BOUND('',#3807,.T.);
#3807 = EDGE_LOOP('',(#3808,#3815,#3822,#3827));
#3808 = ORIENTED_EDGE('',*,*,#3809,.T.);
#3809 = EDGE_CURVE('',#3782,#3810,#3812,.T.);
#3810 = VERTEX_POINT('',#3811);
#3811 = CARTESIAN_POINT('',(-0.431342600032,-0.995,0.607040321329));
#3812 = B_SPLINE_CURVE_WITH_KNOTS('',1,(#3813,#3814),.UNSPECIFIED.,.F.,
  .F.,(2,2),(-7.79818437227E-03,0.),.PIECEWISE_BEZIER_KNOTS.);
#3813 = CARTESIAN_POINT('',(-0.431342600032,-0.995,0.599242136957));
#3814 = CARTESIAN_POINT('',(-0.431342600032,-0.995,0.607040321329));
#3815 = ORIENTED_EDGE('',*,*,#3816,.F.);
#3816 = EDGE_CURVE('',#3817,#3810,#3819,.T.);
#3817 = VERTEX_POINT('',#3818);
#3818 = CARTESIAN_POINT('',(-0.431342600032,-1.005,0.607040321329));
#3819 = B_SPLINE_CURVE_WITH_KNOTS('',1,(#3820,#3821),.UNSPECIFIED.,.F.,
  .F.,(2,2),(0.,1.E-02),.PIECEWISE_BEZIER_KNOTS.);
#3820 = CARTESIAN_POINT('',(-0.431342600032,-1.005,0.607040321329));
#3821 = CARTESIAN_POINT('',(-0.431342600032,-0.995,0.607040321329));
#3822 = ORIENTED_EDGE('',*,*,#3823,.F.);
#3823 = EDGE_CURVE('',#3789,#3817,#3824,.T.);
#3824 = B_SPLINE_CURVE_WITH_KNOTS('',1,(#3825,#3826),.UNSPECIFIED.,.F.,
  .F.,(2,2),(-7.79818437227E-03,0.),.PIECEWISE_BEZIER_KNOTS.);
#3825 = CARTESIAN_POINT('',(-0.431342600032,-1.005,0.599242136957));
#3826 = CARTESIAN_POINT('',(-0.431342600032,-1.005,0.607040321329));
#3827 = ORIENTED_EDGE('',*,*,#3788,.T.);
#3828 = B_SPLINE_SURFACE_WITH_KNOTS('',1,1,(
    (#3829,#3830)
    ,(#3831,#3832
    )),.UNSPECIFIED.,.F.,.F.,.F.,(2,2),(2,2),(-7.79818437227E-03,0.),(0.
    ,1.E-02),.PIECEWISE_BEZIER_KNOTS.);
#3829 = CARTESIAN_POINT('',(-0.431342600032,-1.005,0.599242136957));
#3830 = CARTESIAN_POINT('',(-0.431342600032,-0.995,0.599242136957));
#3831 = CARTESIAN_POINT('',(-0.431342600032,-1.005,0.607040321329));
#3832 = CARTESIAN_POINT('',(-0.431342600032,-0.995,0.607040321329));
#3833 = ADVANCED_FACE('',(#3834),#3856,.F.);
#3834 = FACE_BOUND('',#3835,.T.);
#3835 = EDGE_LOOP('',(#3836,#3843,#3850,#3855));
#3836 = ORIENTED_EDGE('',*,*,#3837,.T.);
#3837 = EDGE_CURVE('',#3810,#3838,#3840,.T.);
#3838 = VERTEX_POINT('',#3839);
#3839 = CARTESIAN_POINT('',(-0.466261136722,-0.995,0.607040321329));
#3840 = B_SPLINE_CURVE_WITH_KNOTS('',1,(#3841,#3842),.UNSPECIFIED.,.F.,
  .F.,(2,2),(-3.491853668959E-02,-0.),.PIECEWISE_BEZIER_KNOTS.);
#3841 = CARTESIAN_POINT('',(-0.431342600032,-0.995,0.607040321329));
#3842 = CARTESIAN_POINT('',(-0.466261136722,-0.995,0.607040321329));
#3843 = ORIENTED_EDGE('',*,*,#3844,.F.);
#3844 = EDGE_CURVE('',#3845,#3838,#3847,.T.);
#3845 = VERTEX_POINT('',#3846);
#3846 = CARTESIAN_POINT('',(-0.466261136722,-1.005,0.607040321329));
#3847 = B_SPLINE_CURVE_WITH_KNOTS('',1,(#3848,#3849),.UNSPECIFIED.,.F.,
  .F.,(2,2),(0.,1.E-02),.PIECEWISE_BEZIER_KNOTS.);
#3848 = CARTESIAN_POINT('',(-0.466261136722,-1.005,0.607040321329));
#3849 = CARTESIAN_POINT('',(-0.466261136722,-0.995,0.607040321329));
#3850 = ORIENTED_EDGE('',*,*,#3851,.F.);
#3851 = EDGE_CURVE('',#3817,#3845,#3852,.T.);
#3852 = B_SPLINE_CURVE_WITH_KNOTS('',1,(#3853,#3854),.UNSPECIFIED.,.F.,
  .F.,(2,2),(-3.491853668959E-02,-0.),.PIECEWISE_BEZIER_KNOTS.);
#3853 = CARTESIAN_POINT('',(-0.431342600032,-1.005,0.607040321329));
#3854 = CARTESIAN_POINT('',(-0.466261136722,-1.005,0.607040321329));
#3855 = ORIENTED_EDGE('',*,*,#3816,.T.);
#3856 = B_SPLINE_SURFACE_WITH_KNOTS('',1,1,(
    (#3857,#3858)
    ,(#3859,#3860
    )),.UNSPECIFIED.,.F.,.F.,.F.,(2,2),(2,2),(-3.491853668959E-02,0.),(
    0.,1.E-02),.PIECEWISE_BEZIER_KNOTS.);
#3857 = CARTESIAN_POINT('',(-0.431342600032,-1.005,0.607040321329));
#3858 = CARTESIAN_POINT('',(-0.431342600032,-0.995,0.607040321329));
#3859 = CARTESIAN_POINT('',(-0.466261136722,-1.005,0.607040321329));
#3860 = CARTESIAN_POINT('',(-0.466261136722,-0.995,0.607040321329));
#3861 = ADVANCED_FACE('',(#3862),#3884,.F.);
#3862 = FACE_BOUND('',#3863,.T.);
#3863 = EDGE_LOOP('',(#3864,#3871,#3878,#3883));
#3864 = ORIENTED_EDGE('',*,*,#3865,.T.);
#3865 = EDGE_CURVE('',#3838,#3866,#3868,.T.);
#3866 = VERTEX_POINT('',#3867);
#3867 = CARTESIAN_POINT('',(-0.466261136722,-0.995,0.539248105186));
#3868 = B_SPLINE_CURVE_WITH_KNOTS('',1,(#3869,#3870),.UNSPECIFIED.,.F.,
  .F.,(2,2),(-6.779221614378E-02,-0.),.PIECEWISE_BEZIER_KNOTS.);
#3869 = CARTESIAN_POINT('',(-0.466261136722,-0.995,0.607040321329));
#3870 = CARTESIAN_POINT('',(-0.466261136722,-0.995,0.539248105186));
#3871 = ORIENTED_EDGE('',*,*,#3872,.F.);
#3872 = EDGE_CURVE('',#3873,#3866,#3875,.T.);
#3873 = VERTEX_POINT('',#3874);
#3874 = CARTESIAN_POINT('',(-0.466261136722,-1.005,0.539248105186));
#3875 = B_SPLINE_CURVE_WITH_KNOTS('',1,(#3876,#3877),.UNSPECIFIED.,.F.,
  .F.,(2,2),(0.,1.E-02),.PIECEWISE_BEZIER_KNOTS.);
#3876 = CARTESIAN_POINT('',(-0.466261136722,-1.005,0.539248105186));
#3877 = CARTESIAN_POINT('',(-0.466261136722,-0.995,0.539248105186));
#3878 = ORIENTED_EDGE('',*,*,#3879,.F.);
#3879 = EDGE_CURVE('',#3845,#3873,#3880,.T.);
#3880 = B_SPLINE_CURVE_WITH_KNOTS('',1,(#3881,#3882),.UNSPECIFIED.,.F.,
  .F.,(2,2),(-6.779221614378E-02,-0.),.PIECEWISE_BEZIER_KNOTS.);
#3881 = CARTESIAN_POINT('',(-0.466261136722,-1.005,0.607040321329));
#3882 = CARTESIAN_POINT('',(-0.466261136722,-1.005,0.539248105186));
#3883 = ORIENTED_EDGE('',*,*,#3844,.T.);
#3884 = B_SPLINE_SURFACE_WITH_KNOTS('',1,1,(
    (#3885,#3886)
    ,(#3887,#3888
    )),.UNSPECIFIED.,.F.,.F.,.F.,(2,2),(2,2),(-6.779221614378E-02,0.),(
    0.,1.E-02),.PIECEWISE_BEZIER_KNOTS.);
#3885 = CARTESIAN_POINT('',(-0.466261136722,-1.005,0.607040321329));
#3886 = CARTESIAN_POINT('',(-0.466261136722,-0.995,0.607040321329));
#3887 = CARTESIAN_POINT('',(-0.466261136722,-1.005,0.539248105186));
#3888 = CARTESIAN_POINT('',(-0.466261136722,-0.995,0.539248105186));
#3889 = ADVANCED_FACE('',(#3890),#3904,.F.);
#3890 = FACE_BOUND('',#3891,.T.);
#3891 = EDGE_LOOP('',(#3892,#3897,#3898,#3903));
#3892 = ORIENTED_EDGE('',*,*,#3893,.T.);
#3893 = EDGE_CURVE('',#3866,#3578,#3894,.T.);
#3894 = B_SPLINE_CURVE_WITH_KNOTS('',1,(#3895,#3896),.UNSPECIFIED.,.F.,
  .F.,(2,2),(-3.646084426532E-02,0.),.PIECEWISE_BEZIER_KNOTS.);
#3895 = CARTESIAN_POINT('',(-0.466261136722,-0.995,0.539248105186));
#3896 = CARTESIAN_POINT('',(-0.429800292456,-0.995,0.539248105186));
#3897 = ORIENTED_EDGE('',*,*,#3600,.F.);
#3898 = ORIENTED_EDGE('',*,*,#3899,.F.);
#3899 = EDGE_CURVE('',#3873,#3594,#3900,.T.);
#3900 = B_SPLINE_CURVE_WITH_KNOTS('',1,(#3901,#3902),.UNSPECIFIED.,.F.,
  .F.,(2,2),(-3.646084426532E-02,0.),.PIECEWISE_BEZIER_KNOTS.);
#3901 = CARTESIAN_POINT('',(-0.466261136722,-1.005,0.539248105186));
#3902 = CARTESIAN_POINT('',(-0.429800292456,-1.005,0.539248105186));
#3903 = ORIENTED_EDGE('',*,*,#3872,.T.);
#3904 = B_SPLINE_SURFACE_WITH_KNOTS('',1,1,(
    (#3905,#3906)
    ,(#3907,#3908
    )),.UNSPECIFIED.,.F.,.F.,.F.,(2,2),(2,2),(-3.646084426532E-02,0.),(
    0.,1.E-02),.PIECEWISE_BEZIER_KNOTS.);
#3905 = CARTESIAN_POINT('',(-0.466261136722,-1.005,0.539248105186));
#3906 = CARTESIAN_POINT('',(-0.466261136722,-0.995,0.539248105186));
#3907 = CARTESIAN_POINT('',(-0.429800292456,-1.005,0.539248105186));
#3908 = CARTESIAN_POINT('',(-0.429800292456,-0.995,0.539248105186));
#3909 = ADVANCED_FACE('',(#3910),#3924,.F.);
#3910 = FACE_BOUND('',#3911,.T.);
#3911 = EDGE_LOOP('',(#3912,#3913,#3914,#3915,#3916,#3917,#3918,#3919,
    #3920,#3921,#3922,#3923));
#3912 = ORIENTED_EDGE('',*,*,#3593,.T.);
#3913 = ORIENTED_EDGE('',*,*,#3627,.T.);
#3914 = ORIENTED_EDGE('',*,*,#3655,.T.);
#3915 = ORIENTED_EDGE('',*,*,#3683,.T.);
#3916 = ORIENTED_EDGE('',*,*,#3711,.T.);
#3917 = ORIENTED_EDGE('',*,*,#3739,.T.);
#3918 = ORIENTED_EDGE('',*,*,#3767,.T.);
#3919 = ORIENTED_EDGE('',*,*,#3795,.T.);
#3920 = ORIENTED_EDGE('',*,*,#3823,.T.);
#3921 = ORIENTED_EDGE('',*,*,#3851,.T.);
#3922 = ORIENTED_EDGE('',*,*,#3879,.T.);
#3923 = ORIENTED_EDGE('',*,*,#3899,.T.);
#3924 = B_SPLINE_SURFACE_WITH_KNOTS('',1,1,(
    (#3925,#3926)
    ,(#3927,#3928
    )),.UNSPECIFIED.,.F.,.F.,.F.,(2,2),(2,2),(0.529248005186,
    0.597040221329),(-0.466261136722,-0.429800292456),
  .PIECEWISE_BEZIER_KNOTS.);
#3925 = CARTESIAN_POINT('',(-0.466261136722,-1.005,0.539248105186));
#3926 = CARTESIAN_POINT('',(-0.429800292456,-1.005,0.539248105186));
#3927 = CARTESIAN_POINT('',(-0.466261136722,-1.005,0.607040321329));
#3928 = CARTESIAN_POINT('',(-0.429800292456,-1.005,0.607040321329));
#3929 = ADVANCED_FACE('',(#3930),#3944,.T.);
#3930 = FACE_BOUND('',#3931,.T.);
#3931 = EDGE_LOOP('',(#3932,#3933,#3934,#3935,#3936,#3937,#3938,#3939,
    #3940,#3941,#3942,#3943));
#3932 = ORIENTED_EDGE('',*,*,#3577,.F.);
#3933 = ORIENTED_EDGE('',*,*,#3893,.F.);
#3934 = ORIENTED_EDGE('',*,*,#3865,.F.);
#3935 = ORIENTED_EDGE('',*,*,#3837,.F.);
#3936 = ORIENTED_EDGE('',*,*,#3809,.F.);
#3937 = ORIENTED_EDGE('',*,*,#3781,.F.);
#3938 = ORIENTED_EDGE('',*,*,#3753,.F.);
#3939 = ORIENTED_EDGE('',*,*,#3725,.F.);
#3940 = ORIENTED_EDGE('',*,*,#3697,.F.);
#3941 = ORIENTED_EDGE('',*,*,#3669,.F.);
#3942 = ORIENTED_EDGE('',*,*,#3641,.F.);
#3943 = ORIENTED_EDGE('',*,*,#3613,.F.);
#3944 = B_SPLINE_SURFACE_WITH_KNOTS('',1,1,(
    (#3945,#3946)
    ,(#3947,#3948
    )),.UNSPECIFIED.,.F.,.F.,.F.,(2,2),(2,2),(0.529248005186,
    0.597040221329),(-0.466261136722,-0.429800292456),
  .PIECEWISE_BEZIER_KNOTS.);
#3945 = CARTESIAN_POINT('',(-0.466261136722,-0.995,0.539248105186));
#3946 = CARTESIAN_POINT('',(-0.429800292456,-0.995,0.539248105186));
#3947 = CARTESIAN_POINT('',(-0.466261136722,-0.995,0.607040321329));
#3948 = CARTESIAN_POINT('',(-0.429800292456,-0.995,0.607040321329));
#3949 = MANIFOLD_SOLID_BREP('',#3950);
#3950 = CLOSED_SHELL('',(#3951,#4075,#4199,#4219,#4239,#4259,#4279,#4299
    ,#4315,#4327,#4347,#4363,#4379,#4399,#4419,#4439));
#3951 = ADVANCED_FACE('',(#3952,#4011),#4070,.T.);
#3952 = FACE_BOUND('',#3953,.T.);
#3953 = EDGE_LOOP('',(#3954,#3963,#3972,#3981,#3990,#3999,#4006));
#3954 = ORIENTED_EDGE('',*,*,#3955,.T.);
#3955 = EDGE_CURVE('',#3956,#3958,#3960,.T.);
#3956 = VERTEX_POINT('',#3957);
#3957 = CARTESIAN_POINT('',(-0.416993940787,-1.005,0.539248105186));
#3958 = VERTEX_POINT('',#3959);
#3959 = CARTESIAN_POINT('',(-0.398347615488,-1.005,0.539248105186));
#3960 = B_SPLINE_CURVE_WITH_KNOTS('',1,(#3961,#3962),.UNSPECIFIED.,.F.,
  .F.,(2,2),(-1.864632529929E-02,-5.551115123126E-17),
  .PIECEWISE_BEZIER_KNOTS.);
#3961 = CARTESIAN_POINT('',(-0.416993940787,-1.005,0.539248105186));
#3962 = CARTESIAN_POINT('',(-0.398347615488,-1.005,0.539248105186));
#3963 = ORIENTED_EDGE('',*,*,#3964,.T.);
#3964 = EDGE_CURVE('',#3958,#3965,#3967,.T.);
#3965 = VERTEX_POINT('',#3966);
#3966 = CARTESIAN_POINT('',(-0.372024410906,-1.005,0.548744560821));
#3967 = B_SPLINE_CURVE_WITH_KNOTS('',3,(#3968,#3969,#3970,#3971),
  .UNSPECIFIED.,.F.,.F.,(4,4),(5.,6.),.PIECEWISE_BEZIER_KNOTS.);
#3968 = CARTESIAN_POINT('',(-0.398347615488,-1.005,0.539248105186));
#3969 = CARTESIAN_POINT('',(-0.387620779651,-1.005,0.539248105186));
#3970 = CARTESIAN_POINT('',(-0.378834825258,-1.005,0.542402037532));
#3971 = CARTESIAN_POINT('',(-0.372024410906,-1.005,0.548744560821));
#3972 = ORIENTED_EDGE('',*,*,#3973,.T.);
#3973 = EDGE_CURVE('',#3965,#3974,#3976,.T.);
#3974 = VERTEX_POINT('',#3975);
#3975 = CARTESIAN_POINT('',(-0.361800124729,-1.005,0.574010678188));
#3976 = B_SPLINE_CURVE_WITH_KNOTS('',3,(#3977,#3978,#3979,#3980),
  .UNSPECIFIED.,.F.,.F.,(4,4),(4.,5.),.PIECEWISE_BEZIER_KNOTS.);
#3977 = CARTESIAN_POINT('',(-0.372024410906,-1.005,0.548744560821));
#3978 = CARTESIAN_POINT('',(-0.365213996554,-1.005,0.555087084111));
#3979 = CARTESIAN_POINT('',(-0.361800124729,-1.005,0.563509123233));
#3980 = CARTESIAN_POINT('',(-0.361800124729,-1.005,0.574010678188));
#3981 = ORIENTED_EDGE('',*,*,#3982,.T.);
#3982 = EDGE_CURVE('',#3974,#3983,#3985,.T.);
#3983 = VERTEX_POINT('',#3984);
#3984 = CARTESIAN_POINT('',(-0.372024410906,-1.005,0.598063744652));
#3985 = B_SPLINE_CURVE_WITH_KNOTS('',3,(#3986,#3987,#3988,#3989),
  .UNSPECIFIED.,.F.,.F.,(4,4),(3.,4.),.PIECEWISE_BEZIER_KNOTS.);
#3986 = CARTESIAN_POINT('',(-0.361800124729,-1.005,0.574010678188));
#3987 = CARTESIAN_POINT('',(-0.361800124729,-1.005,0.584061671379));
#3988 = CARTESIAN_POINT('',(-0.365213996554,-1.005,0.592067807334));
#3989 = CARTESIAN_POINT('',(-0.372024410906,-1.005,0.598063744652));
#3990 = ORIENTED_EDGE('',*,*,#3991,.T.);
#3991 = EDGE_CURVE('',#3983,#3992,#3994,.T.);
#3992 = VERTEX_POINT('',#3993);
#3993 = CARTESIAN_POINT('',(-0.397654443543,-1.005,0.607040321329));
#3994 = B_SPLINE_CURVE_WITH_KNOTS('',3,(#3995,#3996,#3997,#3998),
  .UNSPECIFIED.,.F.,.F.,(4,4),(2.,3.),.PIECEWISE_BEZIER_KNOTS.);
#3995 = CARTESIAN_POINT('',(-0.372024410906,-1.005,0.598063744652));
#3996 = CARTESIAN_POINT('',(-0.378834825258,-1.005,0.604059681969));
#3997 = CARTESIAN_POINT('',(-0.38737816947,-1.005,0.607040321329));
#3998 = CARTESIAN_POINT('',(-0.397654443543,-1.005,0.607040321329));
#3999 = ORIENTED_EDGE('',*,*,#4000,.T.);
#4000 = EDGE_CURVE('',#3992,#4001,#4003,.T.);
#4001 = VERTEX_POINT('',#4002);
#4002 = CARTESIAN_POINT('',(-0.416993940787,-1.005,0.607040321329));
#4003 = B_SPLINE_CURVE_WITH_KNOTS('',1,(#4004,#4005),.UNSPECIFIED.,.F.,
  .F.,(2,2),(-1.933949724364E-02,-0.),.PIECEWISE_BEZIER_KNOTS.);
#4004 = CARTESIAN_POINT('',(-0.397654443543,-1.005,0.607040321329));
#4005 = CARTESIAN_POINT('',(-0.416993940787,-1.005,0.607040321329));
#4006 = ORIENTED_EDGE('',*,*,#4007,.T.);
#4007 = EDGE_CURVE('',#4001,#3956,#4008,.T.);
#4008 = B_SPLINE_CURVE_WITH_KNOTS('',1,(#4009,#4010),.UNSPECIFIED.,.F.,
  .F.,(2,2),(-6.779221614378E-02,-0.),.PIECEWISE_BEZIER_KNOTS.);
#4009 = CARTESIAN_POINT('',(-0.416993940787,-1.005,0.607040321329));
#4010 = CARTESIAN_POINT('',(-0.416993940787,-1.005,0.539248105186));
#4011 = FACE_BOUND('',#4012,.T.);
#4012 = EDGE_LOOP('',(#4013,#4022,#4029,#4038,#4047,#4056,#4065));
#4013 = ORIENTED_EDGE('',*,*,#4014,.F.);
#4014 = EDGE_CURVE('',#4015,#4017,#4019,.T.);
#4015 = VERTEX_POINT('',#4016);
#4016 = CARTESIAN_POINT('',(-0.408242644991,-1.005,0.599242136957));
#4017 = VERTEX_POINT('',#4018);
#4018 = CARTESIAN_POINT('',(-0.408242644991,-1.005,0.546976972363));
#4019 = B_SPLINE_CURVE_WITH_KNOTS('',1,(#4020,#4021),.UNSPECIFIED.,.F.,
  .F.,(2,2),(0.,5.226516459358E-02),.PIECEWISE_BEZIER_KNOTS.);
#4020 = CARTESIAN_POINT('',(-0.408242644991,-1.005,0.599242136957));
#4021 = CARTESIAN_POINT('',(-0.408242644991,-1.005,0.546976972363));
#4022 = ORIENTED_EDGE('',*,*,#4023,.F.);
#4023 = EDGE_CURVE('',#4024,#4015,#4026,.T.);
#4024 = VERTEX_POINT('',#4025);
#4025 = CARTESIAN_POINT('',(-0.398001029516,-1.005,0.599242136957));
#4026 = B_SPLINE_CURVE_WITH_KNOTS('',1,(#4027,#4028),.UNSPECIFIED.,.F.,
  .F.,(2,2),(5.551115123126E-17,1.024161547514E-02),
  .PIECEWISE_BEZIER_KNOTS.);
#4027 = CARTESIAN_POINT('',(-0.398001029516,-1.005,0.599242136957));
#4028 = CARTESIAN_POINT('',(-0.408242644991,-1.005,0.599242136957));
#4029 = ORIENTED_EDGE('',*,*,#4030,.F.);
#4030 = EDGE_CURVE('',#4031,#4024,#4033,.T.);
#4031 = VERTEX_POINT('',#4032);
#4032 = CARTESIAN_POINT('',(-0.37843625139,-1.005,0.59286495507));
#4033 = B_SPLINE_CURVE_WITH_KNOTS('',3,(#4034,#4035,#4036,#4037),
  .UNSPECIFIED.,.F.,.F.,(4,4),(5.,6.),.PIECEWISE_BEZIER_KNOTS.);
#4034 = CARTESIAN_POINT('',(-0.37843625139,-1.005,0.59286495507));
#4035 = CARTESIAN_POINT('',(-0.383392430792,-1.005,0.597127962527));
#4036 = CARTESIAN_POINT('',(-0.389925576366,-1.005,0.599242136957));
#4037 = CARTESIAN_POINT('',(-0.398001029516,-1.005,0.599242136957));
#4038 = ORIENTED_EDGE('',*,*,#4039,.F.);
#4039 = EDGE_CURVE('',#4040,#4031,#4042,.T.);
#4040 = VERTEX_POINT('',#4041);
#4041 = CARTESIAN_POINT('',(-0.371001982288,-1.005,0.573768068007));
#4042 = B_SPLINE_CURVE_WITH_KNOTS('',3,(#4043,#4044,#4045,#4046),
  .UNSPECIFIED.,.F.,.F.,(4,4),(4.,5.),.PIECEWISE_BEZIER_KNOTS.);
#4043 = CARTESIAN_POINT('',(-0.371001982288,-1.005,0.573768068007));
#4044 = CARTESIAN_POINT('',(-0.371001982288,-1.005,0.582224765727));
#4045 = CARTESIAN_POINT('',(-0.373480071989,-1.005,0.588601947614));
#4046 = CARTESIAN_POINT('',(-0.37843625139,-1.005,0.59286495507));
#4047 = ORIENTED_EDGE('',*,*,#4048,.F.);
#4048 = EDGE_CURVE('',#4049,#4040,#4051,.T.);
#4049 = VERTEX_POINT('',#4050);
#4050 = CARTESIAN_POINT('',(-0.378245629105,-1.005,0.554047326194));
#4051 = B_SPLINE_CURVE_WITH_KNOTS('',3,(#4052,#4053,#4054,#4055),
  .UNSPECIFIED.,.F.,.F.,(4,4),(3.,4.),.PIECEWISE_BEZIER_KNOTS.);
#4052 = CARTESIAN_POINT('',(-0.378245629105,-1.005,0.554047326194));
#4053 = CARTESIAN_POINT('',(-0.373410754794,-1.005,0.558726236818));
#4054 = CARTESIAN_POINT('',(-0.371001982288,-1.005,0.565311370288));
#4055 = CARTESIAN_POINT('',(-0.371001982288,-1.005,0.573768068007));
#4056 = ORIENTED_EDGE('',*,*,#4057,.F.);
#4057 = EDGE_CURVE('',#4058,#4049,#4060,.T.);
#4058 = VERTEX_POINT('',#4059);
#4059 = CARTESIAN_POINT('',(-0.398399603383,-1.005,0.546976972363));
#4060 = B_SPLINE_CURVE_WITH_KNOTS('',3,(#4061,#4062,#4063,#4064),
  .UNSPECIFIED.,.F.,.F.,(4,4),(2.,3.),.PIECEWISE_BEZIER_KNOTS.);
#4061 = CARTESIAN_POINT('',(-0.398399603383,-1.005,0.546976972363));
#4062 = CARTESIAN_POINT('',(-0.389786941977,-1.005,0.546976972363));
#4063 = CARTESIAN_POINT('',(-0.383063174118,-1.005,0.549333756974));
#4064 = CARTESIAN_POINT('',(-0.378245629105,-1.005,0.554047326194));
#4065 = ORIENTED_EDGE('',*,*,#4066,.F.);
#4066 = EDGE_CURVE('',#4017,#4058,#4067,.T.);
#4067 = B_SPLINE_CURVE_WITH_KNOTS('',1,(#4068,#4069),.UNSPECIFIED.,.F.,
  .F.,(2,2),(0.,9.843041607672E-03),.PIECEWISE_BEZIER_KNOTS.);
#4068 = CARTESIAN_POINT('',(-0.408242644991,-1.005,0.546976972363));
#4069 = CARTESIAN_POINT('',(-0.398399603383,-1.005,0.546976972363));
#4070 = B_SPLINE_SURFACE_WITH_KNOTS('',1,1,(
    (#4071,#4072)
    ,(#4073,#4074
    )),.UNSPECIFIED.,.F.,.F.,.F.,(2,2),(2,2),(-2.239811844664E-03,
    6.555240429911E-02),(-3.34542109575E-02,2.173960510027E-02),
  .PIECEWISE_BEZIER_KNOTS.);
#4071 = CARTESIAN_POINT('',(-0.416993940787,-1.005,0.607040321329));
#4072 = CARTESIAN_POINT('',(-0.361800124729,-1.005,0.607040321329));
#4073 = CARTESIAN_POINT('',(-0.416993940787,-1.005,0.539248105186));
#4074 = CARTESIAN_POINT('',(-0.361800124729,-1.005,0.539248105186));
#4075 = ADVANCED_FACE('',(#4076,#4135),#4194,.F.);
#4076 = FACE_BOUND('',#4077,.T.);
#4077 = EDGE_LOOP('',(#4078,#4087,#4094,#4101,#4110,#4119,#4128));
#4078 = ORIENTED_EDGE('',*,*,#4079,.F.);
#4079 = EDGE_CURVE('',#4080,#4082,#4084,.T.);
#4080 = VERTEX_POINT('',#4081);
#4081 = CARTESIAN_POINT('',(-0.416993940787,-0.995,0.539248105186));
#4082 = VERTEX_POINT('',#4083);
#4083 = CARTESIAN_POINT('',(-0.398347615488,-0.995,0.539248105186));
#4084 = B_SPLINE_CURVE_WITH_KNOTS('',1,(#4085,#4086),.UNSPECIFIED.,.F.,
  .F.,(2,2),(-1.864632529929E-02,-5.551115123126E-17),
  .PIECEWISE_BEZIER_KNOTS.);
#4085 = CARTESIAN_POINT('',(-0.416993940787,-0.995,0.539248105186));
#4086 = CARTESIAN_POINT('',(-0.398347615488,-0.995,0.539248105186));
#4087 = ORIENTED_EDGE('',*,*,#4088,.F.);
#4088 = EDGE_CURVE('',#4089,#4080,#4091,.T.);
#4089 = VERTEX_POINT('',#4090);
#4090 = CARTESIAN_POINT('',(-0.416993940787,-0.995,0.607040321329));
#4091 = B_SPLINE_CURVE_WITH_KNOTS('',1,(#4092,#4093),.UNSPECIFIED.,.F.,
  .F.,(2,2),(-6.779221614378E-02,-0.),.PIECEWISE_BEZIER_KNOTS.);
#4092 = CARTESIAN_POINT('',(-0.416993940787,-0.995,0.607040321329));
#4093 = CARTESIAN_POINT('',(-0.416993940787,-0.995,0.539248105186));
#4094 = ORIENTED_EDGE('',*,*,#4095,.F.);
#4095 = EDGE_CURVE('',#4096,#4089,#4098,.T.);
#4096 = VERTEX_POINT('',#4097);
#4097 = CARTESIAN_POINT('',(-0.397654443543,-0.995,0.607040321329));
#4098 = B_SPLINE_CURVE_WITH_KNOTS('',1,(#4099,#4100),.UNSPECIFIED.,.F.,
  .F.,(2,2),(-1.933949724364E-02,-0.),.PIECEWISE_BEZIER_KNOTS.);
#4099 = CARTESIAN_POINT('',(-0.397654443543,-0.995,0.607040321329));
#4100 = CARTESIAN_POINT('',(-0.416993940787,-0.995,0.607040321329));
#4101 = ORIENTED_EDGE('',*,*,#4102,.F.);
#4102 = EDGE_CURVE('',#4103,#4096,#4105,.T.);
#4103 = VERTEX_POINT('',#4104);
#4104 = CARTESIAN_POINT('',(-0.372024410906,-0.995,0.598063744652));
#4105 = B_SPLINE_CURVE_WITH_KNOTS('',3,(#4106,#4107,#4108,#4109),
  .UNSPECIFIED.,.F.,.F.,(4,4),(2.,3.),.PIECEWISE_BEZIER_KNOTS.);
#4106 = CARTESIAN_POINT('',(-0.372024410906,-0.995,0.598063744652));
#4107 = CARTESIAN_POINT('',(-0.378834825258,-0.995,0.604059681969));
#4108 = CARTESIAN_POINT('',(-0.38737816947,-0.995,0.607040321329));
#4109 = CARTESIAN_POINT('',(-0.397654443543,-0.995,0.607040321329));
#4110 = ORIENTED_EDGE('',*,*,#4111,.F.);
#4111 = EDGE_CURVE('',#4112,#4103,#4114,.T.);
#4112 = VERTEX_POINT('',#4113);
#4113 = CARTESIAN_POINT('',(-0.361800124729,-0.995,0.574010678188));
#4114 = B_SPLINE_CURVE_WITH_KNOTS('',3,(#4115,#4116,#4117,#4118),
  .UNSPECIFIED.,.F.,.F.,(4,4),(3.,4.),.PIECEWISE_BEZIER_KNOTS.);
#4115 = CARTESIAN_POINT('',(-0.361800124729,-0.995,0.574010678188));
#4116 = CARTESIAN_POINT('',(-0.361800124729,-0.995,0.584061671379));
#4117 = CARTESIAN_POINT('',(-0.365213996554,-0.995,0.592067807334));
#4118 = CARTESIAN_POINT('',(-0.372024410906,-0.995,0.598063744652));
#4119 = ORIENTED_EDGE('',*,*,#4120,.F.);
#4120 = EDGE_CURVE('',#4121,#4112,#4123,.T.);
#4121 = VERTEX_POINT('',#4122);
#4122 = CARTESIAN_POINT('',(-0.372024410906,-0.995,0.548744560821));
#4123 = B_SPLINE_CURVE_WITH_KNOTS('',3,(#4124,#4125,#4126,#4127),
  .UNSPECIFIED.,.F.,.F.,(4,4),(4.,5.),.PIECEWISE_BEZIER_KNOTS.);
#4124 = CARTESIAN_POINT('',(-0.372024410906,-0.995,0.548744560821));
#4125 = CARTESIAN_POINT('',(-0.365213996554,-0.995,0.555087084111));
#4126 = CARTESIAN_POINT('',(-0.361800124729,-0.995,0.563509123233));
#4127 = CARTESIAN_POINT('',(-0.361800124729,-0.995,0.574010678188));
#4128 = ORIENTED_EDGE('',*,*,#4129,.F.);
#4129 = EDGE_CURVE('',#4082,#4121,#4130,.T.);
#4130 = B_SPLINE_CURVE_WITH_KNOTS('',3,(#4131,#4132,#4133,#4134),
  .UNSPECIFIED.,.F.,.F.,(4,4),(5.,6.),.PIECEWISE_BEZIER_KNOTS.);
#4131 = CARTESIAN_POINT('',(-0.398347615488,-0.995,0.539248105186));
#4132 = CARTESIAN_POINT('',(-0.387620779651,-0.995,0.539248105186));
#4133 = CARTESIAN_POINT('',(-0.378834825258,-0.995,0.542402037532));
#4134 = CARTESIAN_POINT('',(-0.372024410906,-0.995,0.548744560821));
#4135 = FACE_BOUND('',#4136,.T.);
#4136 = EDGE_LOOP('',(#4137,#4146,#4153,#4160,#4169,#4178,#4187));
#4137 = ORIENTED_EDGE('',*,*,#4138,.T.);
#4138 = EDGE_CURVE('',#4139,#4141,#4143,.T.);
#4139 = VERTEX_POINT('',#4140);
#4140 = CARTESIAN_POINT('',(-0.398001029516,-0.995,0.599242136957));
#4141 = VERTEX_POINT('',#4142);
#4142 = CARTESIAN_POINT('',(-0.408242644991,-0.995,0.599242136957));
#4143 = B_SPLINE_CURVE_WITH_KNOTS('',1,(#4144,#4145),.UNSPECIFIED.,.F.,
  .F.,(2,2),(5.551115123126E-17,1.024161547514E-02),
  .PIECEWISE_BEZIER_KNOTS.);
#4144 = CARTESIAN_POINT('',(-0.398001029516,-0.995,0.599242136957));
#4145 = CARTESIAN_POINT('',(-0.408242644991,-0.995,0.599242136957));
#4146 = ORIENTED_EDGE('',*,*,#4147,.T.);
#4147 = EDGE_CURVE('',#4141,#4148,#4150,.T.);
#4148 = VERTEX_POINT('',#4149);
#4149 = CARTESIAN_POINT('',(-0.408242644991,-0.995,0.546976972363));
#4150 = B_SPLINE_CURVE_WITH_KNOTS('',1,(#4151,#4152),.UNSPECIFIED.,.F.,
  .F.,(2,2),(0.,5.226516459358E-02),.PIECEWISE_BEZIER_KNOTS.);
#4151 = CARTESIAN_POINT('',(-0.408242644991,-0.995,0.599242136957));
#4152 = CARTESIAN_POINT('',(-0.408242644991,-0.995,0.546976972363));
#4153 = ORIENTED_EDGE('',*,*,#4154,.T.);
#4154 = EDGE_CURVE('',#4148,#4155,#4157,.T.);
#4155 = VERTEX_POINT('',#4156);
#4156 = CARTESIAN_POINT('',(-0.398399603383,-0.995,0.546976972363));
#4157 = B_SPLINE_CURVE_WITH_KNOTS('',1,(#4158,#4159),.UNSPECIFIED.,.F.,
  .F.,(2,2),(0.,9.843041607672E-03),.PIECEWISE_BEZIER_KNOTS.);
#4158 = CARTESIAN_POINT('',(-0.408242644991,-0.995,0.546976972363));
#4159 = CARTESIAN_POINT('',(-0.398399603383,-0.995,0.546976972363));
#4160 = ORIENTED_EDGE('',*,*,#4161,.T.);
#4161 = EDGE_CURVE('',#4155,#4162,#4164,.T.);
#4162 = VERTEX_POINT('',#4163);
#4163 = CARTESIAN_POINT('',(-0.378245629105,-0.995,0.554047326194));
#4164 = B_SPLINE_CURVE_WITH_KNOTS('',3,(#4165,#4166,#4167,#4168),
  .UNSPECIFIED.,.F.,.F.,(4,4),(2.,3.),.PIECEWISE_BEZIER_KNOTS.);
#4165 = CARTESIAN_POINT('',(-0.398399603383,-0.995,0.546976972363));
#4166 = CARTESIAN_POINT('',(-0.389786941977,-0.995,0.546976972363));
#4167 = CARTESIAN_POINT('',(-0.383063174118,-0.995,0.549333756974));
#4168 = CARTESIAN_POINT('',(-0.378245629105,-0.995,0.554047326194));
#4169 = ORIENTED_EDGE('',*,*,#4170,.T.);
#4170 = EDGE_CURVE('',#4162,#4171,#4173,.T.);
#4171 = VERTEX_POINT('',#4172);
#4172 = CARTESIAN_POINT('',(-0.371001982288,-0.995,0.573768068007));
#4173 = B_SPLINE_CURVE_WITH_KNOTS('',3,(#4174,#4175,#4176,#4177),
  .UNSPECIFIED.,.F.,.F.,(4,4),(3.,4.),.PIECEWISE_BEZIER_KNOTS.);
#4174 = CARTESIAN_POINT('',(-0.378245629105,-0.995,0.554047326194));
#4175 = CARTESIAN_POINT('',(-0.373410754794,-0.995,0.558726236818));
#4176 = CARTESIAN_POINT('',(-0.371001982288,-0.995,0.565311370288));
#4177 = CARTESIAN_POINT('',(-0.371001982288,-0.995,0.573768068007));
#4178 = ORIENTED_EDGE('',*,*,#4179,.T.);
#4179 = EDGE_CURVE('',#4171,#4180,#4182,.T.);
#4180 = VERTEX_POINT('',#4181);
#4181 = CARTESIAN_POINT('',(-0.37843625139,-0.995,0.59286495507));
#4182 = B_SPLINE_CURVE_WITH_KNOTS('',3,(#4183,#4184,#4185,#4186),
  .UNSPECIFIED.,.F.,.F.,(4,4),(4.,5.),.PIECEWISE_BEZIER_KNOTS.);
#4183 = CARTESIAN_POINT('',(-0.371001982288,-0.995,0.573768068007));
#4184 = CARTESIAN_POINT('',(-0.371001982288,-0.995,0.582224765727));
#4185 = CARTESIAN_POINT('',(-0.373480071989,-0.995,0.588601947614));
#4186 = CARTESIAN_POINT('',(-0.37843625139,-0.995,0.59286495507));
#4187 = ORIENTED_EDGE('',*,*,#4188,.T.);
#4188 = EDGE_CURVE('',#4180,#4139,#4189,.T.);
#4189 = B_SPLINE_CURVE_WITH_KNOTS('',3,(#4190,#4191,#4192,#4193),
  .UNSPECIFIED.,.F.,.F.,(4,4),(5.,6.),.PIECEWISE_BEZIER_KNOTS.);
#4190 = CARTESIAN_POINT('',(-0.37843625139,-0.995,0.59286495507));
#4191 = CARTESIAN_POINT('',(-0.383392430792,-0.995,0.597127962527));
#4192 = CARTESIAN_POINT('',(-0.389925576366,-0.995,0.599242136957));
#4193 = CARTESIAN_POINT('',(-0.398001029516,-0.995,0.599242136957));
#4194 = B_SPLINE_SURFACE_WITH_KNOTS('',1,1,(
    (#4195,#4196)
    ,(#4197,#4198
    )),.UNSPECIFIED.,.F.,.F.,.F.,(2,2),(2,2),(-2.239811844664E-03,
    6.555240429911E-02),(-3.34542109575E-02,2.173960510027E-02),
  .PIECEWISE_BEZIER_KNOTS.);
#4195 = CARTESIAN_POINT('',(-0.416993940787,-0.995,0.607040321329));
#4196 = CARTESIAN_POINT('',(-0.361800124729,-0.995,0.607040321329));
#4197 = CARTESIAN_POINT('',(-0.416993940787,-0.995,0.539248105186));
#4198 = CARTESIAN_POINT('',(-0.361800124729,-0.995,0.539248105186));
#4199 = ADVANCED_FACE('',(#4200),#4214,.F.);
#4200 = FACE_BOUND('',#4201,.T.);
#4201 = EDGE_LOOP('',(#4202,#4203,#4208,#4209));
#4202 = ORIENTED_EDGE('',*,*,#4079,.T.);
#4203 = ORIENTED_EDGE('',*,*,#4204,.F.);
#4204 = EDGE_CURVE('',#3958,#4082,#4205,.T.);
#4205 = B_SPLINE_CURVE_WITH_KNOTS('',1,(#4206,#4207),.UNSPECIFIED.,.F.,
  .F.,(2,2),(0.,1.E-02),.PIECEWISE_BEZIER_KNOTS.);
#4206 = CARTESIAN_POINT('',(-0.398347615488,-1.005,0.539248105186));
#4207 = CARTESIAN_POINT('',(-0.398347615488,-0.995,0.539248105186));
#4208 = ORIENTED_EDGE('',*,*,#3955,.F.);
#4209 = ORIENTED_EDGE('',*,*,#4210,.T.);
#4210 = EDGE_CURVE('',#3956,#4080,#4211,.T.);
#4211 = B_SPLINE_CURVE_WITH_KNOTS('',1,(#4212,#4213),.UNSPECIFIED.,.F.,
  .F.,(2,2),(0.,1.E-02),.PIECEWISE_BEZIER_KNOTS.);
#4212 = CARTESIAN_POINT('',(-0.416993940787,-1.005,0.539248105186));
#4213 = CARTESIAN_POINT('',(-0.416993940787,-0.995,0.539248105186));
#4214 = B_SPLINE_SURFACE_WITH_KNOTS('',1,1,(
    (#4215,#4216)
    ,(#4217,#4218
    )),.UNSPECIFIED.,.F.,.F.,.F.,(2,2),(2,2),(-1.864632529929E-02,
    -5.551115123126E-17),(0.,1.E-02),.PIECEWISE_BEZIER_KNOTS.);
#4215 = CARTESIAN_POINT('',(-0.416993940787,-1.005,0.539248105186));
#4216 = CARTESIAN_POINT('',(-0.416993940787,-0.995,0.539248105186));
#4217 = CARTESIAN_POINT('',(-0.398347615488,-1.005,0.539248105186));
#4218 = CARTESIAN_POINT('',(-0.398347615488,-0.995,0.539248105186));
#4219 = ADVANCED_FACE('',(#4220),#4230,.F.);
#4220 = FACE_BOUND('',#4221,.F.);
#4221 = EDGE_LOOP('',(#4222,#4223,#4224,#4229));
#4222 = ORIENTED_EDGE('',*,*,#4204,.F.);
#4223 = ORIENTED_EDGE('',*,*,#3964,.T.);
#4224 = ORIENTED_EDGE('',*,*,#4225,.T.);
#4225 = EDGE_CURVE('',#3965,#4121,#4226,.T.);
#4226 = B_SPLINE_CURVE_WITH_KNOTS('',1,(#4227,#4228),.UNSPECIFIED.,.F.,
  .F.,(2,2),(0.,1.E-02),.PIECEWISE_BEZIER_KNOTS.);
#4227 = CARTESIAN_POINT('',(-0.372024410906,-1.005,0.548744560821));
#4228 = CARTESIAN_POINT('',(-0.372024410906,-0.995,0.548744560821));
#4229 = ORIENTED_EDGE('',*,*,#4129,.F.);
#4230 = B_SPLINE_SURFACE_WITH_KNOTS('',3,1,(
    (#4231,#4232)
    ,(#4233,#4234)
    ,(#4235,#4236)
    ,(#4237,#4238
    )),.UNSPECIFIED.,.F.,.F.,.F.,(4,4),(2,2),(5.,6.),(0.,1.),
  .PIECEWISE_BEZIER_KNOTS.);
#4231 = CARTESIAN_POINT('',(-0.398347615488,-1.005,0.539248105186));
#4232 = CARTESIAN_POINT('',(-0.398347615488,-0.995,0.539248105186));
#4233 = CARTESIAN_POINT('',(-0.387620779651,-1.005,0.539248105186));
#4234 = CARTESIAN_POINT('',(-0.387620779651,-0.995,0.539248105186));
#4235 = CARTESIAN_POINT('',(-0.378834825258,-1.005,0.542402037532));
#4236 = CARTESIAN_POINT('',(-0.378834825258,-0.995,0.542402037532));
#4237 = CARTESIAN_POINT('',(-0.372024410906,-1.005,0.548744560821));
#4238 = CARTESIAN_POINT('',(-0.372024410906,-0.995,0.548744560821));
#4239 = ADVANCED_FACE('',(#4240),#4250,.F.);
#4240 = FACE_BOUND('',#4241,.F.);
#4241 = EDGE_LOOP('',(#4242,#4243,#4244,#4249));
#4242 = ORIENTED_EDGE('',*,*,#4225,.F.);
#4243 = ORIENTED_EDGE('',*,*,#3973,.T.);
#4244 = ORIENTED_EDGE('',*,*,#4245,.T.);
#4245 = EDGE_CURVE('',#3974,#4112,#4246,.T.);
#4246 = B_SPLINE_CURVE_WITH_KNOTS('',1,(#4247,#4248),.UNSPECIFIED.,.F.,
  .F.,(2,2),(0.,1.E-02),.PIECEWISE_BEZIER_KNOTS.);
#4247 = CARTESIAN_POINT('',(-0.361800124729,-1.005,0.574010678188));
#4248 = CARTESIAN_POINT('',(-0.361800124729,-0.995,0.574010678188));
#4249 = ORIENTED_EDGE('',*,*,#4120,.F.);
#4250 = B_SPLINE_SURFACE_WITH_KNOTS('',3,1,(
    (#4251,#4252)
    ,(#4253,#4254)
    ,(#4255,#4256)
    ,(#4257,#4258
    )),.UNSPECIFIED.,.F.,.F.,.F.,(4,4),(2,2),(4.,5.),(0.,1.),
  .PIECEWISE_BEZIER_KNOTS.);
#4251 = CARTESIAN_POINT('',(-0.372024410906,-1.005,0.548744560821));
#4252 = CARTESIAN_POINT('',(-0.372024410906,-0.995,0.548744560821));
#4253 = CARTESIAN_POINT('',(-0.365213996554,-1.005,0.555087084111));
#4254 = CARTESIAN_POINT('',(-0.365213996554,-0.995,0.555087084111));
#4255 = CARTESIAN_POINT('',(-0.361800124729,-1.005,0.563509123233));
#4256 = CARTESIAN_POINT('',(-0.361800124729,-0.995,0.563509123233));
#4257 = CARTESIAN_POINT('',(-0.361800124729,-1.005,0.574010678188));
#4258 = CARTESIAN_POINT('',(-0.361800124729,-0.995,0.574010678188));
#4259 = ADVANCED_FACE('',(#4260),#4270,.F.);
#4260 = FACE_BOUND('',#4261,.F.);
#4261 = EDGE_LOOP('',(#4262,#4263,#4264,#4269));
#4262 = ORIENTED_EDGE('',*,*,#4245,.F.);
#4263 = ORIENTED_EDGE('',*,*,#3982,.T.);
#4264 = ORIENTED_EDGE('',*,*,#4265,.T.);
#4265 = EDGE_CURVE('',#3983,#4103,#4266,.T.);
#4266 = B_SPLINE_CURVE_WITH_KNOTS('',1,(#4267,#4268),.UNSPECIFIED.,.F.,
  .F.,(2,2),(0.,1.E-02),.PIECEWISE_BEZIER_KNOTS.);
#4267 = CARTESIAN_POINT('',(-0.372024410906,-1.005,0.598063744652));
#4268 = CARTESIAN_POINT('',(-0.372024410906,-0.995,0.598063744652));
#4269 = ORIENTED_EDGE('',*,*,#4111,.F.);
#4270 = B_SPLINE_SURFACE_WITH_KNOTS('',3,1,(
    (#4271,#4272)
    ,(#4273,#4274)
    ,(#4275,#4276)
    ,(#4277,#4278
    )),.UNSPECIFIED.,.F.,.F.,.F.,(4,4),(2,2),(3.,4.),(0.,1.),
  .PIECEWISE_BEZIER_KNOTS.);
#4271 = CARTESIAN_POINT('',(-0.361800124729,-1.005,0.574010678188));
#4272 = CARTESIAN_POINT('',(-0.361800124729,-0.995,0.574010678188));
#4273 = CARTESIAN_POINT('',(-0.361800124729,-1.005,0.584061671379));
#4274 = CARTESIAN_POINT('',(-0.361800124729,-0.995,0.584061671379));
#4275 = CARTESIAN_POINT('',(-0.365213996554,-1.005,0.592067807334));
#4276 = CARTESIAN_POINT('',(-0.365213996554,-0.995,0.592067807334));
#4277 = CARTESIAN_POINT('',(-0.372024410906,-1.005,0.598063744652));
#4278 = CARTESIAN_POINT('',(-0.372024410906,-0.995,0.598063744652));
#4279 = ADVANCED_FACE('',(#4280),#4290,.F.);
#4280 = FACE_BOUND('',#4281,.F.);
#4281 = EDGE_LOOP('',(#4282,#4283,#4284,#4289));
#4282 = ORIENTED_EDGE('',*,*,#4265,.F.);
#4283 = ORIENTED_EDGE('',*,*,#3991,.T.);
#4284 = ORIENTED_EDGE('',*,*,#4285,.T.);
#4285 = EDGE_CURVE('',#3992,#4096,#4286,.T.);
#4286 = B_SPLINE_CURVE_WITH_KNOTS('',1,(#4287,#4288),.UNSPECIFIED.,.F.,
  .F.,(2,2),(0.,1.E-02),.PIECEWISE_BEZIER_KNOTS.);
#4287 = CARTESIAN_POINT('',(-0.397654443543,-1.005,0.607040321329));
#4288 = CARTESIAN_POINT('',(-0.397654443543,-0.995,0.607040321329));
#4289 = ORIENTED_EDGE('',*,*,#4102,.F.);
#4290 = B_SPLINE_SURFACE_WITH_KNOTS('',3,1,(
    (#4291,#4292)
    ,(#4293,#4294)
    ,(#4295,#4296)
    ,(#4297,#4298
    )),.UNSPECIFIED.,.F.,.F.,.F.,(4,4),(2,2),(2.,3.),(0.,1.),
  .PIECEWISE_BEZIER_KNOTS.);
#4291 = CARTESIAN_POINT('',(-0.372024410906,-1.005,0.598063744652));
#4292 = CARTESIAN_POINT('',(-0.372024410906,-0.995,0.598063744652));
#4293 = CARTESIAN_POINT('',(-0.378834825258,-1.005,0.604059681969));
#4294 = CARTESIAN_POINT('',(-0.378834825258,-0.995,0.604059681969));
#4295 = CARTESIAN_POINT('',(-0.38737816947,-1.005,0.607040321329));
#4296 = CARTESIAN_POINT('',(-0.38737816947,-0.995,0.607040321329));
#4297 = CARTESIAN_POINT('',(-0.397654443543,-1.005,0.607040321329));
#4298 = CARTESIAN_POINT('',(-0.397654443543,-0.995,0.607040321329));
#4299 = ADVANCED_FACE('',(#4300),#4310,.F.);
#4300 = FACE_BOUND('',#4301,.T.);
#4301 = EDGE_LOOP('',(#4302,#4303,#4308,#4309));
#4302 = ORIENTED_EDGE('',*,*,#4095,.T.);
#4303 = ORIENTED_EDGE('',*,*,#4304,.F.);
#4304 = EDGE_CURVE('',#4001,#4089,#4305,.T.);
#4305 = B_SPLINE_CURVE_WITH_KNOTS('',1,(#4306,#4307),.UNSPECIFIED.,.F.,
  .F.,(2,2),(0.,1.E-02),.PIECEWISE_BEZIER_KNOTS.);
#4306 = CARTESIAN_POINT('',(-0.416993940787,-1.005,0.607040321329));
#4307 = CARTESIAN_POINT('',(-0.416993940787,-0.995,0.607040321329));
#4308 = ORIENTED_EDGE('',*,*,#4000,.F.);
#4309 = ORIENTED_EDGE('',*,*,#4285,.T.);
#4310 = B_SPLINE_SURFACE_WITH_KNOTS('',1,1,(
    (#4311,#4312)
    ,(#4313,#4314
    )),.UNSPECIFIED.,.F.,.F.,.F.,(2,2),(2,2),(-1.933949724364E-02,0.),(
    0.,1.E-02),.PIECEWISE_BEZIER_KNOTS.);
#4311 = CARTESIAN_POINT('',(-0.397654443543,-1.005,0.607040321329));
#4312 = CARTESIAN_POINT('',(-0.397654443543,-0.995,0.607040321329));
#4313 = CARTESIAN_POINT('',(-0.416993940787,-1.005,0.607040321329));
#4314 = CARTESIAN_POINT('',(-0.416993940787,-0.995,0.607040321329));
#4315 = ADVANCED_FACE('',(#4316),#4322,.F.);
#4316 = FACE_BOUND('',#4317,.T.);
#4317 = EDGE_LOOP('',(#4318,#4319,#4320,#4321));
#4318 = ORIENTED_EDGE('',*,*,#4088,.T.);
#4319 = ORIENTED_EDGE('',*,*,#4210,.F.);
#4320 = ORIENTED_EDGE('',*,*,#4007,.F.);
#4321 = ORIENTED_EDGE('',*,*,#4304,.T.);
#4322 = B_SPLINE_SURFACE_WITH_KNOTS('',1,1,(
    (#4323,#4324)
    ,(#4325,#4326
    )),.UNSPECIFIED.,.F.,.F.,.F.,(2,2),(2,2),(-6.779221614378E-02,0.),(
    0.,1.E-02),.PIECEWISE_BEZIER_KNOTS.);
#4323 = CARTESIAN_POINT('',(-0.416993940787,-1.005,0.607040321329));
#4324 = CARTESIAN_POINT('',(-0.416993940787,-0.995,0.607040321329));
#4325 = CARTESIAN_POINT('',(-0.416993940787,-1.005,0.539248105186));
#4326 = CARTESIAN_POINT('',(-0.416993940787,-0.995,0.539248105186));
#4327 = ADVANCED_FACE('',(#4328),#4342,.T.);
#4328 = FACE_BOUND('',#4329,.T.);
#4329 = EDGE_LOOP('',(#4330,#4331,#4336,#4337));
#4330 = ORIENTED_EDGE('',*,*,#4138,.F.);
#4331 = ORIENTED_EDGE('',*,*,#4332,.F.);
#4332 = EDGE_CURVE('',#4024,#4139,#4333,.T.);
#4333 = B_SPLINE_CURVE_WITH_KNOTS('',1,(#4334,#4335),.UNSPECIFIED.,.F.,
  .F.,(2,2),(0.,1.E-02),.PIECEWISE_BEZIER_KNOTS.);
#4334 = CARTESIAN_POINT('',(-0.398001029516,-1.005,0.599242136957));
#4335 = CARTESIAN_POINT('',(-0.398001029516,-0.995,0.599242136957));
#4336 = ORIENTED_EDGE('',*,*,#4023,.T.);
#4337 = ORIENTED_EDGE('',*,*,#4338,.T.);
#4338 = EDGE_CURVE('',#4015,#4141,#4339,.T.);
#4339 = B_SPLINE_CURVE_WITH_KNOTS('',1,(#4340,#4341),.UNSPECIFIED.,.F.,
  .F.,(2,2),(0.,1.E-02),.PIECEWISE_BEZIER_KNOTS.);
#4340 = CARTESIAN_POINT('',(-0.408242644991,-1.005,0.599242136957));
#4341 = CARTESIAN_POINT('',(-0.408242644991,-0.995,0.599242136957));
#4342 = B_SPLINE_SURFACE_WITH_KNOTS('',1,1,(
    (#4343,#4344)
    ,(#4345,#4346
    )),.UNSPECIFIED.,.F.,.F.,.F.,(2,2),(2,2),(5.551115123126E-17,
    1.024161547514E-02),(0.,1.E-02),.PIECEWISE_BEZIER_KNOTS.);
#4343 = CARTESIAN_POINT('',(-0.398001029516,-1.005,0.599242136957));
#4344 = CARTESIAN_POINT('',(-0.398001029516,-0.995,0.599242136957));
#4345 = CARTESIAN_POINT('',(-0.408242644991,-1.005,0.599242136957));
#4346 = CARTESIAN_POINT('',(-0.408242644991,-0.995,0.599242136957));
#4347 = ADVANCED_FACE('',(#4348),#4358,.T.);
#4348 = FACE_BOUND('',#4349,.T.);
#4349 = EDGE_LOOP('',(#4350,#4351,#4352,#4353));
#4350 = ORIENTED_EDGE('',*,*,#4147,.F.);
#4351 = ORIENTED_EDGE('',*,*,#4338,.F.);
#4352 = ORIENTED_EDGE('',*,*,#4014,.T.);
#4353 = ORIENTED_EDGE('',*,*,#4354,.T.);
#4354 = EDGE_CURVE('',#4017,#4148,#4355,.T.);
#4355 = B_SPLINE_CURVE_WITH_KNOTS('',1,(#4356,#4357),.UNSPECIFIED.,.F.,
  .F.,(2,2),(0.,1.E-02),.PIECEWISE_BEZIER_KNOTS.);
#4356 = CARTESIAN_POINT('',(-0.408242644991,-1.005,0.546976972363));
#4357 = CARTESIAN_POINT('',(-0.408242644991,-0.995,0.546976972363));
#4358 = B_SPLINE_SURFACE_WITH_KNOTS('',1,1,(
    (#4359,#4360)
    ,(#4361,#4362
    )),.UNSPECIFIED.,.F.,.F.,.F.,(2,2),(2,2),(0.,5.226516459358E-02),(0.
    ,1.E-02),.PIECEWISE_BEZIER_KNOTS.);
#4359 = CARTESIAN_POINT('',(-0.408242644991,-1.005,0.599242136957));
#4360 = CARTESIAN_POINT('',(-0.408242644991,-0.995,0.599242136957));
#4361 = CARTESIAN_POINT('',(-0.408242644991,-1.005,0.546976972363));
#4362 = CARTESIAN_POINT('',(-0.408242644991,-0.995,0.546976972363));
#4363 = ADVANCED_FACE('',(#4364),#4374,.T.);
#4364 = FACE_BOUND('',#4365,.T.);
#4365 = EDGE_LOOP('',(#4366,#4367,#4368,#4369));
#4366 = ORIENTED_EDGE('',*,*,#4154,.F.);
#4367 = ORIENTED_EDGE('',*,*,#4354,.F.);
#4368 = ORIENTED_EDGE('',*,*,#4066,.T.);
#4369 = ORIENTED_EDGE('',*,*,#4370,.T.);
#4370 = EDGE_CURVE('',#4058,#4155,#4371,.T.);
#4371 = B_SPLINE_CURVE_WITH_KNOTS('',1,(#4372,#4373),.UNSPECIFIED.,.F.,
  .F.,(2,2),(0.,1.E-02),.PIECEWISE_BEZIER_KNOTS.);
#4372 = CARTESIAN_POINT('',(-0.398399603383,-1.005,0.546976972363));
#4373 = CARTESIAN_POINT('',(-0.398399603383,-0.995,0.546976972363));
#4374 = B_SPLINE_SURFACE_WITH_KNOTS('',1,1,(
    (#4375,#4376)
    ,(#4377,#4378
    )),.UNSPECIFIED.,.F.,.F.,.F.,(2,2),(2,2),(0.,9.843041607672E-03),(0.
    ,1.E-02),.PIECEWISE_BEZIER_KNOTS.);
#4375 = CARTESIAN_POINT('',(-0.408242644991,-1.005,0.546976972363));
#4376 = CARTESIAN_POINT('',(-0.408242644991,-0.995,0.546976972363));
#4377 = CARTESIAN_POINT('',(-0.398399603383,-1.005,0.546976972363));
#4378 = CARTESIAN_POINT('',(-0.398399603383,-0.995,0.546976972363));
#4379 = ADVANCED_FACE('',(#4380),#4390,.T.);
#4380 = FACE_BOUND('',#4381,.T.);
#4381 = EDGE_LOOP('',(#4382,#4383,#4384,#4385));
#4382 = ORIENTED_EDGE('',*,*,#4161,.F.);
#4383 = ORIENTED_EDGE('',*,*,#4370,.F.);
#4384 = ORIENTED_EDGE('',*,*,#4057,.T.);
#4385 = ORIENTED_EDGE('',*,*,#4386,.T.);
#4386 = EDGE_CURVE('',#4049,#4162,#4387,.T.);
#4387 = B_SPLINE_CURVE_WITH_KNOTS('',1,(#4388,#4389),.UNSPECIFIED.,.F.,
  .F.,(2,2),(0.,1.E-02),.PIECEWISE_BEZIER_KNOTS.);
#4388 = CARTESIAN_POINT('',(-0.378245629105,-1.005,0.554047326194));
#4389 = CARTESIAN_POINT('',(-0.378245629105,-0.995,0.554047326194));
#4390 = B_SPLINE_SURFACE_WITH_KNOTS('',3,1,(
    (#4391,#4392)
    ,(#4393,#4394)
    ,(#4395,#4396)
    ,(#4397,#4398
    )),.UNSPECIFIED.,.F.,.F.,.F.,(4,4),(2,2),(2.,3.),(0.,1.),
  .PIECEWISE_BEZIER_KNOTS.);
#4391 = CARTESIAN_POINT('',(-0.398399603383,-1.005,0.546976972363));
#4392 = CARTESIAN_POINT('',(-0.398399603383,-0.995,0.546976972363));
#4393 = CARTESIAN_POINT('',(-0.389786941977,-1.005,0.546976972363));
#4394 = CARTESIAN_POINT('',(-0.389786941977,-0.995,0.546976972363));
#4395 = CARTESIAN_POINT('',(-0.383063174118,-1.005,0.549333756974));
#4396 = CARTESIAN_POINT('',(-0.383063174118,-0.995,0.549333756974));
#4397 = CARTESIAN_POINT('',(-0.378245629105,-1.005,0.554047326194));
#4398 = CARTESIAN_POINT('',(-0.378245629105,-0.995,0.554047326194));
#4399 = ADVANCED_FACE('',(#4400),#4410,.T.);
#4400 = FACE_BOUND('',#4401,.T.);
#4401 = EDGE_LOOP('',(#4402,#4403,#4404,#4405));
#4402 = ORIENTED_EDGE('',*,*,#4170,.F.);
#4403 = ORIENTED_EDGE('',*,*,#4386,.F.);
#4404 = ORIENTED_EDGE('',*,*,#4048,.T.);
#4405 = ORIENTED_EDGE('',*,*,#4406,.T.);
#4406 = EDGE_CURVE('',#4040,#4171,#4407,.T.);
#4407 = B_SPLINE_CURVE_WITH_KNOTS('',1,(#4408,#4409),.UNSPECIFIED.,.F.,
  .F.,(2,2),(0.,1.E-02),.PIECEWISE_BEZIER_KNOTS.);
#4408 = CARTESIAN_POINT('',(-0.371001982288,-1.005,0.573768068007));
#4409 = CARTESIAN_POINT('',(-0.371001982288,-0.995,0.573768068007));
#4410 = B_SPLINE_SURFACE_WITH_KNOTS('',3,1,(
    (#4411,#4412)
    ,(#4413,#4414)
    ,(#4415,#4416)
    ,(#4417,#4418
    )),.UNSPECIFIED.,.F.,.F.,.F.,(4,4),(2,2),(3.,4.),(0.,1.),
  .PIECEWISE_BEZIER_KNOTS.);
#4411 = CARTESIAN_POINT('',(-0.378245629105,-1.005,0.554047326194));
#4412 = CARTESIAN_POINT('',(-0.378245629105,-0.995,0.554047326194));
#4413 = CARTESIAN_POINT('',(-0.373410754794,-1.005,0.558726236818));
#4414 = CARTESIAN_POINT('',(-0.373410754794,-0.995,0.558726236818));
#4415 = CARTESIAN_POINT('',(-0.371001982288,-1.005,0.565311370288));
#4416 = CARTESIAN_POINT('',(-0.371001982288,-0.995,0.565311370288));
#4417 = CARTESIAN_POINT('',(-0.371001982288,-1.005,0.573768068007));
#4418 = CARTESIAN_POINT('',(-0.371001982288,-0.995,0.573768068007));
#4419 = ADVANCED_FACE('',(#4420),#4430,.T.);
#4420 = FACE_BOUND('',#4421,.T.);
#4421 = EDGE_LOOP('',(#4422,#4423,#4424,#4425));
#4422 = ORIENTED_EDGE('',*,*,#4179,.F.);
#4423 = ORIENTED_EDGE('',*,*,#4406,.F.);
#4424 = ORIENTED_EDGE('',*,*,#4039,.T.);
#4425 = ORIENTED_EDGE('',*,*,#4426,.T.);
#4426 = EDGE_CURVE('',#4031,#4180,#4427,.T.);
#4427 = B_SPLINE_CURVE_WITH_KNOTS('',1,(#4428,#4429),.UNSPECIFIED.,.F.,
  .F.,(2,2),(0.,1.E-02),.PIECEWISE_BEZIER_KNOTS.);
#4428 = CARTESIAN_POINT('',(-0.37843625139,-1.005,0.59286495507));
#4429 = CARTESIAN_POINT('',(-0.37843625139,-0.995,0.59286495507));
#4430 = B_SPLINE_SURFACE_WITH_KNOTS('',3,1,(
    (#4431,#4432)
    ,(#4433,#4434)
    ,(#4435,#4436)
    ,(#4437,#4438
    )),.UNSPECIFIED.,.F.,.F.,.F.,(4,4),(2,2),(4.,5.),(0.,1.),
  .PIECEWISE_BEZIER_KNOTS.);
#4431 = CARTESIAN_POINT('',(-0.371001982288,-1.005,0.573768068007));
#4432 = CARTESIAN_POINT('',(-0.371001982288,-0.995,0.573768068007));
#4433 = CARTESIAN_POINT('',(-0.371001982288,-1.005,0.582224765727));
#4434 = CARTESIAN_POINT('',(-0.371001982288,-0.995,0.582224765727));
#4435 = CARTESIAN_POINT('',(-0.373480071989,-1.005,0.588601947614));
#4436 = CARTESIAN_POINT('',(-0.373480071989,-0.995,0.588601947614));
#4437 = CARTESIAN_POINT('',(-0.37843625139,-1.005,0.59286495507));
#4438 = CARTESIAN_POINT('',(-0.37843625139,-0.995,0.59286495507));
#4439 = ADVANCED_FACE('',(#4440),#4446,.T.);
#4440 = FACE_BOUND('',#4441,.T.);
#4441 = EDGE_LOOP('',(#4442,#4443,#4444,#4445));
#4442 = ORIENTED_EDGE('',*,*,#4188,.F.);
#4443 = ORIENTED_EDGE('',*,*,#4426,.F.);
#4444 = ORIENTED_EDGE('',*,*,#4030,.T.);
#4445 = ORIENTED_EDGE('',*,*,#4332,.T.);
#4446 = B_SPLINE_SURFACE_WITH_KNOTS('',3,1,(
    (#4447,#4448)
    ,(#4449,#4450)
    ,(#4451,#4452)
    ,(#4453,#4454
    )),.UNSPECIFIED.,.F.,.F.,.F.,(4,4),(2,2),(5.,6.),(0.,1.),
  .PIECEWISE_BEZIER_KNOTS.);
#4447 = CARTESIAN_POINT('',(-0.37843625139,-1.005,0.59286495507));
#4448 = CARTESIAN_POINT('',(-0.37843625139,-0.995,0.59286495507));
#4449 = CARTESIAN_POINT('',(-0.383392430792,-1.005,0.597127962527));
#4450 = CARTESIAN_POINT('',(-0.383392430792,-0.995,0.597127962527));
#4451 = CARTESIAN_POINT('',(-0.389925576366,-1.005,0.599242136957));
#4452 = CARTESIAN_POINT('',(-0.389925576366,-0.995,0.599242136957));
#4453 = CARTESIAN_POINT('',(-0.398001029516,-1.005,0.599242136957));
#4454 = CARTESIAN_POINT('',(-0.398001029516,-0.995,0.599242136957));
#4455 = MANIFOLD_SOLID_BREP('',#4456);
#4456 = CLOSED_SHELL('',(#4457,#4569,#4681,#4701,#4717,#4733,#4749,#4765
    ,#4781,#4797,#4809,#4829,#4845,#4865,#4881,#4901));
#4457 = ADVANCED_FACE('',(#4458,#4516),#4564,.F.);
#4458 = FACE_BOUND('',#4459,.T.);
#4459 = EDGE_LOOP('',(#4460,#4469,#4476,#4483,#4490,#4497,#4504,#4511));
#4460 = ORIENTED_EDGE('',*,*,#4461,.T.);
#4461 = EDGE_CURVE('',#4462,#4464,#4466,.T.);
#4462 = VERTEX_POINT('',#4463);
#4463 = CARTESIAN_POINT('',(-0.297040535841,-1.005,0.539248105186));
#4464 = VERTEX_POINT('',#4465);
#4465 = CARTESIAN_POINT('',(-0.322861190763,-1.005,0.607040321329));
#4466 = B_SPLINE_CURVE_WITH_KNOTS('',1,(#4467,#4468),.UNSPECIFIED.,.F.,
  .F.,(2,2),(-7.254302716517E-02,0.),.PIECEWISE_BEZIER_KNOTS.);
#4467 = CARTESIAN_POINT('',(-0.297040535841,-1.005,0.539248105186));
#4468 = CARTESIAN_POINT('',(-0.322861190763,-1.005,0.607040321329));
#4469 = ORIENTED_EDGE('',*,*,#4470,.T.);
#4470 = EDGE_CURVE('',#4464,#4471,#4473,.T.);
#4471 = VERTEX_POINT('',#4472);
#4472 = CARTESIAN_POINT('',(-0.33221901201,-1.005,0.607040321329));
#4473 = B_SPLINE_CURVE_WITH_KNOTS('',1,(#4474,#4475),.UNSPECIFIED.,.F.,
  .F.,(2,2),(-9.357821246817E-03,-0.),.PIECEWISE_BEZIER_KNOTS.);
#4474 = CARTESIAN_POINT('',(-0.322861190763,-1.005,0.607040321329));
#4475 = CARTESIAN_POINT('',(-0.33221901201,-1.005,0.607040321329));
#4476 = ORIENTED_EDGE('',*,*,#4477,.T.);
#4477 = EDGE_CURVE('',#4471,#4478,#4480,.T.);
#4478 = VERTEX_POINT('',#4479);
#4479 = CARTESIAN_POINT('',(-0.358039666931,-1.005,0.539248105186));
#4480 = B_SPLINE_CURVE_WITH_KNOTS('',1,(#4481,#4482),.UNSPECIFIED.,.F.,
  .F.,(2,2),(-7.254302716501E-02,-0.),.PIECEWISE_BEZIER_KNOTS.);
#4481 = CARTESIAN_POINT('',(-0.33221901201,-1.005,0.607040321329));
#4482 = CARTESIAN_POINT('',(-0.358039666931,-1.005,0.539248105186));
#4483 = ORIENTED_EDGE('',*,*,#4484,.T.);
#4484 = EDGE_CURVE('',#4478,#4485,#4487,.T.);
#4485 = VERTEX_POINT('',#4486);
#4486 = CARTESIAN_POINT('',(-0.34836991831,-1.005,0.539248105186));
#4487 = B_SPLINE_CURVE_WITH_KNOTS('',1,(#4488,#4489),.UNSPECIFIED.,.F.,
  .F.,(2,2),(-9.669748621356E-03,0.),.PIECEWISE_BEZIER_KNOTS.);
#4488 = CARTESIAN_POINT('',(-0.358039666931,-1.005,0.539248105186));
#4489 = CARTESIAN_POINT('',(-0.34836991831,-1.005,0.539248105186));
#4490 = ORIENTED_EDGE('',*,*,#4491,.T.);
#4491 = EDGE_CURVE('',#4485,#4492,#4494,.T.);
#4492 = VERTEX_POINT('',#4493);
#4493 = CARTESIAN_POINT('',(-0.341854102035,-1.005,0.557790454693));
#4494 = B_SPLINE_CURVE_WITH_KNOTS('',1,(#4495,#4496),.UNSPECIFIED.,.F.,
  .F.,(2,2),(-1.965386951736E-02,0.),.PIECEWISE_BEZIER_KNOTS.);
#4495 = CARTESIAN_POINT('',(-0.34836991831,-1.005,0.539248105186));
#4496 = CARTESIAN_POINT('',(-0.341854102035,-1.005,0.557790454693));
#4497 = ORIENTED_EDGE('',*,*,#4498,.T.);
#4498 = EDGE_CURVE('',#4492,#4499,#4501,.T.);
#4499 = VERTEX_POINT('',#4500);
#4500 = CARTESIAN_POINT('',(-0.313624674606,-1.005,0.557790454693));
#4501 = B_SPLINE_CURVE_WITH_KNOTS('',1,(#4502,#4503),.UNSPECIFIED.,.F.,
  .F.,(2,2),(-2.822942742818E-02,0.),.PIECEWISE_BEZIER_KNOTS.);
#4502 = CARTESIAN_POINT('',(-0.341854102035,-1.005,0.557790454693));
#4503 = CARTESIAN_POINT('',(-0.313624674606,-1.005,0.557790454693));
#4504 = ORIENTED_EDGE('',*,*,#4505,.T.);
#4505 = EDGE_CURVE('',#4499,#4506,#4508,.T.);
#4506 = VERTEX_POINT('',#4507);
#4507 = CARTESIAN_POINT('',(-0.306710284463,-1.005,0.539248105186));
#4508 = B_SPLINE_CURVE_WITH_KNOTS('',1,(#4509,#4510),.UNSPECIFIED.,.F.,
  .F.,(2,2),(-1.978958100428E-02,0.),.PIECEWISE_BEZIER_KNOTS.);
#4509 = CARTESIAN_POINT('',(-0.313624674606,-1.005,0.557790454693));
#4510 = CARTESIAN_POINT('',(-0.306710284463,-1.005,0.539248105186));
#4511 = ORIENTED_EDGE('',*,*,#4512,.T.);
#4512 = EDGE_CURVE('',#4506,#4462,#4513,.T.);
#4513 = B_SPLINE_CURVE_WITH_KNOTS('',1,(#4514,#4515),.UNSPECIFIED.,.F.,
  .F.,(2,2),(-9.669748621818E-03,0.),.PIECEWISE_BEZIER_KNOTS.);
#4514 = CARTESIAN_POINT('',(-0.306710284463,-1.005,0.539248105186));
#4515 = CARTESIAN_POINT('',(-0.297040535841,-1.005,0.539248105186));
#4516 = FACE_BOUND('',#4517,.T.);
#4517 = EDGE_LOOP('',(#4518,#4527,#4534,#4543,#4550,#4559));
#4518 = ORIENTED_EDGE('',*,*,#4519,.F.);
#4519 = EDGE_CURVE('',#4520,#4522,#4524,.T.);
#4520 = VERTEX_POINT('',#4521);
#4521 = CARTESIAN_POINT('',(-0.339081414258,-1.005,0.565450004677));
#4522 = VERTEX_POINT('',#4523);
#4523 = CARTESIAN_POINT('',(-0.316328045189,-1.005,0.565450004677));
#4524 = B_SPLINE_CURVE_WITH_KNOTS('',1,(#4525,#4526),.UNSPECIFIED.,.F.,
  .F.,(2,2),(0.,2.275336906868E-02),.PIECEWISE_BEZIER_KNOTS.);
#4525 = CARTESIAN_POINT('',(-0.339081414258,-1.005,0.565450004677));
#4526 = CARTESIAN_POINT('',(-0.316328045189,-1.005,0.565450004677));
#4527 = ORIENTED_EDGE('',*,*,#4528,.F.);
#4528 = EDGE_CURVE('',#4529,#4520,#4531,.T.);
#4529 = VERTEX_POINT('',#4530);
#4530 = CARTESIAN_POINT('',(-0.328943774574,-1.005,0.593627444209));
#4531 = B_SPLINE_CURVE_WITH_KNOTS('',1,(#4532,#4533),.UNSPECIFIED.,.F.,
  .F.,(2,2),(-3.758493897378E-17,2.994561465293E-02),
  .PIECEWISE_BEZIER_KNOTS.);
#4532 = CARTESIAN_POINT('',(-0.328943774574,-1.005,0.593627444209));
#4533 = CARTESIAN_POINT('',(-0.339081414258,-1.005,0.565450004677));
#4534 = ORIENTED_EDGE('',*,*,#4535,.F.);
#4535 = EDGE_CURVE('',#4536,#4529,#4538,.T.);
#4536 = VERTEX_POINT('',#4537);
#4537 = CARTESIAN_POINT('',(-0.327834699463,-1.005,0.598375672027));
#4538 = B_SPLINE_CURVE_WITH_KNOTS('',3,(#4539,#4540,#4541,#4542),
  .UNSPECIFIED.,.F.,.F.,(4,4),(3.,4.),.PIECEWISE_BEZIER_KNOTS.);
#4539 = CARTESIAN_POINT('',(-0.327834699463,-1.005,0.598375672027));
#4540 = CARTESIAN_POINT('',(-0.328163956136,-1.005,0.596330814791));
#4541 = CARTESIAN_POINT('',(-0.328527871407,-1.005,0.59473651932));
#4542 = CARTESIAN_POINT('',(-0.328943774574,-1.005,0.593627444209));
#4543 = ORIENTED_EDGE('',*,*,#4544,.F.);
#4544 = EDGE_CURVE('',#4545,#4536,#4547,.T.);
#4545 = VERTEX_POINT('',#4546);
#4546 = CARTESIAN_POINT('',(-0.32762674788,-1.005,0.598375672027));
#4547 = B_SPLINE_CURVE_WITH_KNOTS('',1,(#4548,#4549),.UNSPECIFIED.,.F.,
  .F.,(2,2),(5.551115123126E-17,2.079515830264E-04),
  .PIECEWISE_BEZIER_KNOTS.);
#4548 = CARTESIAN_POINT('',(-0.32762674788,-1.005,0.598375672027));
#4549 = CARTESIAN_POINT('',(-0.327834699463,-1.005,0.598375672027));
#4550 = ORIENTED_EDGE('',*,*,#4551,.F.);
#4551 = EDGE_CURVE('',#4552,#4545,#4554,.T.);
#4552 = VERTEX_POINT('',#4553);
#4553 = CARTESIAN_POINT('',(-0.326569660665,-1.005,0.593627444209));
#4554 = B_SPLINE_CURVE_WITH_KNOTS('',3,(#4555,#4556,#4557,#4558),
  .UNSPECIFIED.,.F.,.F.,(4,4),(1.,2.),.PIECEWISE_BEZIER_KNOTS.);
#4555 = CARTESIAN_POINT('',(-0.326569660665,-1.005,0.593627444209));
#4556 = CARTESIAN_POINT('',(-0.326898917338,-1.005,0.594563226333));
#4557 = CARTESIAN_POINT('',(-0.32724550331,-1.005,0.596122863208));
#4558 = CARTESIAN_POINT('',(-0.32762674788,-1.005,0.598375672027));
#4559 = ORIENTED_EDGE('',*,*,#4560,.F.);
#4560 = EDGE_CURVE('',#4522,#4552,#4561,.T.);
#4561 = B_SPLINE_CURVE_WITH_KNOTS('',1,(#4562,#4563),.UNSPECIFIED.,.F.,
  .F.,(2,2),(0.,2.998097373548E-02),.PIECEWISE_BEZIER_KNOTS.);
#4562 = CARTESIAN_POINT('',(-0.316328045189,-1.005,0.565450004677));
#4563 = CARTESIAN_POINT('',(-0.326569660665,-1.005,0.593627444209));
#4564 = B_SPLINE_SURFACE_WITH_KNOTS('',1,1,(
    (#4565,#4566)
    ,(#4567,#4568
    )),.UNSPECIFIED.,.F.,.F.,.F.,(2,2),(2,2),(0.529248005186,
    0.597040221329),(-0.358039666931,-0.297040535841),
  .PIECEWISE_BEZIER_KNOTS.);
#4565 = CARTESIAN_POINT('',(-0.358039666931,-1.005,0.539248105186));
#4566 = CARTESIAN_POINT('',(-0.297040535841,-1.005,0.539248105186));
#4567 = CARTESIAN_POINT('',(-0.358039666931,-1.005,0.607040321329));
#4568 = CARTESIAN_POINT('',(-0.297040535841,-1.005,0.607040321329));
#4569 = ADVANCED_FACE('',(#4570,#4628),#4676,.T.);
#4570 = FACE_BOUND('',#4571,.T.);
#4571 = EDGE_LOOP('',(#4572,#4581,#4588,#4595,#4602,#4609,#4616,#4623));
#4572 = ORIENTED_EDGE('',*,*,#4573,.F.);
#4573 = EDGE_CURVE('',#4574,#4576,#4578,.T.);
#4574 = VERTEX_POINT('',#4575);
#4575 = CARTESIAN_POINT('',(-0.297040535841,-0.995,0.539248105186));
#4576 = VERTEX_POINT('',#4577);
#4577 = CARTESIAN_POINT('',(-0.322861190763,-0.995,0.607040321329));
#4578 = B_SPLINE_CURVE_WITH_KNOTS('',1,(#4579,#4580),.UNSPECIFIED.,.F.,
  .F.,(2,2),(-7.254302716517E-02,0.),.PIECEWISE_BEZIER_KNOTS.);
#4579 = CARTESIAN_POINT('',(-0.297040535841,-0.995,0.539248105186));
#4580 = CARTESIAN_POINT('',(-0.322861190763,-0.995,0.607040321329));
#4581 = ORIENTED_EDGE('',*,*,#4582,.F.);
#4582 = EDGE_CURVE('',#4583,#4574,#4585,.T.);
#4583 = VERTEX_POINT('',#4584);
#4584 = CARTESIAN_POINT('',(-0.306710284463,-0.995,0.539248105186));
#4585 = B_SPLINE_CURVE_WITH_KNOTS('',1,(#4586,#4587),.UNSPECIFIED.,.F.,
  .F.,(2,2),(-9.669748621818E-03,0.),.PIECEWISE_BEZIER_KNOTS.);
#4586 = CARTESIAN_POINT('',(-0.306710284463,-0.995,0.539248105186));
#4587 = CARTESIAN_POINT('',(-0.297040535841,-0.995,0.539248105186));
#4588 = ORIENTED_EDGE('',*,*,#4589,.F.);
#4589 = EDGE_CURVE('',#4590,#4583,#4592,.T.);
#4590 = VERTEX_POINT('',#4591);
#4591 = CARTESIAN_POINT('',(-0.313624674606,-0.995,0.557790454693));
#4592 = B_SPLINE_CURVE_WITH_KNOTS('',1,(#4593,#4594),.UNSPECIFIED.,.F.,
  .F.,(2,2),(-1.978958100428E-02,0.),.PIECEWISE_BEZIER_KNOTS.);
#4593 = CARTESIAN_POINT('',(-0.313624674606,-0.995,0.557790454693));
#4594 = CARTESIAN_POINT('',(-0.306710284463,-0.995,0.539248105186));
#4595 = ORIENTED_EDGE('',*,*,#4596,.F.);
#4596 = EDGE_CURVE('',#4597,#4590,#4599,.T.);
#4597 = VERTEX_POINT('',#4598);
#4598 = CARTESIAN_POINT('',(-0.341854102035,-0.995,0.557790454693));
#4599 = B_SPLINE_CURVE_WITH_KNOTS('',1,(#4600,#4601),.UNSPECIFIED.,.F.,
  .F.,(2,2),(-2.822942742818E-02,0.),.PIECEWISE_BEZIER_KNOTS.);
#4600 = CARTESIAN_POINT('',(-0.341854102035,-0.995,0.557790454693));
#4601 = CARTESIAN_POINT('',(-0.313624674606,-0.995,0.557790454693));
#4602 = ORIENTED_EDGE('',*,*,#4603,.F.);
#4603 = EDGE_CURVE('',#4604,#4597,#4606,.T.);
#4604 = VERTEX_POINT('',#4605);
#4605 = CARTESIAN_POINT('',(-0.34836991831,-0.995,0.539248105186));
#4606 = B_SPLINE_CURVE_WITH_KNOTS('',1,(#4607,#4608),.UNSPECIFIED.,.F.,
  .F.,(2,2),(-1.965386951736E-02,0.),.PIECEWISE_BEZIER_KNOTS.);
#4607 = CARTESIAN_POINT('',(-0.34836991831,-0.995,0.539248105186));
#4608 = CARTESIAN_POINT('',(-0.341854102035,-0.995,0.557790454693));
#4609 = ORIENTED_EDGE('',*,*,#4610,.F.);
#4610 = EDGE_CURVE('',#4611,#4604,#4613,.T.);
#4611 = VERTEX_POINT('',#4612);
#4612 = CARTESIAN_POINT('',(-0.358039666931,-0.995,0.539248105186));
#4613 = B_SPLINE_CURVE_WITH_KNOTS('',1,(#4614,#4615),.UNSPECIFIED.,.F.,
  .F.,(2,2),(-9.669748621356E-03,0.),.PIECEWISE_BEZIER_KNOTS.);
#4614 = CARTESIAN_POINT('',(-0.358039666931,-0.995,0.539248105186));
#4615 = CARTESIAN_POINT('',(-0.34836991831,-0.995,0.539248105186));
#4616 = ORIENTED_EDGE('',*,*,#4617,.F.);
#4617 = EDGE_CURVE('',#4618,#4611,#4620,.T.);
#4618 = VERTEX_POINT('',#4619);
#4619 = CARTESIAN_POINT('',(-0.33221901201,-0.995,0.607040321329));
#4620 = B_SPLINE_CURVE_WITH_KNOTS('',1,(#4621,#4622),.UNSPECIFIED.,.F.,
  .F.,(2,2),(-7.254302716501E-02,-0.),.PIECEWISE_BEZIER_KNOTS.);
#4621 = CARTESIAN_POINT('',(-0.33221901201,-0.995,0.607040321329));
#4622 = CARTESIAN_POINT('',(-0.358039666931,-0.995,0.539248105186));
#4623 = ORIENTED_EDGE('',*,*,#4624,.F.);
#4624 = EDGE_CURVE('',#4576,#4618,#4625,.T.);
#4625 = B_SPLINE_CURVE_WITH_KNOTS('',1,(#4626,#4627),.UNSPECIFIED.,.F.,
  .F.,(2,2),(-9.357821246817E-03,-0.),.PIECEWISE_BEZIER_KNOTS.);
#4626 = CARTESIAN_POINT('',(-0.322861190763,-0.995,0.607040321329));
#4627 = CARTESIAN_POINT('',(-0.33221901201,-0.995,0.607040321329));
#4628 = FACE_BOUND('',#4629,.T.);
#4629 = EDGE_LOOP('',(#4630,#4639,#4646,#4653,#4662,#4669));
#4630 = ORIENTED_EDGE('',*,*,#4631,.T.);
#4631 = EDGE_CURVE('',#4632,#4634,#4636,.T.);
#4632 = VERTEX_POINT('',#4633);
#4633 = CARTESIAN_POINT('',(-0.328943774574,-0.995,0.593627444209));
#4634 = VERTEX_POINT('',#4635);
#4635 = CARTESIAN_POINT('',(-0.339081414258,-0.995,0.565450004677));
#4636 = B_SPLINE_CURVE_WITH_KNOTS('',1,(#4637,#4638),.UNSPECIFIED.,.F.,
  .F.,(2,2),(1.879246948689E-17,2.994561465293E-02),
  .PIECEWISE_BEZIER_KNOTS.);
#4637 = CARTESIAN_POINT('',(-0.328943774574,-0.995,0.593627444209));
#4638 = CARTESIAN_POINT('',(-0.339081414258,-0.995,0.565450004677));
#4639 = ORIENTED_EDGE('',*,*,#4640,.T.);
#4640 = EDGE_CURVE('',#4634,#4641,#4643,.T.);
#4641 = VERTEX_POINT('',#4642);
#4642 = CARTESIAN_POINT('',(-0.316328045189,-0.995,0.565450004677));
#4643 = B_SPLINE_CURVE_WITH_KNOTS('',1,(#4644,#4645),.UNSPECIFIED.,.F.,
  .F.,(2,2),(5.551115123126E-17,2.275336906868E-02),
  .PIECEWISE_BEZIER_KNOTS.);
#4644 = CARTESIAN_POINT('',(-0.339081414258,-0.995,0.565450004677));
#4645 = CARTESIAN_POINT('',(-0.316328045189,-0.995,0.565450004677));
#4646 = ORIENTED_EDGE('',*,*,#4647,.T.);
#4647 = EDGE_CURVE('',#4641,#4648,#4650,.T.);
#4648 = VERTEX_POINT('',#4649);
#4649 = CARTESIAN_POINT('',(-0.326569660665,-0.995,0.593627444209));
#4650 = B_SPLINE_CURVE_WITH_KNOTS('',1,(#4651,#4652),.UNSPECIFIED.,.F.,
  .F.,(2,2),(0.,2.998097373548E-02),.PIECEWISE_BEZIER_KNOTS.);
#4651 = CARTESIAN_POINT('',(-0.316328045189,-0.995,0.565450004677));
#4652 = CARTESIAN_POINT('',(-0.326569660665,-0.995,0.593627444209));
#4653 = ORIENTED_EDGE('',*,*,#4654,.T.);
#4654 = EDGE_CURVE('',#4648,#4655,#4657,.T.);
#4655 = VERTEX_POINT('',#4656);
#4656 = CARTESIAN_POINT('',(-0.32762674788,-0.995,0.598375672027));
#4657 = B_SPLINE_CURVE_WITH_KNOTS('',3,(#4658,#4659,#4660,#4661),
  .UNSPECIFIED.,.F.,.F.,(4,4),(1.,2.),.PIECEWISE_BEZIER_KNOTS.);
#4658 = CARTESIAN_POINT('',(-0.326569660665,-0.995,0.593627444209));
#4659 = CARTESIAN_POINT('',(-0.326898917338,-0.995,0.594563226333));
#4660 = CARTESIAN_POINT('',(-0.32724550331,-0.995,0.596122863208));
#4661 = CARTESIAN_POINT('',(-0.32762674788,-0.995,0.598375672027));
#4662 = ORIENTED_EDGE('',*,*,#4663,.T.);
#4663 = EDGE_CURVE('',#4655,#4664,#4666,.T.);
#4664 = VERTEX_POINT('',#4665);
#4665 = CARTESIAN_POINT('',(-0.327834699463,-0.995,0.598375672027));
#4666 = B_SPLINE_CURVE_WITH_KNOTS('',1,(#4667,#4668),.UNSPECIFIED.,.F.,
  .F.,(2,2),(5.551115123126E-17,2.079515830264E-04),
  .PIECEWISE_BEZIER_KNOTS.);
#4667 = CARTESIAN_POINT('',(-0.32762674788,-0.995,0.598375672027));
#4668 = CARTESIAN_POINT('',(-0.327834699463,-0.995,0.598375672027));
#4669 = ORIENTED_EDGE('',*,*,#4670,.T.);
#4670 = EDGE_CURVE('',#4664,#4632,#4671,.T.);
#4671 = B_SPLINE_CURVE_WITH_KNOTS('',3,(#4672,#4673,#4674,#4675),
  .UNSPECIFIED.,.F.,.F.,(4,4),(3.,4.),.PIECEWISE_BEZIER_KNOTS.);
#4672 = CARTESIAN_POINT('',(-0.327834699463,-0.995,0.598375672027));
#4673 = CARTESIAN_POINT('',(-0.328163956136,-0.995,0.596330814791));
#4674 = CARTESIAN_POINT('',(-0.328527871407,-0.995,0.59473651932));
#4675 = CARTESIAN_POINT('',(-0.328943774574,-0.995,0.593627444209));
#4676 = B_SPLINE_SURFACE_WITH_KNOTS('',1,1,(
    (#4677,#4678)
    ,(#4679,#4680
    )),.UNSPECIFIED.,.F.,.F.,.F.,(2,2),(2,2),(0.529248005186,
    0.597040221329),(-0.358039666931,-0.297040535841),
  .PIECEWISE_BEZIER_KNOTS.);
#4677 = CARTESIAN_POINT('',(-0.358039666931,-0.995,0.539248105186));
#4678 = CARTESIAN_POINT('',(-0.297040535841,-0.995,0.539248105186));
#4679 = CARTESIAN_POINT('',(-0.358039666931,-0.995,0.607040321329));
#4680 = CARTESIAN_POINT('',(-0.297040535841,-0.995,0.607040321329));
#4681 = ADVANCED_FACE('',(#4682),#4696,.F.);
#4682 = FACE_BOUND('',#4683,.T.);
#4683 = EDGE_LOOP('',(#4684,#4685,#4690,#4691));
#4684 = ORIENTED_EDGE('',*,*,#4573,.T.);
#4685 = ORIENTED_EDGE('',*,*,#4686,.F.);
#4686 = EDGE_CURVE('',#4464,#4576,#4687,.T.);
#4687 = B_SPLINE_CURVE_WITH_KNOTS('',1,(#4688,#4689),.UNSPECIFIED.,.F.,
  .F.,(2,2),(0.,1.E-02),.PIECEWISE_BEZIER_KNOTS.);
#4688 = CARTESIAN_POINT('',(-0.322861190763,-1.005,0.607040321329));
#4689 = CARTESIAN_POINT('',(-0.322861190763,-0.995,0.607040321329));
#4690 = ORIENTED_EDGE('',*,*,#4461,.F.);
#4691 = ORIENTED_EDGE('',*,*,#4692,.T.);
#4692 = EDGE_CURVE('',#4462,#4574,#4693,.T.);
#4693 = B_SPLINE_CURVE_WITH_KNOTS('',1,(#4694,#4695),.UNSPECIFIED.,.F.,
  .F.,(2,2),(0.,1.E-02),.PIECEWISE_BEZIER_KNOTS.);
#4694 = CARTESIAN_POINT('',(-0.297040535841,-1.005,0.539248105186));
#4695 = CARTESIAN_POINT('',(-0.297040535841,-0.995,0.539248105186));
#4696 = B_SPLINE_SURFACE_WITH_KNOTS('',1,1,(
    (#4697,#4698)
    ,(#4699,#4700
    )),.UNSPECIFIED.,.F.,.F.,.F.,(2,2),(2,2),(-7.254302716517E-02,0.),(
    0.,1.E-02),.PIECEWISE_BEZIER_KNOTS.);
#4697 = CARTESIAN_POINT('',(-0.297040535841,-1.005,0.539248105186));
#4698 = CARTESIAN_POINT('',(-0.297040535841,-0.995,0.539248105186));
#4699 = CARTESIAN_POINT('',(-0.322861190763,-1.005,0.607040321329));
#4700 = CARTESIAN_POINT('',(-0.322861190763,-0.995,0.607040321329));
#4701 = ADVANCED_FACE('',(#4702),#4712,.F.);
#4702 = FACE_BOUND('',#4703,.T.);
#4703 = EDGE_LOOP('',(#4704,#4705,#4710,#4711));
#4704 = ORIENTED_EDGE('',*,*,#4624,.T.);
#4705 = ORIENTED_EDGE('',*,*,#4706,.F.);
#4706 = EDGE_CURVE('',#4471,#4618,#4707,.T.);
#4707 = B_SPLINE_CURVE_WITH_KNOTS('',1,(#4708,#4709),.UNSPECIFIED.,.F.,
  .F.,(2,2),(0.,1.E-02),.PIECEWISE_BEZIER_KNOTS.);
#4708 = CARTESIAN_POINT('',(-0.33221901201,-1.005,0.607040321329));
#4709 = CARTESIAN_POINT('',(-0.33221901201,-0.995,0.607040321329));
#4710 = ORIENTED_EDGE('',*,*,#4470,.F.);
#4711 = ORIENTED_EDGE('',*,*,#4686,.T.);
#4712 = B_SPLINE_SURFACE_WITH_KNOTS('',1,1,(
    (#4713,#4714)
    ,(#4715,#4716
    )),.UNSPECIFIED.,.F.,.F.,.F.,(2,2),(2,2),(-9.357821246817E-03,0.),(
    0.,1.E-02),.PIECEWISE_BEZIER_KNOTS.);
#4713 = CARTESIAN_POINT('',(-0.322861190763,-1.005,0.607040321329));
#4714 = CARTESIAN_POINT('',(-0.322861190763,-0.995,0.607040321329));
#4715 = CARTESIAN_POINT('',(-0.33221901201,-1.005,0.607040321329));
#4716 = CARTESIAN_POINT('',(-0.33221901201,-0.995,0.607040321329));
#4717 = ADVANCED_FACE('',(#4718),#4728,.F.);
#4718 = FACE_BOUND('',#4719,.T.);
#4719 = EDGE_LOOP('',(#4720,#4721,#4726,#4727));
#4720 = ORIENTED_EDGE('',*,*,#4617,.T.);
#4721 = ORIENTED_EDGE('',*,*,#4722,.F.);
#4722 = EDGE_CURVE('',#4478,#4611,#4723,.T.);
#4723 = B_SPLINE_CURVE_WITH_KNOTS('',1,(#4724,#4725),.UNSPECIFIED.,.F.,
  .F.,(2,2),(0.,1.E-02),.PIECEWISE_BEZIER_KNOTS.);
#4724 = CARTESIAN_POINT('',(-0.358039666931,-1.005,0.539248105186));
#4725 = CARTESIAN_POINT('',(-0.358039666931,-0.995,0.539248105186));
#4726 = ORIENTED_EDGE('',*,*,#4477,.F.);
#4727 = ORIENTED_EDGE('',*,*,#4706,.T.);
#4728 = B_SPLINE_SURFACE_WITH_KNOTS('',1,1,(
    (#4729,#4730)
    ,(#4731,#4732
    )),.UNSPECIFIED.,.F.,.F.,.F.,(2,2),(2,2),(-7.254302716501E-02,0.),(
    0.,1.E-02),.PIECEWISE_BEZIER_KNOTS.);
#4729 = CARTESIAN_POINT('',(-0.33221901201,-1.005,0.607040321329));
#4730 = CARTESIAN_POINT('',(-0.33221901201,-0.995,0.607040321329));
#4731 = CARTESIAN_POINT('',(-0.358039666931,-1.005,0.539248105186));
#4732 = CARTESIAN_POINT('',(-0.358039666931,-0.995,0.539248105186));
#4733 = ADVANCED_FACE('',(#4734),#4744,.F.);
#4734 = FACE_BOUND('',#4735,.T.);
#4735 = EDGE_LOOP('',(#4736,#4737,#4742,#4743));
#4736 = ORIENTED_EDGE('',*,*,#4610,.T.);
#4737 = ORIENTED_EDGE('',*,*,#4738,.F.);
#4738 = EDGE_CURVE('',#4485,#4604,#4739,.T.);
#4739 = B_SPLINE_CURVE_WITH_KNOTS('',1,(#4740,#4741),.UNSPECIFIED.,.F.,
  .F.,(2,2),(0.,1.E-02),.PIECEWISE_BEZIER_KNOTS.);
#4740 = CARTESIAN_POINT('',(-0.34836991831,-1.005,0.539248105186));
#4741 = CARTESIAN_POINT('',(-0.34836991831,-0.995,0.539248105186));
#4742 = ORIENTED_EDGE('',*,*,#4484,.F.);
#4743 = ORIENTED_EDGE('',*,*,#4722,.T.);
#4744 = B_SPLINE_SURFACE_WITH_KNOTS('',1,1,(
    (#4745,#4746)
    ,(#4747,#4748
    )),.UNSPECIFIED.,.F.,.F.,.F.,(2,2),(2,2),(-9.669748621356E-03,0.),(
    0.,1.E-02),.PIECEWISE_BEZIER_KNOTS.);
#4745 = CARTESIAN_POINT('',(-0.358039666931,-1.005,0.539248105186));
#4746 = CARTESIAN_POINT('',(-0.358039666931,-0.995,0.539248105186));
#4747 = CARTESIAN_POINT('',(-0.34836991831,-1.005,0.539248105186));
#4748 = CARTESIAN_POINT('',(-0.34836991831,-0.995,0.539248105186));
#4749 = ADVANCED_FACE('',(#4750),#4760,.F.);
#4750 = FACE_BOUND('',#4751,.T.);
#4751 = EDGE_LOOP('',(#4752,#4753,#4758,#4759));
#4752 = ORIENTED_EDGE('',*,*,#4603,.T.);
#4753 = ORIENTED_EDGE('',*,*,#4754,.F.);
#4754 = EDGE_CURVE('',#4492,#4597,#4755,.T.);
#4755 = B_SPLINE_CURVE_WITH_KNOTS('',1,(#4756,#4757),.UNSPECIFIED.,.F.,
  .F.,(2,2),(0.,1.E-02),.PIECEWISE_BEZIER_KNOTS.);
#4756 = CARTESIAN_POINT('',(-0.341854102035,-1.005,0.557790454693));
#4757 = CARTESIAN_POINT('',(-0.341854102035,-0.995,0.557790454693));
#4758 = ORIENTED_EDGE('',*,*,#4491,.F.);
#4759 = ORIENTED_EDGE('',*,*,#4738,.T.);
#4760 = B_SPLINE_SURFACE_WITH_KNOTS('',1,1,(
    (#4761,#4762)
    ,(#4763,#4764
    )),.UNSPECIFIED.,.F.,.F.,.F.,(2,2),(2,2),(-1.965386951736E-02,0.),(
    0.,1.E-02),.PIECEWISE_BEZIER_KNOTS.);
#4761 = CARTESIAN_POINT('',(-0.34836991831,-1.005,0.539248105186));
#4762 = CARTESIAN_POINT('',(-0.34836991831,-0.995,0.539248105186));
#4763 = CARTESIAN_POINT('',(-0.341854102035,-1.005,0.557790454693));
#4764 = CARTESIAN_POINT('',(-0.341854102035,-0.995,0.557790454693));
#4765 = ADVANCED_FACE('',(#4766),#4776,.F.);
#4766 = FACE_BOUND('',#4767,.T.);
#4767 = EDGE_LOOP('',(#4768,#4769,#4774,#4775));
#4768 = ORIENTED_EDGE('',*,*,#4596,.T.);
#4769 = ORIENTED_EDGE('',*,*,#4770,.F.);
#4770 = EDGE_CURVE('',#4499,#4590,#4771,.T.);
#4771 = B_SPLINE_CURVE_WITH_KNOTS('',1,(#4772,#4773),.UNSPECIFIED.,.F.,
  .F.,(2,2),(0.,1.E-02),.PIECEWISE_BEZIER_KNOTS.);
#4772 = CARTESIAN_POINT('',(-0.313624674606,-1.005,0.557790454693));
#4773 = CARTESIAN_POINT('',(-0.313624674606,-0.995,0.557790454693));
#4774 = ORIENTED_EDGE('',*,*,#4498,.F.);
#4775 = ORIENTED_EDGE('',*,*,#4754,.T.);
#4776 = B_SPLINE_SURFACE_WITH_KNOTS('',1,1,(
    (#4777,#4778)
    ,(#4779,#4780
    )),.UNSPECIFIED.,.F.,.F.,.F.,(2,2),(2,2),(-2.822942742818E-02,0.),(
    0.,1.E-02),.PIECEWISE_BEZIER_KNOTS.);
#4777 = CARTESIAN_POINT('',(-0.341854102035,-1.005,0.557790454693));
#4778 = CARTESIAN_POINT('',(-0.341854102035,-0.995,0.557790454693));
#4779 = CARTESIAN_POINT('',(-0.313624674606,-1.005,0.557790454693));
#4780 = CARTESIAN_POINT('',(-0.313624674606,-0.995,0.557790454693));
#4781 = ADVANCED_FACE('',(#4782),#4792,.F.);
#4782 = FACE_BOUND('',#4783,.T.);
#4783 = EDGE_LOOP('',(#4784,#4785,#4790,#4791));
#4784 = ORIENTED_EDGE('',*,*,#4589,.T.);
#4785 = ORIENTED_EDGE('',*,*,#4786,.F.);
#4786 = EDGE_CURVE('',#4506,#4583,#4787,.T.);
#4787 = B_SPLINE_CURVE_WITH_KNOTS('',1,(#4788,#4789),.UNSPECIFIED.,.F.,
  .F.,(2,2),(0.,1.E-02),.PIECEWISE_BEZIER_KNOTS.);
#4788 = CARTESIAN_POINT('',(-0.306710284463,-1.005,0.539248105186));
#4789 = CARTESIAN_POINT('',(-0.306710284463,-0.995,0.539248105186));
#4790 = ORIENTED_EDGE('',*,*,#4505,.F.);
#4791 = ORIENTED_EDGE('',*,*,#4770,.T.);
#4792 = B_SPLINE_SURFACE_WITH_KNOTS('',1,1,(
    (#4793,#4794)
    ,(#4795,#4796
    )),.UNSPECIFIED.,.F.,.F.,.F.,(2,2),(2,2),(-1.978958100428E-02,0.),(
    0.,1.E-02),.PIECEWISE_BEZIER_KNOTS.);
#4793 = CARTESIAN_POINT('',(-0.313624674606,-1.005,0.557790454693));
#4794 = CARTESIAN_POINT('',(-0.313624674606,-0.995,0.557790454693));
#4795 = CARTESIAN_POINT('',(-0.306710284463,-1.005,0.539248105186));
#4796 = CARTESIAN_POINT('',(-0.306710284463,-0.995,0.539248105186));
#4797 = ADVANCED_FACE('',(#4798),#4804,.F.);
#4798 = FACE_BOUND('',#4799,.T.);
#4799 = EDGE_LOOP('',(#4800,#4801,#4802,#4803));
#4800 = ORIENTED_EDGE('',*,*,#4582,.T.);
#4801 = ORIENTED_EDGE('',*,*,#4692,.F.);
#4802 = ORIENTED_EDGE('',*,*,#4512,.F.);
#4803 = ORIENTED_EDGE('',*,*,#4786,.T.);
#4804 = B_SPLINE_SURFACE_WITH_KNOTS('',1,1,(
    (#4805,#4806)
    ,(#4807,#4808
    )),.UNSPECIFIED.,.F.,.F.,.F.,(2,2),(2,2),(-9.669748621818E-03,0.),(
    0.,1.E-02),.PIECEWISE_BEZIER_KNOTS.);
#4805 = CARTESIAN_POINT('',(-0.306710284463,-1.005,0.539248105186));
#4806 = CARTESIAN_POINT('',(-0.306710284463,-0.995,0.539248105186));
#4807 = CARTESIAN_POINT('',(-0.297040535841,-1.005,0.539248105186));
#4808 = CARTESIAN_POINT('',(-0.297040535841,-0.995,0.539248105186));
#4809 = ADVANCED_FACE('',(#4810),#4824,.T.);
#4810 = FACE_BOUND('',#4811,.T.);
#4811 = EDGE_LOOP('',(#4812,#4813,#4818,#4819));
#4812 = ORIENTED_EDGE('',*,*,#4640,.F.);
#4813 = ORIENTED_EDGE('',*,*,#4814,.F.);
#4814 = EDGE_CURVE('',#4520,#4634,#4815,.T.);
#4815 = B_SPLINE_CURVE_WITH_KNOTS('',1,(#4816,#4817),.UNSPECIFIED.,.F.,
  .F.,(2,2),(0.,1.E-02),.PIECEWISE_BEZIER_KNOTS.);
#4816 = CARTESIAN_POINT('',(-0.339081414258,-1.005,0.565450004677));
#4817 = CARTESIAN_POINT('',(-0.339081414258,-0.995,0.565450004677));
#4818 = ORIENTED_EDGE('',*,*,#4519,.T.);
#4819 = ORIENTED_EDGE('',*,*,#4820,.T.);
#4820 = EDGE_CURVE('',#4522,#4641,#4821,.T.);
#4821 = B_SPLINE_CURVE_WITH_KNOTS('',1,(#4822,#4823),.UNSPECIFIED.,.F.,
  .F.,(2,2),(0.,1.E-02),.PIECEWISE_BEZIER_KNOTS.);
#4822 = CARTESIAN_POINT('',(-0.316328045189,-1.005,0.565450004677));
#4823 = CARTESIAN_POINT('',(-0.316328045189,-0.995,0.565450004677));
#4824 = B_SPLINE_SURFACE_WITH_KNOTS('',1,1,(
    (#4825,#4826)
    ,(#4827,#4828
    )),.UNSPECIFIED.,.F.,.F.,.F.,(2,2),(2,2),(0.,2.275336906868E-02),(0.
    ,1.E-02),.PIECEWISE_BEZIER_KNOTS.);
#4825 = CARTESIAN_POINT('',(-0.339081414258,-1.005,0.565450004677));
#4826 = CARTESIAN_POINT('',(-0.339081414258,-0.995,0.565450004677));
#4827 = CARTESIAN_POINT('',(-0.316328045189,-1.005,0.565450004677));
#4828 = CARTESIAN_POINT('',(-0.316328045189,-0.995,0.565450004677));
#4829 = ADVANCED_FACE('',(#4830),#4840,.T.);
#4830 = FACE_BOUND('',#4831,.T.);
#4831 = EDGE_LOOP('',(#4832,#4833,#4834,#4835));
#4832 = ORIENTED_EDGE('',*,*,#4647,.F.);
#4833 = ORIENTED_EDGE('',*,*,#4820,.F.);
#4834 = ORIENTED_EDGE('',*,*,#4560,.T.);
#4835 = ORIENTED_EDGE('',*,*,#4836,.T.);
#4836 = EDGE_CURVE('',#4552,#4648,#4837,.T.);
#4837 = B_SPLINE_CURVE_WITH_KNOTS('',1,(#4838,#4839),.UNSPECIFIED.,.F.,
  .F.,(2,2),(0.,1.E-02),.PIECEWISE_BEZIER_KNOTS.);
#4838 = CARTESIAN_POINT('',(-0.326569660665,-1.005,0.593627444209));
#4839 = CARTESIAN_POINT('',(-0.326569660665,-0.995,0.593627444209));
#4840 = B_SPLINE_SURFACE_WITH_KNOTS('',1,1,(
    (#4841,#4842)
    ,(#4843,#4844
    )),.UNSPECIFIED.,.F.,.F.,.F.,(2,2),(2,2),(0.,2.998097373548E-02),(0.
    ,1.E-02),.PIECEWISE_BEZIER_KNOTS.);
#4841 = CARTESIAN_POINT('',(-0.316328045189,-1.005,0.565450004677));
#4842 = CARTESIAN_POINT('',(-0.316328045189,-0.995,0.565450004677));
#4843 = CARTESIAN_POINT('',(-0.326569660665,-1.005,0.593627444209));
#4844 = CARTESIAN_POINT('',(-0.326569660665,-0.995,0.593627444209));
#4845 = ADVANCED_FACE('',(#4846),#4856,.T.);
#4846 = FACE_BOUND('',#4847,.T.);
#4847 = EDGE_LOOP('',(#4848,#4849,#4850,#4851));
#4848 = ORIENTED_EDGE('',*,*,#4654,.F.);
#4849 = ORIENTED_EDGE('',*,*,#4836,.F.);
#4850 = ORIENTED_EDGE('',*,*,#4551,.T.);
#4851 = ORIENTED_EDGE('',*,*,#4852,.T.);
#4852 = EDGE_CURVE('',#4545,#4655,#4853,.T.);
#4853 = B_SPLINE_CURVE_WITH_KNOTS('',1,(#4854,#4855),.UNSPECIFIED.,.F.,
  .F.,(2,2),(0.,1.E-02),.PIECEWISE_BEZIER_KNOTS.);
#4854 = CARTESIAN_POINT('',(-0.32762674788,-1.005,0.598375672027));
#4855 = CARTESIAN_POINT('',(-0.32762674788,-0.995,0.598375672027));
#4856 = B_SPLINE_SURFACE_WITH_KNOTS('',3,1,(
    (#4857,#4858)
    ,(#4859,#4860)
    ,(#4861,#4862)
    ,(#4863,#4864
    )),.UNSPECIFIED.,.F.,.F.,.F.,(4,4),(2,2),(1.,2.),(0.,1.),
  .PIECEWISE_BEZIER_KNOTS.);
#4857 = CARTESIAN_POINT('',(-0.326569660665,-1.005,0.593627444209));
#4858 = CARTESIAN_POINT('',(-0.326569660665,-0.995,0.593627444209));
#4859 = CARTESIAN_POINT('',(-0.326898917338,-1.005,0.594563226333));
#4860 = CARTESIAN_POINT('',(-0.326898917338,-0.995,0.594563226333));
#4861 = CARTESIAN_POINT('',(-0.32724550331,-1.005,0.596122863208));
#4862 = CARTESIAN_POINT('',(-0.32724550331,-0.995,0.596122863208));
#4863 = CARTESIAN_POINT('',(-0.32762674788,-1.005,0.598375672027));
#4864 = CARTESIAN_POINT('',(-0.32762674788,-0.995,0.598375672027));
#4865 = ADVANCED_FACE('',(#4866),#4876,.T.);
#4866 = FACE_BOUND('',#4867,.T.);
#4867 = EDGE_LOOP('',(#4868,#4869,#4870,#4871));
#4868 = ORIENTED_EDGE('',*,*,#4663,.F.);
#4869 = ORIENTED_EDGE('',*,*,#4852,.F.);
#4870 = ORIENTED_EDGE('',*,*,#4544,.T.);
#4871 = ORIENTED_EDGE('',*,*,#4872,.T.);
#4872 = EDGE_CURVE('',#4536,#4664,#4873,.T.);
#4873 = B_SPLINE_CURVE_WITH_KNOTS('',1,(#4874,#4875),.UNSPECIFIED.,.F.,
  .F.,(2,2),(0.,1.E-02),.PIECEWISE_BEZIER_KNOTS.);
#4874 = CARTESIAN_POINT('',(-0.327834699463,-1.005,0.598375672027));
#4875 = CARTESIAN_POINT('',(-0.327834699463,-0.995,0.598375672027));
#4876 = B_SPLINE_SURFACE_WITH_KNOTS('',1,1,(
    (#4877,#4878)
    ,(#4879,#4880
    )),.UNSPECIFIED.,.F.,.F.,.F.,(2,2),(2,2),(5.551115123126E-17,
    2.079515830264E-04),(0.,1.E-02),.PIECEWISE_BEZIER_KNOTS.);
#4877 = CARTESIAN_POINT('',(-0.32762674788,-1.005,0.598375672027));
#4878 = CARTESIAN_POINT('',(-0.32762674788,-0.995,0.598375672027));
#4879 = CARTESIAN_POINT('',(-0.327834699463,-1.005,0.598375672027));
#4880 = CARTESIAN_POINT('',(-0.327834699463,-0.995,0.598375672027));
#4881 = ADVANCED_FACE('',(#4882),#4892,.T.);
#4882 = FACE_BOUND('',#4883,.T.);
#4883 = EDGE_LOOP('',(#4884,#4885,#4886,#4887));
#4884 = ORIENTED_EDGE('',*,*,#4670,.F.);
#4885 = ORIENTED_EDGE('',*,*,#4872,.F.);
#4886 = ORIENTED_EDGE('',*,*,#4535,.T.);
#4887 = ORIENTED_EDGE('',*,*,#4888,.T.);
#4888 = EDGE_CURVE('',#4529,#4632,#4889,.T.);
#4889 = B_SPLINE_CURVE_WITH_KNOTS('',1,(#4890,#4891),.UNSPECIFIED.,.F.,
  .F.,(2,2),(0.,1.E-02),.PIECEWISE_BEZIER_KNOTS.);
#4890 = CARTESIAN_POINT('',(-0.328943774574,-1.005,0.593627444209));
#4891 = CARTESIAN_POINT('',(-0.328943774574,-0.995,0.593627444209));
#4892 = B_SPLINE_SURFACE_WITH_KNOTS('',3,1,(
    (#4893,#4894)
    ,(#4895,#4896)
    ,(#4897,#4898)
    ,(#4899,#4900
    )),.UNSPECIFIED.,.F.,.F.,.F.,(4,4),(2,2),(3.,4.),(0.,1.),
  .PIECEWISE_BEZIER_KNOTS.);
#4893 = CARTESIAN_POINT('',(-0.327834699463,-1.005,0.598375672027));
#4894 = CARTESIAN_POINT('',(-0.327834699463,-0.995,0.598375672027));
#4895 = CARTESIAN_POINT('',(-0.328163956136,-1.005,0.596330814791));
#4896 = CARTESIAN_POINT('',(-0.328163956136,-0.995,0.596330814791));
#4897 = CARTESIAN_POINT('',(-0.328527871407,-1.005,0.59473651932));
#4898 = CARTESIAN_POINT('',(-0.328527871407,-0.995,0.59473651932));
#4899 = CARTESIAN_POINT('',(-0.328943774574,-1.005,0.593627444209));
#4900 = CARTESIAN_POINT('',(-0.328943774574,-0.995,0.593627444209));
#4901 = ADVANCED_FACE('',(#4902),#4908,.T.);
#4902 = FACE_BOUND('',#4903,.T.);
#4903 = EDGE_LOOP('',(#4904,#4905,#4906,#4907));
#4904 = ORIENTED_EDGE('',*,*,#4631,.F.);
#4905 = ORIENTED_EDGE('',*,*,#4888,.F.);
#4906 = ORIENTED_EDGE('',*,*,#4528,.T.);
#4907 = ORIENTED_EDGE('',*,*,#4814,.T.);
#4908 = B_SPLINE_SURFACE_WITH_KNOTS('',1,1,(
    (#4909,#4910)
    ,(#4911,#4912
    )),.UNSPECIFIED.,.F.,.F.,.F.,(2,2),(2,2),(-3.758493897378E-17,
    2.994561465293E-02),(0.,1.E-02),.PIECEWISE_BEZIER_KNOTS.);
#4909 = CARTESIAN_POINT('',(-0.328943774574,-1.005,0.593627444209));
#4910 = CARTESIAN_POINT('',(-0.328943774574,-0.995,0.593627444209));
#4911 = CARTESIAN_POINT('',(-0.339081414258,-1.005,0.565450004677));
#4912 = CARTESIAN_POINT('',(-0.339081414258,-0.995,0.565450004677));
#4913 = MANIFOLD_SOLID_BREP('',#4914);
#4914 = CLOSED_SHELL('',(#4915,#4951,#4979,#5007,#5035,#5063,#5091,#5119
    ,#5147,#5175,#5203,#5231,#5251,#5271));
#4915 = ADVANCED_FACE('',(#4916),#4946,.F.);
#4916 = FACE_BOUND('',#4917,.T.);
#4917 = EDGE_LOOP('',(#4918,#4927,#4934,#4941));
#4918 = ORIENTED_EDGE('',*,*,#4919,.T.);
#4919 = EDGE_CURVE('',#4920,#4922,#4924,.T.);
#4920 = VERTEX_POINT('',#4921);
#4921 = CARTESIAN_POINT('',(-0.532649679679,-0.995,0.431702478041));
#4922 = VERTEX_POINT('',#4923);
#4923 = CARTESIAN_POINT('',(-0.532649679679,-0.995,0.439431345219));
#4924 = B_SPLINE_CURVE_WITH_KNOTS('',1,(#4925,#4926),.UNSPECIFIED.,.F.,
  .F.,(2,2),(-7.728867177929E-03,0.),.PIECEWISE_BEZIER_KNOTS.);
#4925 = CARTESIAN_POINT('',(-0.532649679679,-0.995,0.431702478041));
#4926 = CARTESIAN_POINT('',(-0.532649679679,-0.995,0.439431345219));
#4927 = ORIENTED_EDGE('',*,*,#4928,.F.);
#4928 = EDGE_CURVE('',#4929,#4922,#4931,.T.);
#4929 = VERTEX_POINT('',#4930);
#4930 = CARTESIAN_POINT('',(-0.532649679679,-1.005,0.439431345219));
#4931 = B_SPLINE_CURVE_WITH_KNOTS('',1,(#4932,#4933),.UNSPECIFIED.,.F.,
  .F.,(2,2),(0.,1.E-02),.PIECEWISE_BEZIER_KNOTS.);
#4932 = CARTESIAN_POINT('',(-0.532649679679,-1.005,0.439431345219));
#4933 = CARTESIAN_POINT('',(-0.532649679679,-0.995,0.439431345219));
#4934 = ORIENTED_EDGE('',*,*,#4935,.F.);
#4935 = EDGE_CURVE('',#4936,#4929,#4938,.T.);
#4936 = VERTEX_POINT('',#4937);
#4937 = CARTESIAN_POINT('',(-0.532649679679,-1.005,0.431702478041));
#4938 = B_SPLINE_CURVE_WITH_KNOTS('',1,(#4939,#4940),.UNSPECIFIED.,.F.,
  .F.,(2,2),(-7.728867177929E-03,0.),.PIECEWISE_BEZIER_KNOTS.);
#4939 = CARTESIAN_POINT('',(-0.532649679679,-1.005,0.431702478041));
#4940 = CARTESIAN_POINT('',(-0.532649679679,-1.005,0.439431345219));
#4941 = ORIENTED_EDGE('',*,*,#4942,.T.);
#4942 = EDGE_CURVE('',#4936,#4920,#4943,.T.);
#4943 = B_SPLINE_CURVE_WITH_KNOTS('',1,(#4944,#4945),.UNSPECIFIED.,.F.,
  .F.,(2,2),(0.,1.E-02),.PIECEWISE_BEZIER_KNOTS.);
#4944 = CARTESIAN_POINT('',(-0.532649679679,-1.005,0.431702478041));
#4945 = CARTESIAN_POINT('',(-0.532649679679,-0.995,0.431702478041));
#4946 = B_SPLINE_SURFACE_WITH_KNOTS('',1,1,(
    (#4947,#4948)
    ,(#4949,#4950
    )),.UNSPECIFIED.,.F.,.F.,.F.,(2,2),(2,2),(-7.728867177929E-03,0.),(
    0.,1.E-02),.PIECEWISE_BEZIER_KNOTS.);
#4947 = CARTESIAN_POINT('',(-0.532649679679,-1.005,0.431702478041));
#4948 = CARTESIAN_POINT('',(-0.532649679679,-0.995,0.431702478041));
#4949 = CARTESIAN_POINT('',(-0.532649679679,-1.005,0.439431345219));
#4950 = CARTESIAN_POINT('',(-0.532649679679,-0.995,0.439431345219));
#4951 = ADVANCED_FACE('',(#4952),#4974,.F.);
#4952 = FACE_BOUND('',#4953,.T.);
#4953 = EDGE_LOOP('',(#4954,#4961,#4968,#4973));
#4954 = ORIENTED_EDGE('',*,*,#4955,.T.);
#4955 = EDGE_CURVE('',#4922,#4956,#4958,.T.);
#4956 = VERTEX_POINT('',#4957);
#4957 = CARTESIAN_POINT('',(-0.560359228149,-0.995,0.439431345219));
#4958 = B_SPLINE_CURVE_WITH_KNOTS('',1,(#4959,#4960),.UNSPECIFIED.,.F.,
  .F.,(2,2),(-2.770954846992E-02,-0.),.PIECEWISE_BEZIER_KNOTS.);
#4959 = CARTESIAN_POINT('',(-0.532649679679,-0.995,0.439431345219));
#4960 = CARTESIAN_POINT('',(-0.560359228149,-0.995,0.439431345219));
#4961 = ORIENTED_EDGE('',*,*,#4962,.F.);
#4962 = EDGE_CURVE('',#4963,#4956,#4965,.T.);
#4963 = VERTEX_POINT('',#4964);
#4964 = CARTESIAN_POINT('',(-0.560359228149,-1.005,0.439431345219));
#4965 = B_SPLINE_CURVE_WITH_KNOTS('',1,(#4966,#4967),.UNSPECIFIED.,.F.,
  .F.,(2,2),(0.,1.E-02),.PIECEWISE_BEZIER_KNOTS.);
#4966 = CARTESIAN_POINT('',(-0.560359228149,-1.005,0.439431345219));
#4967 = CARTESIAN_POINT('',(-0.560359228149,-0.995,0.439431345219));
#4968 = ORIENTED_EDGE('',*,*,#4969,.F.);
#4969 = EDGE_CURVE('',#4929,#4963,#4970,.T.);
#4970 = B_SPLINE_CURVE_WITH_KNOTS('',1,(#4971,#4972),.UNSPECIFIED.,.F.,
  .F.,(2,2),(-2.770954846992E-02,-0.),.PIECEWISE_BEZIER_KNOTS.);
#4971 = CARTESIAN_POINT('',(-0.532649679679,-1.005,0.439431345219));
#4972 = CARTESIAN_POINT('',(-0.560359228149,-1.005,0.439431345219));
#4973 = ORIENTED_EDGE('',*,*,#4928,.T.);
#4974 = B_SPLINE_SURFACE_WITH_KNOTS('',1,1,(
    (#4975,#4976)
    ,(#4977,#4978
    )),.UNSPECIFIED.,.F.,.F.,.F.,(2,2),(2,2),(-2.770954846992E-02,0.),(
    0.,1.E-02),.PIECEWISE_BEZIER_KNOTS.);
#4975 = CARTESIAN_POINT('',(-0.532649679679,-1.005,0.439431345219));
#4976 = CARTESIAN_POINT('',(-0.532649679679,-0.995,0.439431345219));
#4977 = CARTESIAN_POINT('',(-0.560359228149,-1.005,0.439431345219));
#4978 = CARTESIAN_POINT('',(-0.560359228149,-0.995,0.439431345219));
#4979 = ADVANCED_FACE('',(#4980),#5002,.F.);
#4980 = FACE_BOUND('',#4981,.T.);
#4981 = EDGE_LOOP('',(#4982,#4989,#4996,#5001));
#4982 = ORIENTED_EDGE('',*,*,#4983,.T.);
#4983 = EDGE_CURVE('',#4956,#4984,#4986,.T.);
#4984 = VERTEX_POINT('',#4985);
#4985 = CARTESIAN_POINT('',(-0.560359228149,-0.995,0.462236702184));
#4986 = B_SPLINE_CURVE_WITH_KNOTS('',1,(#4987,#4988),.UNSPECIFIED.,.F.,
  .F.,(2,2),(-2.280535696444E-02,0.),.PIECEWISE_BEZIER_KNOTS.);
#4987 = CARTESIAN_POINT('',(-0.560359228149,-0.995,0.439431345219));
#4988 = CARTESIAN_POINT('',(-0.560359228149,-0.995,0.462236702184));
#4989 = ORIENTED_EDGE('',*,*,#4990,.F.);
#4990 = EDGE_CURVE('',#4991,#4984,#4993,.T.);
#4991 = VERTEX_POINT('',#4992);
#4992 = CARTESIAN_POINT('',(-0.560359228149,-1.005,0.462236702184));
#4993 = B_SPLINE_CURVE_WITH_KNOTS('',1,(#4994,#4995),.UNSPECIFIED.,.F.,
  .F.,(2,2),(0.,1.E-02),.PIECEWISE_BEZIER_KNOTS.);
#4994 = CARTESIAN_POINT('',(-0.560359228149,-1.005,0.462236702184));
#4995 = CARTESIAN_POINT('',(-0.560359228149,-0.995,0.462236702184));
#4996 = ORIENTED_EDGE('',*,*,#4997,.F.);
#4997 = EDGE_CURVE('',#4963,#4991,#4998,.T.);
#4998 = B_SPLINE_CURVE_WITH_KNOTS('',1,(#4999,#5000),.UNSPECIFIED.,.F.,
  .F.,(2,2),(-2.280535696444E-02,0.),.PIECEWISE_BEZIER_KNOTS.);
#4999 = CARTESIAN_POINT('',(-0.560359228149,-1.005,0.439431345219));
#5000 = CARTESIAN_POINT('',(-0.560359228149,-1.005,0.462236702184));
#5001 = ORIENTED_EDGE('',*,*,#4962,.T.);
#5002 = B_SPLINE_SURFACE_WITH_KNOTS('',1,1,(
    (#5003,#5004)
    ,(#5005,#5006
    )),.UNSPECIFIED.,.F.,.F.,.F.,(2,2),(2,2),(-2.280535696444E-02,0.),(
    0.,1.E-02),.PIECEWISE_BEZIER_KNOTS.);
#5003 = CARTESIAN_POINT('',(-0.560359228149,-1.005,0.439431345219));
#5004 = CARTESIAN_POINT('',(-0.560359228149,-0.995,0.439431345219));
#5005 = CARTESIAN_POINT('',(-0.560359228149,-1.005,0.462236702184));
#5006 = CARTESIAN_POINT('',(-0.560359228149,-0.995,0.462236702184));
#5007 = ADVANCED_FACE('',(#5008),#5030,.F.);
#5008 = FACE_BOUND('',#5009,.T.);
#5009 = EDGE_LOOP('',(#5010,#5017,#5024,#5029));
#5010 = ORIENTED_EDGE('',*,*,#5011,.T.);
#5011 = EDGE_CURVE('',#4984,#5012,#5014,.T.);
#5012 = VERTEX_POINT('',#5013);
#5013 = CARTESIAN_POINT('',(-0.5361155394,-0.995,0.462236702184));
#5014 = B_SPLINE_CURVE_WITH_KNOTS('',1,(#5015,#5016),.UNSPECIFIED.,.F.,
  .F.,(2,2),(-2.424368874889E-02,0.),.PIECEWISE_BEZIER_KNOTS.);
#5015 = CARTESIAN_POINT('',(-0.560359228149,-0.995,0.462236702184));
#5016 = CARTESIAN_POINT('',(-0.5361155394,-0.995,0.462236702184));
#5017 = ORIENTED_EDGE('',*,*,#5018,.F.);
#5018 = EDGE_CURVE('',#5019,#5012,#5021,.T.);
#5019 = VERTEX_POINT('',#5020);
#5020 = CARTESIAN_POINT('',(-0.5361155394,-1.005,0.462236702184));
#5021 = B_SPLINE_CURVE_WITH_KNOTS('',1,(#5022,#5023),.UNSPECIFIED.,.F.,
  .F.,(2,2),(0.,1.E-02),.PIECEWISE_BEZIER_KNOTS.);
#5022 = CARTESIAN_POINT('',(-0.5361155394,-1.005,0.462236702184));
#5023 = CARTESIAN_POINT('',(-0.5361155394,-0.995,0.462236702184));
#5024 = ORIENTED_EDGE('',*,*,#5025,.F.);
#5025 = EDGE_CURVE('',#4991,#5019,#5026,.T.);
#5026 = B_SPLINE_CURVE_WITH_KNOTS('',1,(#5027,#5028),.UNSPECIFIED.,.F.,
  .F.,(2,2),(-2.424368874889E-02,0.),.PIECEWISE_BEZIER_KNOTS.);
#5027 = CARTESIAN_POINT('',(-0.560359228149,-1.005,0.462236702184));
#5028 = CARTESIAN_POINT('',(-0.5361155394,-1.005,0.462236702184));
#5029 = ORIENTED_EDGE('',*,*,#4990,.T.);
#5030 = B_SPLINE_SURFACE_WITH_KNOTS('',1,1,(
    (#5031,#5032)
    ,(#5033,#5034
    )),.UNSPECIFIED.,.F.,.F.,.F.,(2,2),(2,2),(-2.424368874889E-02,0.),(
    0.,1.E-02),.PIECEWISE_BEZIER_KNOTS.);
#5031 = CARTESIAN_POINT('',(-0.560359228149,-1.005,0.462236702184));
#5032 = CARTESIAN_POINT('',(-0.560359228149,-0.995,0.462236702184));
#5033 = CARTESIAN_POINT('',(-0.5361155394,-1.005,0.462236702184));
#5034 = CARTESIAN_POINT('',(-0.5361155394,-0.995,0.462236702184));
#5035 = ADVANCED_FACE('',(#5036),#5058,.F.);
#5036 = FACE_BOUND('',#5037,.T.);
#5037 = EDGE_LOOP('',(#5038,#5045,#5052,#5057));
#5038 = ORIENTED_EDGE('',*,*,#5039,.T.);
#5039 = EDGE_CURVE('',#5012,#5040,#5042,.T.);
#5040 = VERTEX_POINT('',#5041);
#5041 = CARTESIAN_POINT('',(-0.5361155394,-0.995,0.470000227959));
#5042 = B_SPLINE_CURVE_WITH_KNOTS('',1,(#5043,#5044),.UNSPECIFIED.,.F.,
  .F.,(2,2),(-7.763525775099E-03,0.),.PIECEWISE_BEZIER_KNOTS.);
#5043 = CARTESIAN_POINT('',(-0.5361155394,-0.995,0.462236702184));
#5044 = CARTESIAN_POINT('',(-0.5361155394,-0.995,0.470000227959));
#5045 = ORIENTED_EDGE('',*,*,#5046,.F.);
#5046 = EDGE_CURVE('',#5047,#5040,#5049,.T.);
#5047 = VERTEX_POINT('',#5048);
#5048 = CARTESIAN_POINT('',(-0.5361155394,-1.005,0.470000227959));
#5049 = B_SPLINE_CURVE_WITH_KNOTS('',1,(#5050,#5051),.UNSPECIFIED.,.F.,
  .F.,(2,2),(0.,1.E-02),.PIECEWISE_BEZIER_KNOTS.);
#5050 = CARTESIAN_POINT('',(-0.5361155394,-1.005,0.470000227959));
#5051 = CARTESIAN_POINT('',(-0.5361155394,-0.995,0.470000227959));
#5052 = ORIENTED_EDGE('',*,*,#5053,.F.);
#5053 = EDGE_CURVE('',#5019,#5047,#5054,.T.);
#5054 = B_SPLINE_CURVE_WITH_KNOTS('',1,(#5055,#5056),.UNSPECIFIED.,.F.,
  .F.,(2,2),(-7.763525775099E-03,0.),.PIECEWISE_BEZIER_KNOTS.);
#5055 = CARTESIAN_POINT('',(-0.5361155394,-1.005,0.462236702184));
#5056 = CARTESIAN_POINT('',(-0.5361155394,-1.005,0.470000227959));
#5057 = ORIENTED_EDGE('',*,*,#5018,.T.);
#5058 = B_SPLINE_SURFACE_WITH_KNOTS('',1,1,(
    (#5059,#5060)
    ,(#5061,#5062
    )),.UNSPECIFIED.,.F.,.F.,.F.,(2,2),(2,2),(-7.763525775099E-03,0.),(
    0.,1.E-02),.PIECEWISE_BEZIER_KNOTS.);
#5059 = CARTESIAN_POINT('',(-0.5361155394,-1.005,0.462236702184));
#5060 = CARTESIAN_POINT('',(-0.5361155394,-0.995,0.462236702184));
#5061 = CARTESIAN_POINT('',(-0.5361155394,-1.005,0.470000227959));
#5062 = CARTESIAN_POINT('',(-0.5361155394,-0.995,0.470000227959));
#5063 = ADVANCED_FACE('',(#5064),#5086,.F.);
#5064 = FACE_BOUND('',#5065,.T.);
#5065 = EDGE_LOOP('',(#5066,#5073,#5080,#5085));
#5066 = ORIENTED_EDGE('',*,*,#5067,.T.);
#5067 = EDGE_CURVE('',#5040,#5068,#5070,.T.);
#5068 = VERTEX_POINT('',#5069);
#5069 = CARTESIAN_POINT('',(-0.560359228149,-0.995,0.470000227959));
#5070 = B_SPLINE_CURVE_WITH_KNOTS('',1,(#5071,#5072),.UNSPECIFIED.,.F.,
  .F.,(2,2),(-2.424368874889E-02,-0.),.PIECEWISE_BEZIER_KNOTS.);
#5071 = CARTESIAN_POINT('',(-0.5361155394,-0.995,0.470000227959));
#5072 = CARTESIAN_POINT('',(-0.560359228149,-0.995,0.470000227959));
#5073 = ORIENTED_EDGE('',*,*,#5074,.F.);
#5074 = EDGE_CURVE('',#5075,#5068,#5077,.T.);
#5075 = VERTEX_POINT('',#5076);
#5076 = CARTESIAN_POINT('',(-0.560359228149,-1.005,0.470000227959));
#5077 = B_SPLINE_CURVE_WITH_KNOTS('',1,(#5078,#5079),.UNSPECIFIED.,.F.,
  .F.,(2,2),(0.,1.E-02),.PIECEWISE_BEZIER_KNOTS.);
#5078 = CARTESIAN_POINT('',(-0.560359228149,-1.005,0.470000227959));
#5079 = CARTESIAN_POINT('',(-0.560359228149,-0.995,0.470000227959));
#5080 = ORIENTED_EDGE('',*,*,#5081,.F.);
#5081 = EDGE_CURVE('',#5047,#5075,#5082,.T.);
#5082 = B_SPLINE_CURVE_WITH_KNOTS('',1,(#5083,#5084),.UNSPECIFIED.,.F.,
  .F.,(2,2),(-2.424368874889E-02,-0.),.PIECEWISE_BEZIER_KNOTS.);
#5083 = CARTESIAN_POINT('',(-0.5361155394,-1.005,0.470000227959));
#5084 = CARTESIAN_POINT('',(-0.560359228149,-1.005,0.470000227959));
#5085 = ORIENTED_EDGE('',*,*,#5046,.T.);
#5086 = B_SPLINE_SURFACE_WITH_KNOTS('',1,1,(
    (#5087,#5088)
    ,(#5089,#5090
    )),.UNSPECIFIED.,.F.,.F.,.F.,(2,2),(2,2),(-2.424368874889E-02,0.),(
    0.,1.E-02),.PIECEWISE_BEZIER_KNOTS.);
#5087 = CARTESIAN_POINT('',(-0.5361155394,-1.005,0.470000227959));
#5088 = CARTESIAN_POINT('',(-0.5361155394,-0.995,0.470000227959));
#5089 = CARTESIAN_POINT('',(-0.560359228149,-1.005,0.470000227959));
#5090 = CARTESIAN_POINT('',(-0.560359228149,-0.995,0.470000227959));
#5091 = ADVANCED_FACE('',(#5092),#5114,.F.);
#5092 = FACE_BOUND('',#5093,.T.);
#5093 = EDGE_LOOP('',(#5094,#5101,#5108,#5113));
#5094 = ORIENTED_EDGE('',*,*,#5095,.T.);
#5095 = EDGE_CURVE('',#5068,#5096,#5098,.T.);
#5096 = VERTEX_POINT('',#5097);
#5097 = CARTESIAN_POINT('',(-0.560359228149,-0.995,0.491696509813));
#5098 = B_SPLINE_CURVE_WITH_KNOTS('',1,(#5099,#5100),.UNSPECIFIED.,.F.,
  .F.,(2,2),(-2.169628185404E-02,0.),.PIECEWISE_BEZIER_KNOTS.);
#5099 = CARTESIAN_POINT('',(-0.560359228149,-0.995,0.470000227959));
#5100 = CARTESIAN_POINT('',(-0.560359228149,-0.995,0.491696509813));
#5101 = ORIENTED_EDGE('',*,*,#5102,.F.);
#5102 = EDGE_CURVE('',#5103,#5096,#5105,.T.);
#5103 = VERTEX_POINT('',#5104);
#5104 = CARTESIAN_POINT('',(-0.560359228149,-1.005,0.491696509813));
#5105 = B_SPLINE_CURVE_WITH_KNOTS('',1,(#5106,#5107),.UNSPECIFIED.,.F.,
  .F.,(2,2),(0.,1.E-02),.PIECEWISE_BEZIER_KNOTS.);
#5106 = CARTESIAN_POINT('',(-0.560359228149,-1.005,0.491696509813));
#5107 = CARTESIAN_POINT('',(-0.560359228149,-0.995,0.491696509813));
#5108 = ORIENTED_EDGE('',*,*,#5109,.F.);
#5109 = EDGE_CURVE('',#5075,#5103,#5110,.T.);
#5110 = B_SPLINE_CURVE_WITH_KNOTS('',1,(#5111,#5112),.UNSPECIFIED.,.F.,
  .F.,(2,2),(-2.169628185404E-02,0.),.PIECEWISE_BEZIER_KNOTS.);
#5111 = CARTESIAN_POINT('',(-0.560359228149,-1.005,0.470000227959));
#5112 = CARTESIAN_POINT('',(-0.560359228149,-1.005,0.491696509813));
#5113 = ORIENTED_EDGE('',*,*,#5074,.T.);
#5114 = B_SPLINE_SURFACE_WITH_KNOTS('',1,1,(
    (#5115,#5116)
    ,(#5117,#5118
    )),.UNSPECIFIED.,.F.,.F.,.F.,(2,2),(2,2),(-2.169628185404E-02,0.),(
    0.,1.E-02),.PIECEWISE_BEZIER_KNOTS.);
#5115 = CARTESIAN_POINT('',(-0.560359228149,-1.005,0.470000227959));
#5116 = CARTESIAN_POINT('',(-0.560359228149,-0.995,0.470000227959));
#5117 = CARTESIAN_POINT('',(-0.560359228149,-1.005,0.491696509813));
#5118 = CARTESIAN_POINT('',(-0.560359228149,-0.995,0.491696509813));
#5119 = ADVANCED_FACE('',(#5120),#5142,.F.);
#5120 = FACE_BOUND('',#5121,.T.);
#5121 = EDGE_LOOP('',(#5122,#5129,#5136,#5141));
#5122 = ORIENTED_EDGE('',*,*,#5123,.T.);
#5123 = EDGE_CURVE('',#5096,#5124,#5126,.T.);
#5124 = VERTEX_POINT('',#5125);
#5125 = CARTESIAN_POINT('',(-0.534191987255,-0.995,0.491696509813));
#5126 = B_SPLINE_CURVE_WITH_KNOTS('',1,(#5127,#5128),.UNSPECIFIED.,.F.,
  .F.,(2,2),(-2.616724089396E-02,0.),.PIECEWISE_BEZIER_KNOTS.);
#5127 = CARTESIAN_POINT('',(-0.560359228149,-0.995,0.491696509813));
#5128 = CARTESIAN_POINT('',(-0.534191987255,-0.995,0.491696509813));
#5129 = ORIENTED_EDGE('',*,*,#5130,.F.);
#5130 = EDGE_CURVE('',#5131,#5124,#5133,.T.);
#5131 = VERTEX_POINT('',#5132);
#5132 = CARTESIAN_POINT('',(-0.534191987255,-1.005,0.491696509813));
#5133 = B_SPLINE_CURVE_WITH_KNOTS('',1,(#5134,#5135),.UNSPECIFIED.,.F.,
  .F.,(2,2),(0.,1.E-02),.PIECEWISE_BEZIER_KNOTS.);
#5134 = CARTESIAN_POINT('',(-0.534191987255,-1.005,0.491696509813));
#5135 = CARTESIAN_POINT('',(-0.534191987255,-0.995,0.491696509813));
#5136 = ORIENTED_EDGE('',*,*,#5137,.F.);
#5137 = EDGE_CURVE('',#5103,#5131,#5138,.T.);
#5138 = B_SPLINE_CURVE_WITH_KNOTS('',1,(#5139,#5140),.UNSPECIFIED.,.F.,
  .F.,(2,2),(-2.616724089396E-02,0.),.PIECEWISE_BEZIER_KNOTS.);
#5139 = CARTESIAN_POINT('',(-0.560359228149,-1.005,0.491696509813));
#5140 = CARTESIAN_POINT('',(-0.534191987255,-1.005,0.491696509813));
#5141 = ORIENTED_EDGE('',*,*,#5102,.T.);
#5142 = B_SPLINE_SURFACE_WITH_KNOTS('',1,1,(
    (#5143,#5144)
    ,(#5145,#5146
    )),.UNSPECIFIED.,.F.,.F.,.F.,(2,2),(2,2),(-2.616724089396E-02,0.),(
    0.,1.E-02),.PIECEWISE_BEZIER_KNOTS.);
#5143 = CARTESIAN_POINT('',(-0.560359228149,-1.005,0.491696509813));
#5144 = CARTESIAN_POINT('',(-0.560359228149,-0.995,0.491696509813));
#5145 = CARTESIAN_POINT('',(-0.534191987255,-1.005,0.491696509813));
#5146 = CARTESIAN_POINT('',(-0.534191987255,-0.995,0.491696509813));
#5147 = ADVANCED_FACE('',(#5148),#5170,.F.);
#5148 = FACE_BOUND('',#5149,.T.);
#5149 = EDGE_LOOP('',(#5150,#5157,#5164,#5169));
#5150 = ORIENTED_EDGE('',*,*,#5151,.T.);
#5151 = EDGE_CURVE('',#5124,#5152,#5154,.T.);
#5152 = VERTEX_POINT('',#5153);
#5153 = CARTESIAN_POINT('',(-0.534191987255,-0.995,0.499494694185));
#5154 = B_SPLINE_CURVE_WITH_KNOTS('',1,(#5155,#5156),.UNSPECIFIED.,.F.,
  .F.,(2,2),(-7.79818437227E-03,0.),.PIECEWISE_BEZIER_KNOTS.);
#5155 = CARTESIAN_POINT('',(-0.534191987255,-0.995,0.491696509813));
#5156 = CARTESIAN_POINT('',(-0.534191987255,-0.995,0.499494694185));
#5157 = ORIENTED_EDGE('',*,*,#5158,.F.);
#5158 = EDGE_CURVE('',#5159,#5152,#5161,.T.);
#5159 = VERTEX_POINT('',#5160);
#5160 = CARTESIAN_POINT('',(-0.534191987255,-1.005,0.499494694185));
#5161 = B_SPLINE_CURVE_WITH_KNOTS('',1,(#5162,#5163),.UNSPECIFIED.,.F.,
  .F.,(2,2),(0.,1.E-02),.PIECEWISE_BEZIER_KNOTS.);
#5162 = CARTESIAN_POINT('',(-0.534191987255,-1.005,0.499494694185));
#5163 = CARTESIAN_POINT('',(-0.534191987255,-0.995,0.499494694185));
#5164 = ORIENTED_EDGE('',*,*,#5165,.F.);
#5165 = EDGE_CURVE('',#5131,#5159,#5166,.T.);
#5166 = B_SPLINE_CURVE_WITH_KNOTS('',1,(#5167,#5168),.UNSPECIFIED.,.F.,
  .F.,(2,2),(-7.79818437227E-03,0.),.PIECEWISE_BEZIER_KNOTS.);
#5167 = CARTESIAN_POINT('',(-0.534191987255,-1.005,0.491696509813));
#5168 = CARTESIAN_POINT('',(-0.534191987255,-1.005,0.499494694185));
#5169 = ORIENTED_EDGE('',*,*,#5130,.T.);
#5170 = B_SPLINE_SURFACE_WITH_KNOTS('',1,1,(
    (#5171,#5172)
    ,(#5173,#5174
    )),.UNSPECIFIED.,.F.,.F.,.F.,(2,2),(2,2),(-7.79818437227E-03,0.),(0.
    ,1.E-02),.PIECEWISE_BEZIER_KNOTS.);
#5171 = CARTESIAN_POINT('',(-0.534191987255,-1.005,0.491696509813));
#5172 = CARTESIAN_POINT('',(-0.534191987255,-0.995,0.491696509813));
#5173 = CARTESIAN_POINT('',(-0.534191987255,-1.005,0.499494694185));
#5174 = CARTESIAN_POINT('',(-0.534191987255,-0.995,0.499494694185));
#5175 = ADVANCED_FACE('',(#5176),#5198,.F.);
#5176 = FACE_BOUND('',#5177,.T.);
#5177 = EDGE_LOOP('',(#5178,#5185,#5192,#5197));
#5178 = ORIENTED_EDGE('',*,*,#5179,.T.);
#5179 = EDGE_CURVE('',#5152,#5180,#5182,.T.);
#5180 = VERTEX_POINT('',#5181);
#5181 = CARTESIAN_POINT('',(-0.569110523944,-0.995,0.499494694185));
#5182 = B_SPLINE_CURVE_WITH_KNOTS('',1,(#5183,#5184),.UNSPECIFIED.,.F.,
  .F.,(2,2),(-3.491853668959E-02,-0.),.PIECEWISE_BEZIER_KNOTS.);
#5183 = CARTESIAN_POINT('',(-0.534191987255,-0.995,0.499494694185));
#5184 = CARTESIAN_POINT('',(-0.569110523944,-0.995,0.499494694185));
#5185 = ORIENTED_EDGE('',*,*,#5186,.F.);
#5186 = EDGE_CURVE('',#5187,#5180,#5189,.T.);
#5187 = VERTEX_POINT('',#5188);
#5188 = CARTESIAN_POINT('',(-0.569110523944,-1.005,0.499494694185));
#5189 = B_SPLINE_CURVE_WITH_KNOTS('',1,(#5190,#5191),.UNSPECIFIED.,.F.,
  .F.,(2,2),(0.,1.E-02),.PIECEWISE_BEZIER_KNOTS.);
#5190 = CARTESIAN_POINT('',(-0.569110523944,-1.005,0.499494694185));
#5191 = CARTESIAN_POINT('',(-0.569110523944,-0.995,0.499494694185));
#5192 = ORIENTED_EDGE('',*,*,#5193,.F.);
#5193 = EDGE_CURVE('',#5159,#5187,#5194,.T.);
#5194 = B_SPLINE_CURVE_WITH_KNOTS('',1,(#5195,#5196),.UNSPECIFIED.,.F.,
  .F.,(2,2),(-3.491853668959E-02,-0.),.PIECEWISE_BEZIER_KNOTS.);
#5195 = CARTESIAN_POINT('',(-0.534191987255,-1.005,0.499494694185));
#5196 = CARTESIAN_POINT('',(-0.569110523944,-1.005,0.499494694185));
#5197 = ORIENTED_EDGE('',*,*,#5158,.T.);
#5198 = B_SPLINE_SURFACE_WITH_KNOTS('',1,1,(
    (#5199,#5200)
    ,(#5201,#5202
    )),.UNSPECIFIED.,.F.,.F.,.F.,(2,2),(2,2),(-3.491853668959E-02,0.),(
    0.,1.E-02),.PIECEWISE_BEZIER_KNOTS.);
#5199 = CARTESIAN_POINT('',(-0.534191987255,-1.005,0.499494694185));
#5200 = CARTESIAN_POINT('',(-0.534191987255,-0.995,0.499494694185));
#5201 = CARTESIAN_POINT('',(-0.569110523944,-1.005,0.499494694185));
#5202 = CARTESIAN_POINT('',(-0.569110523944,-0.995,0.499494694185));
#5203 = ADVANCED_FACE('',(#5204),#5226,.F.);
#5204 = FACE_BOUND('',#5205,.T.);
#5205 = EDGE_LOOP('',(#5206,#5213,#5220,#5225));
#5206 = ORIENTED_EDGE('',*,*,#5207,.T.);
#5207 = EDGE_CURVE('',#5180,#5208,#5210,.T.);
#5208 = VERTEX_POINT('',#5209);
#5209 = CARTESIAN_POINT('',(-0.569110523944,-0.995,0.431702478041));
#5210 = B_SPLINE_CURVE_WITH_KNOTS('',1,(#5211,#5212),.UNSPECIFIED.,.F.,
  .F.,(2,2),(-6.779221614378E-02,-0.),.PIECEWISE_BEZIER_KNOTS.);
#5211 = CARTESIAN_POINT('',(-0.569110523944,-0.995,0.499494694185));
#5212 = CARTESIAN_POINT('',(-0.569110523944,-0.995,0.431702478041));
#5213 = ORIENTED_EDGE('',*,*,#5214,.F.);
#5214 = EDGE_CURVE('',#5215,#5208,#5217,.T.);
#5215 = VERTEX_POINT('',#5216);
#5216 = CARTESIAN_POINT('',(-0.569110523944,-1.005,0.431702478041));
#5217 = B_SPLINE_CURVE_WITH_KNOTS('',1,(#5218,#5219),.UNSPECIFIED.,.F.,
  .F.,(2,2),(0.,1.E-02),.PIECEWISE_BEZIER_KNOTS.);
#5218 = CARTESIAN_POINT('',(-0.569110523944,-1.005,0.431702478041));
#5219 = CARTESIAN_POINT('',(-0.569110523944,-0.995,0.431702478041));
#5220 = ORIENTED_EDGE('',*,*,#5221,.F.);
#5221 = EDGE_CURVE('',#5187,#5215,#5222,.T.);
#5222 = B_SPLINE_CURVE_WITH_KNOTS('',1,(#5223,#5224),.UNSPECIFIED.,.F.,
  .F.,(2,2),(-6.779221614378E-02,-0.),.PIECEWISE_BEZIER_KNOTS.);
#5223 = CARTESIAN_POINT('',(-0.569110523944,-1.005,0.499494694185));
#5224 = CARTESIAN_POINT('',(-0.569110523944,-1.005,0.431702478041));
#5225 = ORIENTED_EDGE('',*,*,#5186,.T.);
#5226 = B_SPLINE_SURFACE_WITH_KNOTS('',1,1,(
    (#5227,#5228)
    ,(#5229,#5230
    )),.UNSPECIFIED.,.F.,.F.,.F.,(2,2),(2,2),(-6.779221614378E-02,0.),(
    0.,1.E-02),.PIECEWISE_BEZIER_KNOTS.);
#5227 = CARTESIAN_POINT('',(-0.569110523944,-1.005,0.499494694185));
#5228 = CARTESIAN_POINT('',(-0.569110523944,-0.995,0.499494694185));
#5229 = CARTESIAN_POINT('',(-0.569110523944,-1.005,0.431702478041));
#5230 = CARTESIAN_POINT('',(-0.569110523944,-0.995,0.431702478041));
#5231 = ADVANCED_FACE('',(#5232),#5246,.F.);
#5232 = FACE_BOUND('',#5233,.T.);
#5233 = EDGE_LOOP('',(#5234,#5239,#5240,#5245));
#5234 = ORIENTED_EDGE('',*,*,#5235,.T.);
#5235 = EDGE_CURVE('',#5208,#4920,#5236,.T.);
#5236 = B_SPLINE_CURVE_WITH_KNOTS('',1,(#5237,#5238),.UNSPECIFIED.,.F.,
  .F.,(2,2),(-3.646084426555E-02,0.),.PIECEWISE_BEZIER_KNOTS.);
#5237 = CARTESIAN_POINT('',(-0.569110523944,-0.995,0.431702478041));
#5238 = CARTESIAN_POINT('',(-0.532649679679,-0.995,0.431702478041));
#5239 = ORIENTED_EDGE('',*,*,#4942,.F.);
#5240 = ORIENTED_EDGE('',*,*,#5241,.F.);
#5241 = EDGE_CURVE('',#5215,#4936,#5242,.T.);
#5242 = B_SPLINE_CURVE_WITH_KNOTS('',1,(#5243,#5244),.UNSPECIFIED.,.F.,
  .F.,(2,2),(-3.646084426555E-02,0.),.PIECEWISE_BEZIER_KNOTS.);
#5243 = CARTESIAN_POINT('',(-0.569110523944,-1.005,0.431702478041));
#5244 = CARTESIAN_POINT('',(-0.532649679679,-1.005,0.431702478041));
#5245 = ORIENTED_EDGE('',*,*,#5214,.T.);
#5246 = B_SPLINE_SURFACE_WITH_KNOTS('',1,1,(
    (#5247,#5248)
    ,(#5249,#5250
    )),.UNSPECIFIED.,.F.,.F.,.F.,(2,2),(2,2),(-3.646084426555E-02,0.),(
    0.,1.E-02),.PIECEWISE_BEZIER_KNOTS.);
#5247 = CARTESIAN_POINT('',(-0.569110523944,-1.005,0.431702478041));
#5248 = CARTESIAN_POINT('',(-0.569110523944,-0.995,0.431702478041));
#5249 = CARTESIAN_POINT('',(-0.532649679679,-1.005,0.431702478041));
#5250 = CARTESIAN_POINT('',(-0.532649679679,-0.995,0.431702478041));
#5251 = ADVANCED_FACE('',(#5252),#5266,.F.);
#5252 = FACE_BOUND('',#5253,.T.);
#5253 = EDGE_LOOP('',(#5254,#5255,#5256,#5257,#5258,#5259,#5260,#5261,
    #5262,#5263,#5264,#5265));
#5254 = ORIENTED_EDGE('',*,*,#4935,.T.);
#5255 = ORIENTED_EDGE('',*,*,#4969,.T.);
#5256 = ORIENTED_EDGE('',*,*,#4997,.T.);
#5257 = ORIENTED_EDGE('',*,*,#5025,.T.);
#5258 = ORIENTED_EDGE('',*,*,#5053,.T.);
#5259 = ORIENTED_EDGE('',*,*,#5081,.T.);
#5260 = ORIENTED_EDGE('',*,*,#5109,.T.);
#5261 = ORIENTED_EDGE('',*,*,#5137,.T.);
#5262 = ORIENTED_EDGE('',*,*,#5165,.T.);
#5263 = ORIENTED_EDGE('',*,*,#5193,.T.);
#5264 = ORIENTED_EDGE('',*,*,#5221,.T.);
#5265 = ORIENTED_EDGE('',*,*,#5241,.T.);
#5266 = B_SPLINE_SURFACE_WITH_KNOTS('',1,1,(
    (#5267,#5268)
    ,(#5269,#5270
    )),.UNSPECIFIED.,.F.,.F.,.F.,(2,2),(2,2),(0.421702378041,
    0.489494594185),(-0.569110523944,-0.532649679679),
  .PIECEWISE_BEZIER_KNOTS.);
#5267 = CARTESIAN_POINT('',(-0.569110523944,-1.005,0.431702478041));
#5268 = CARTESIAN_POINT('',(-0.532649679679,-1.005,0.431702478041));
#5269 = CARTESIAN_POINT('',(-0.569110523944,-1.005,0.499494694185));
#5270 = CARTESIAN_POINT('',(-0.532649679679,-1.005,0.499494694185));
#5271 = ADVANCED_FACE('',(#5272),#5286,.T.);
#5272 = FACE_BOUND('',#5273,.T.);
#5273 = EDGE_LOOP('',(#5274,#5275,#5276,#5277,#5278,#5279,#5280,#5281,
    #5282,#5283,#5284,#5285));
#5274 = ORIENTED_EDGE('',*,*,#4919,.F.);
#5275 = ORIENTED_EDGE('',*,*,#5235,.F.);
#5276 = ORIENTED_EDGE('',*,*,#5207,.F.);
#5277 = ORIENTED_EDGE('',*,*,#5179,.F.);
#5278 = ORIENTED_EDGE('',*,*,#5151,.F.);
#5279 = ORIENTED_EDGE('',*,*,#5123,.F.);
#5280 = ORIENTED_EDGE('',*,*,#5095,.F.);
#5281 = ORIENTED_EDGE('',*,*,#5067,.F.);
#5282 = ORIENTED_EDGE('',*,*,#5039,.F.);
#5283 = ORIENTED_EDGE('',*,*,#5011,.F.);
#5284 = ORIENTED_EDGE('',*,*,#4983,.F.);
#5285 = ORIENTED_EDGE('',*,*,#4955,.F.);
#5286 = B_SPLINE_SURFACE_WITH_KNOTS('',1,1,(
    (#5287,#5288)
    ,(#5289,#5290
    )),.UNSPECIFIED.,.F.,.F.,.F.,(2,2),(2,2),(0.421702378041,
    0.489494594185),(-0.569110523944,-0.532649679679),
  .PIECEWISE_BEZIER_KNOTS.);
#5287 = CARTESIAN_POINT('',(-0.569110523944,-0.995,0.431702478041));
#5288 = CARTESIAN_POINT('',(-0.532649679679,-0.995,0.431702478041));
#5289 = CARTESIAN_POINT('',(-0.569110523944,-0.995,0.499494694185));
#5290 = CARTESIAN_POINT('',(-0.532649679679,-0.995,0.499494694185));
#5291 = MANIFOLD_SOLID_BREP('',#5292);
#5292 = CLOSED_SHELL('',(#5293,#5485,#5677,#5701,#5717,#5737,#5757,#5773
    ,#5793,#5813,#5833,#5853,#5869,#5885,#5901,#5917,#5933,#5957,#5977,
    #5997,#6017,#6037,#6057,#6073));
#5293 = ADVANCED_FACE('',(#5294,#5410),#5480,.T.);
#5294 = FACE_BOUND('',#5295,.T.);
#5295 = EDGE_LOOP('',(#5296,#5307,#5314,#5323,#5332,#5339,#5348,#5357,
    #5366,#5375,#5382,#5389,#5396,#5403));
#5296 = ORIENTED_EDGE('',*,*,#5297,.T.);
#5297 = EDGE_CURVE('',#5298,#5300,#5302,.T.);
#5298 = VERTEX_POINT('',#5299);
#5299 = CARTESIAN_POINT('',(-0.503120554855,-1.005,0.481229613455));
#5300 = VERTEX_POINT('',#5301);
#5301 = CARTESIAN_POINT('',(-0.519791340114,-1.005,0.476723995818));
#5302 = B_SPLINE_CURVE_WITH_KNOTS('',3,(#5303,#5304,#5305,#5306),
  .UNSPECIFIED.,.F.,.F.,(4,4),(0.,1.),.PIECEWISE_BEZIER_KNOTS.);
#5303 = CARTESIAN_POINT('',(-0.503120554855,-1.005,0.481229613455));
#5304 = CARTESIAN_POINT('',(-0.509428419547,-1.005,0.481229613455));
#5305 = CARTESIAN_POINT('',(-0.5149911244,-1.005,0.479739293775));
#5306 = CARTESIAN_POINT('',(-0.519791340114,-1.005,0.476723995818));
#5307 = ORIENTED_EDGE('',*,*,#5308,.T.);
#5308 = EDGE_CURVE('',#5300,#5309,#5311,.T.);
#5309 = VERTEX_POINT('',#5310);
#5310 = CARTESIAN_POINT('',(-0.519791340114,-1.005,0.468475249681));
#5311 = B_SPLINE_CURVE_WITH_KNOTS('',1,(#5312,#5313),.UNSPECIFIED.,.F.,
  .F.,(2,2),(-8.248746136419E-03,-0.),.PIECEWISE_BEZIER_KNOTS.);
#5312 = CARTESIAN_POINT('',(-0.519791340114,-1.005,0.476723995818));
#5313 = CARTESIAN_POINT('',(-0.519791340114,-1.005,0.468475249681));
#5314 = ORIENTED_EDGE('',*,*,#5315,.T.);
#5315 = EDGE_CURVE('',#5309,#5316,#5318,.T.);
#5316 = VERTEX_POINT('',#5317);
#5317 = CARTESIAN_POINT('',(-0.503917702591,-1.005,0.47433255261));
#5318 = B_SPLINE_CURVE_WITH_KNOTS('',3,(#5319,#5320,#5321,#5322),
  .UNSPECIFIED.,.F.,.F.,(4,4),(12.,13.),.PIECEWISE_BEZIER_KNOTS.);
#5319 = CARTESIAN_POINT('',(-0.519791340114,-1.005,0.468475249681));
#5320 = CARTESIAN_POINT('',(-0.515008453698,-1.005,0.472357012569));
#5321 = CARTESIAN_POINT('',(-0.509723017624,-1.005,0.47433255261));
#5322 = CARTESIAN_POINT('',(-0.503917702591,-1.005,0.47433255261));
#5323 = ORIENTED_EDGE('',*,*,#5324,.T.);
#5324 = EDGE_CURVE('',#5316,#5325,#5327,.T.);
#5325 = VERTEX_POINT('',#5326);
#5326 = CARTESIAN_POINT('',(-0.494109319581,-1.005,0.462479312364));
#5327 = B_SPLINE_CURVE_WITH_KNOTS('',3,(#5328,#5329,#5330,#5331),
  .UNSPECIFIED.,.F.,.F.,(4,4),(11.,12.),.PIECEWISE_BEZIER_KNOTS.);
#5328 = CARTESIAN_POINT('',(-0.503917702591,-1.005,0.47433255261));
#5329 = CARTESIAN_POINT('',(-0.497384557017,-1.005,0.47433255261));
#5330 = CARTESIAN_POINT('',(-0.494109319581,-1.005,0.470381472528));
#5331 = CARTESIAN_POINT('',(-0.494109319581,-1.005,0.462479312364));
#5332 = ORIENTED_EDGE('',*,*,#5333,.T.);
#5333 = EDGE_CURVE('',#5325,#5334,#5336,.T.);
#5334 = VERTEX_POINT('',#5335);
#5335 = CARTESIAN_POINT('',(-0.508457978826,-1.005,0.460469113726));
#5336 = B_SPLINE_CURVE_WITH_KNOTS('',1,(#5337,#5338),.UNSPECIFIED.,.F.,
  .F.,(2,2),(-1.448878603268E-02,-0.),.PIECEWISE_BEZIER_KNOTS.);
#5337 = CARTESIAN_POINT('',(-0.494109319581,-1.005,0.462479312364));
#5338 = CARTESIAN_POINT('',(-0.508457978826,-1.005,0.460469113726));
#5339 = ORIENTED_EDGE('',*,*,#5340,.T.);
#5340 = EDGE_CURVE('',#5334,#5341,#5343,.T.);
#5341 = VERTEX_POINT('',#5342);
#5342 = CARTESIAN_POINT('',(-0.524522238633,-1.005,0.444664793398));
#5343 = B_SPLINE_CURVE_WITH_KNOTS('',3,(#5344,#5345,#5346,#5347),
  .UNSPECIFIED.,.F.,.F.,(4,4),(9.,10.),.PIECEWISE_BEZIER_KNOTS.);
#5344 = CARTESIAN_POINT('',(-0.508457978826,-1.005,0.460469113726));
#5345 = CARTESIAN_POINT('',(-0.519167485364,-1.005,0.458978794046));
#5346 = CARTESIAN_POINT('',(-0.524522238633,-1.005,0.45371068727));
#5347 = CARTESIAN_POINT('',(-0.524522238633,-1.005,0.444664793398));
#5348 = ORIENTED_EDGE('',*,*,#5349,.T.);
#5349 = EDGE_CURVE('',#5341,#5350,#5352,.T.);
#5350 = VERTEX_POINT('',#5351);
#5351 = CARTESIAN_POINT('',(-0.520363206967,-1.005,0.434371190026));
#5352 = B_SPLINE_CURVE_WITH_KNOTS('',3,(#5353,#5354,#5355,#5356),
  .UNSPECIFIED.,.F.,.F.,(4,4),(8.,9.),.PIECEWISE_BEZIER_KNOTS.);
#5353 = CARTESIAN_POINT('',(-0.524522238633,-1.005,0.444664793398));
#5354 = CARTESIAN_POINT('',(-0.524522238633,-1.005,0.440332468747));
#5355 = CARTESIAN_POINT('',(-0.523135894744,-1.005,0.436901267622));
#5356 = CARTESIAN_POINT('',(-0.520363206967,-1.005,0.434371190026));
#5357 = ORIENTED_EDGE('',*,*,#5358,.T.);
#5358 = EDGE_CURVE('',#5350,#5359,#5361,.T.);
#5359 = VERTEX_POINT('',#5360);
#5360 = CARTESIAN_POINT('',(-0.509168480068,-1.005,0.430558744333));
#5361 = B_SPLINE_CURVE_WITH_KNOTS('',3,(#5362,#5363,#5364,#5365),
  .UNSPECIFIED.,.F.,.F.,(4,4),(7.,8.),.PIECEWISE_BEZIER_KNOTS.);
#5362 = CARTESIAN_POINT('',(-0.520363206967,-1.005,0.434371190026));
#5363 = CARTESIAN_POINT('',(-0.517590519191,-1.005,0.43184111243));
#5364 = CARTESIAN_POINT('',(-0.51386471999,-1.005,0.430558744333));
#5365 = CARTESIAN_POINT('',(-0.509168480068,-1.005,0.430558744333));
#5366 = ORIENTED_EDGE('',*,*,#5367,.T.);
#5367 = EDGE_CURVE('',#5359,#5368,#5370,.T.);
#5368 = VERTEX_POINT('',#5369);
#5369 = CARTESIAN_POINT('',(-0.494334600462,-1.005,0.439188735039));
#5370 = B_SPLINE_CURVE_WITH_KNOTS('',3,(#5371,#5372,#5373,#5374),
  .UNSPECIFIED.,.F.,.F.,(4,4),(6.,7.),.PIECEWISE_BEZIER_KNOTS.);
#5371 = CARTESIAN_POINT('',(-0.509168480068,-1.005,0.430558744333));
#5372 = CARTESIAN_POINT('',(-0.502635334494,-1.005,0.430558744333));
#5373 = CARTESIAN_POINT('',(-0.497679155093,-1.005,0.433435407902));
#5374 = CARTESIAN_POINT('',(-0.494334600462,-1.005,0.439188735039));
#5375 = ORIENTED_EDGE('',*,*,#5376,.T.);
#5376 = EDGE_CURVE('',#5368,#5377,#5379,.T.);
#5377 = VERTEX_POINT('',#5378);
#5378 = CARTESIAN_POINT('',(-0.494109319581,-1.005,0.439188735039));
#5379 = B_SPLINE_CURVE_WITH_KNOTS('',1,(#5380,#5381),.UNSPECIFIED.,.F.,
  .F.,(2,2),(-2.252808818425E-04,0.),.PIECEWISE_BEZIER_KNOTS.);
#5380 = CARTESIAN_POINT('',(-0.494334600462,-1.005,0.439188735039));
#5381 = CARTESIAN_POINT('',(-0.494109319581,-1.005,0.439188735039));
#5382 = ORIENTED_EDGE('',*,*,#5383,.T.);
#5383 = EDGE_CURVE('',#5377,#5384,#5386,.T.);
#5384 = VERTEX_POINT('',#5385);
#5385 = CARTESIAN_POINT('',(-0.494109319581,-1.005,0.431702478041));
#5386 = B_SPLINE_CURVE_WITH_KNOTS('',1,(#5387,#5388),.UNSPECIFIED.,.F.,
  .F.,(2,2),(-7.486256997268E-03,-0.),.PIECEWISE_BEZIER_KNOTS.);
#5387 = CARTESIAN_POINT('',(-0.494109319581,-1.005,0.439188735039));
#5388 = CARTESIAN_POINT('',(-0.494109319581,-1.005,0.431702478041));
#5389 = ORIENTED_EDGE('',*,*,#5390,.T.);
#5390 = EDGE_CURVE('',#5384,#5391,#5393,.T.);
#5391 = VERTEX_POINT('',#5392);
#5392 = CARTESIAN_POINT('',(-0.485617963264,-1.005,0.431702478041));
#5393 = B_SPLINE_CURVE_WITH_KNOTS('',1,(#5394,#5395),.UNSPECIFIED.,.F.,
  .F.,(2,2),(-8.491356316616E-03,0.),.PIECEWISE_BEZIER_KNOTS.);
#5394 = CARTESIAN_POINT('',(-0.494109319581,-1.005,0.431702478041));
#5395 = CARTESIAN_POINT('',(-0.485617963264,-1.005,0.431702478041));
#5396 = ORIENTED_EDGE('',*,*,#5397,.T.);
#5397 = EDGE_CURVE('',#5391,#5398,#5400,.T.);
#5398 = VERTEX_POINT('',#5399);
#5399 = CARTESIAN_POINT('',(-0.485617963264,-1.005,0.462860556933));
#5400 = B_SPLINE_CURVE_WITH_KNOTS('',1,(#5401,#5402),.UNSPECIFIED.,.F.,
  .F.,(2,2),(-3.115807889191E-02,0.),.PIECEWISE_BEZIER_KNOTS.);
#5401 = CARTESIAN_POINT('',(-0.485617963264,-1.005,0.431702478041));
#5402 = CARTESIAN_POINT('',(-0.485617963264,-1.005,0.462860556933));
#5403 = ORIENTED_EDGE('',*,*,#5404,.T.);
#5404 = EDGE_CURVE('',#5398,#5298,#5405,.T.);
#5405 = B_SPLINE_CURVE_WITH_KNOTS('',3,(#5406,#5407,#5408,#5409),
  .UNSPECIFIED.,.F.,.F.,(4,4),(1.,2.),.PIECEWISE_BEZIER_KNOTS.);
#5406 = CARTESIAN_POINT('',(-0.485617963264,-1.005,0.462860556933));
#5407 = CARTESIAN_POINT('',(-0.485617963264,-1.005,0.475129700346));
#5408 = CARTESIAN_POINT('',(-0.491457936894,-1.005,0.481229613455));
#5409 = CARTESIAN_POINT('',(-0.503120554855,-1.005,0.481229613455));
#5410 = FACE_BOUND('',#5411,.T.);
#5411 = EDGE_LOOP('',(#5412,#5423,#5432,#5439,#5446,#5455,#5464,#5473));
#5412 = ORIENTED_EDGE('',*,*,#5413,.F.);
#5413 = EDGE_CURVE('',#5414,#5416,#5418,.T.);
#5414 = VERTEX_POINT('',#5415);
#5415 = CARTESIAN_POINT('',(-0.513656768407,-1.005,0.451492537048));
#5416 = VERTEX_POINT('',#5417);
#5417 = CARTESIAN_POINT('',(-0.515909577226,-1.005,0.445357965342));
#5418 = B_SPLINE_CURVE_WITH_KNOTS('',3,(#5419,#5420,#5421,#5422),
  .UNSPECIFIED.,.F.,.F.,(4,4),(1.,2.),.PIECEWISE_BEZIER_KNOTS.);
#5419 = CARTESIAN_POINT('',(-0.513656768407,-1.005,0.451492537048));
#5420 = CARTESIAN_POINT('',(-0.515147088087,-1.005,0.450036875966));
#5421 = CARTESIAN_POINT('',(-0.515909577226,-1.005,0.44799201873));
#5422 = CARTESIAN_POINT('',(-0.515909577226,-1.005,0.445357965342));
#5423 = ORIENTED_EDGE('',*,*,#5424,.F.);
#5424 = EDGE_CURVE('',#5425,#5414,#5427,.T.);
#5425 = VERTEX_POINT('',#5426);
#5426 = CARTESIAN_POINT('',(-0.505442680868,-1.005,0.454473176409));
#5427 = B_SPLINE_CURVE_WITH_KNOTS('',3,(#5428,#5429,#5430,#5431),
  .UNSPECIFIED.,.F.,.F.,(4,4),(0.,1.),.PIECEWISE_BEZIER_KNOTS.);
#5428 = CARTESIAN_POINT('',(-0.505442680868,-1.005,0.454473176409));
#5429 = CARTESIAN_POINT('',(-0.509411090249,-1.005,0.453918638853));
#5430 = CARTESIAN_POINT('',(-0.512149119429,-1.005,0.452948198131));
#5431 = CARTESIAN_POINT('',(-0.513656768407,-1.005,0.451492537048));
#5432 = ORIENTED_EDGE('',*,*,#5433,.F.);
#5433 = EDGE_CURVE('',#5434,#5425,#5436,.T.);
#5434 = VERTEX_POINT('',#5435);
#5435 = CARTESIAN_POINT('',(-0.494109319581,-1.005,0.455998154686));
#5436 = B_SPLINE_CURVE_WITH_KNOTS('',1,(#5437,#5438),.UNSPECIFIED.,.F.,
  .F.,(2,2),(0.,1.143549897591E-02),.PIECEWISE_BEZIER_KNOTS.);
#5437 = CARTESIAN_POINT('',(-0.494109319581,-1.005,0.455998154686));
#5438 = CARTESIAN_POINT('',(-0.505442680868,-1.005,0.454473176409));
#5439 = ORIENTED_EDGE('',*,*,#5440,.F.);
#5440 = EDGE_CURVE('',#5441,#5434,#5443,.T.);
#5441 = VERTEX_POINT('',#5442);
#5442 = CARTESIAN_POINT('',(-0.494109319581,-1.005,0.451353902659));
#5443 = B_SPLINE_CURVE_WITH_KNOTS('',1,(#5444,#5445),.UNSPECIFIED.,.F.,
  .F.,(2,2),(0.,4.644252026466E-03),.PIECEWISE_BEZIER_KNOTS.);
#5444 = CARTESIAN_POINT('',(-0.494109319581,-1.005,0.451353902659));
#5445 = CARTESIAN_POINT('',(-0.494109319581,-1.005,0.455998154686));
#5446 = ORIENTED_EDGE('',*,*,#5447,.F.);
#5447 = EDGE_CURVE('',#5448,#5441,#5450,.T.);
#5448 = VERTEX_POINT('',#5449);
#5449 = CARTESIAN_POINT('',(-0.497748472288,-1.005,0.441476202455));
#5450 = B_SPLINE_CURVE_WITH_KNOTS('',3,(#5451,#5452,#5453,#5454),
  .UNSPECIFIED.,.F.,.F.,(4,4),(5.,6.),.PIECEWISE_BEZIER_KNOTS.);
#5451 = CARTESIAN_POINT('',(-0.497748472288,-1.005,0.441476202455));
#5452 = CARTESIAN_POINT('',(-0.495322370483,-1.005,0.444075597245));
#5453 = CARTESIAN_POINT('',(-0.494109319581,-1.005,0.44736816398));
#5454 = CARTESIAN_POINT('',(-0.494109319581,-1.005,0.451353902659));
#5455 = ORIENTED_EDGE('',*,*,#5456,.F.);
#5456 = EDGE_CURVE('',#5457,#5448,#5459,.T.);
#5457 = VERTEX_POINT('',#5458);
#5458 = CARTESIAN_POINT('',(-0.506967659146,-1.005,0.437525122372));
#5459 = B_SPLINE_CURVE_WITH_KNOTS('',3,(#5460,#5461,#5462,#5463),
  .UNSPECIFIED.,.F.,.F.,(4,4),(4.,5.),.PIECEWISE_BEZIER_KNOTS.);
#5460 = CARTESIAN_POINT('',(-0.506967659146,-1.005,0.437525122372));
#5461 = CARTESIAN_POINT('',(-0.503241859946,-1.005,0.437525122372));
#5462 = CARTESIAN_POINT('',(-0.500157244794,-1.005,0.438842149066));
#5463 = CARTESIAN_POINT('',(-0.497748472288,-1.005,0.441476202455));
#5464 = ORIENTED_EDGE('',*,*,#5465,.F.);
#5465 = EDGE_CURVE('',#5466,#5457,#5468,.T.);
#5466 = VERTEX_POINT('',#5467);
#5467 = CARTESIAN_POINT('',(-0.513448816824,-1.005,0.439708613997));
#5468 = B_SPLINE_CURVE_WITH_KNOTS('',3,(#5469,#5470,#5471,#5472),
  .UNSPECIFIED.,.F.,.F.,(4,4),(3.,4.),.PIECEWISE_BEZIER_KNOTS.);
#5469 = CARTESIAN_POINT('',(-0.513448816824,-1.005,0.439708613997));
#5470 = CARTESIAN_POINT('',(-0.511819862755,-1.005,0.438252952914));
#5471 = CARTESIAN_POINT('',(-0.50965370043,-1.005,0.437525122372));
#5472 = CARTESIAN_POINT('',(-0.506967659146,-1.005,0.437525122372));
#5473 = ORIENTED_EDGE('',*,*,#5474,.F.);
#5474 = EDGE_CURVE('',#5416,#5466,#5475,.T.);
#5475 = B_SPLINE_CURVE_WITH_KNOTS('',3,(#5476,#5477,#5478,#5479),
  .UNSPECIFIED.,.F.,.F.,(4,4),(2.,3.),.PIECEWISE_BEZIER_KNOTS.);
#5476 = CARTESIAN_POINT('',(-0.515909577226,-1.005,0.445357965342));
#5477 = CARTESIAN_POINT('',(-0.515909577226,-1.005,0.443035839329));
#5478 = CARTESIAN_POINT('',(-0.515095100191,-1.005,0.44116427508));
#5479 = CARTESIAN_POINT('',(-0.513448816824,-1.005,0.439708613997));
#5480 = B_SPLINE_SURFACE_WITH_KNOTS('',1,1,(
    (#5481,#5482)
    ,(#5483,#5484
    )),.UNSPECIFIED.,.F.,.F.,.F.,(2,2),(2,2),(-1.122072084742E-03,
    4.954879703712E-02),(-1.250092278144E-02,2.640335258745E-02),
  .PIECEWISE_BEZIER_KNOTS.);
#5481 = CARTESIAN_POINT('',(-0.524522238633,-1.005,0.481229613455));
#5482 = CARTESIAN_POINT('',(-0.485617963264,-1.005,0.481229613455));
#5483 = CARTESIAN_POINT('',(-0.524522238633,-1.005,0.430558744333));
#5484 = CARTESIAN_POINT('',(-0.485617963264,-1.005,0.430558744333));
#5485 = ADVANCED_FACE('',(#5486,#5602),#5672,.F.);
#5486 = FACE_BOUND('',#5487,.T.);
#5487 = EDGE_LOOP('',(#5488,#5499,#5508,#5515,#5522,#5529,#5536,#5545,
    #5554,#5563,#5572,#5579,#5588,#5597));
#5488 = ORIENTED_EDGE('',*,*,#5489,.F.);
#5489 = EDGE_CURVE('',#5490,#5492,#5494,.T.);
#5490 = VERTEX_POINT('',#5491);
#5491 = CARTESIAN_POINT('',(-0.503120554855,-0.995,0.481229613455));
#5492 = VERTEX_POINT('',#5493);
#5493 = CARTESIAN_POINT('',(-0.519791340114,-0.995,0.476723995818));
#5494 = B_SPLINE_CURVE_WITH_KNOTS('',3,(#5495,#5496,#5497,#5498),
  .UNSPECIFIED.,.F.,.F.,(4,4),(0.,1.),.PIECEWISE_BEZIER_KNOTS.);
#5495 = CARTESIAN_POINT('',(-0.503120554855,-0.995,0.481229613455));
#5496 = CARTESIAN_POINT('',(-0.509428419547,-0.995,0.481229613455));
#5497 = CARTESIAN_POINT('',(-0.5149911244,-0.995,0.479739293775));
#5498 = CARTESIAN_POINT('',(-0.519791340114,-0.995,0.476723995818));
#5499 = ORIENTED_EDGE('',*,*,#5500,.F.);
#5500 = EDGE_CURVE('',#5501,#5490,#5503,.T.);
#5501 = VERTEX_POINT('',#5502);
#5502 = CARTESIAN_POINT('',(-0.485617963264,-0.995,0.462860556933));
#5503 = B_SPLINE_CURVE_WITH_KNOTS('',3,(#5504,#5505,#5506,#5507),
  .UNSPECIFIED.,.F.,.F.,(4,4),(1.,2.),.PIECEWISE_BEZIER_KNOTS.);
#5504 = CARTESIAN_POINT('',(-0.485617963264,-0.995,0.462860556933));
#5505 = CARTESIAN_POINT('',(-0.485617963264,-0.995,0.475129700346));
#5506 = CARTESIAN_POINT('',(-0.491457936894,-0.995,0.481229613455));
#5507 = CARTESIAN_POINT('',(-0.503120554855,-0.995,0.481229613455));
#5508 = ORIENTED_EDGE('',*,*,#5509,.F.);
#5509 = EDGE_CURVE('',#5510,#5501,#5512,.T.);
#5510 = VERTEX_POINT('',#5511);
#5511 = CARTESIAN_POINT('',(-0.485617963264,-0.995,0.431702478041));
#5512 = B_SPLINE_CURVE_WITH_KNOTS('',1,(#5513,#5514),.UNSPECIFIED.,.F.,
  .F.,(2,2),(-3.115807889191E-02,0.),.PIECEWISE_BEZIER_KNOTS.);
#5513 = CARTESIAN_POINT('',(-0.485617963264,-0.995,0.431702478041));
#5514 = CARTESIAN_POINT('',(-0.485617963264,-0.995,0.462860556933));
#5515 = ORIENTED_EDGE('',*,*,#5516,.F.);
#5516 = EDGE_CURVE('',#5517,#5510,#5519,.T.);
#5517 = VERTEX_POINT('',#5518);
#5518 = CARTESIAN_POINT('',(-0.494109319581,-0.995,0.431702478041));
#5519 = B_SPLINE_CURVE_WITH_KNOTS('',1,(#5520,#5521),.UNSPECIFIED.,.F.,
  .F.,(2,2),(-8.491356316616E-03,0.),.PIECEWISE_BEZIER_KNOTS.);
#5520 = CARTESIAN_POINT('',(-0.494109319581,-0.995,0.431702478041));
#5521 = CARTESIAN_POINT('',(-0.485617963264,-0.995,0.431702478041));
#5522 = ORIENTED_EDGE('',*,*,#5523,.F.);
#5523 = EDGE_CURVE('',#5524,#5517,#5526,.T.);
#5524 = VERTEX_POINT('',#5525);
#5525 = CARTESIAN_POINT('',(-0.494109319581,-0.995,0.439188735039));
#5526 = B_SPLINE_CURVE_WITH_KNOTS('',1,(#5527,#5528),.UNSPECIFIED.,.F.,
  .F.,(2,2),(-7.486256997268E-03,-0.),.PIECEWISE_BEZIER_KNOTS.);
#5527 = CARTESIAN_POINT('',(-0.494109319581,-0.995,0.439188735039));
#5528 = CARTESIAN_POINT('',(-0.494109319581,-0.995,0.431702478041));
#5529 = ORIENTED_EDGE('',*,*,#5530,.F.);
#5530 = EDGE_CURVE('',#5531,#5524,#5533,.T.);
#5531 = VERTEX_POINT('',#5532);
#5532 = CARTESIAN_POINT('',(-0.494334600462,-0.995,0.439188735039));
#5533 = B_SPLINE_CURVE_WITH_KNOTS('',1,(#5534,#5535),.UNSPECIFIED.,.F.,
  .F.,(2,2),(-2.252808818425E-04,0.),.PIECEWISE_BEZIER_KNOTS.);
#5534 = CARTESIAN_POINT('',(-0.494334600462,-0.995,0.439188735039));
#5535 = CARTESIAN_POINT('',(-0.494109319581,-0.995,0.439188735039));
#5536 = ORIENTED_EDGE('',*,*,#5537,.F.);
#5537 = EDGE_CURVE('',#5538,#5531,#5540,.T.);
#5538 = VERTEX_POINT('',#5539);
#5539 = CARTESIAN_POINT('',(-0.509168480068,-0.995,0.430558744333));
#5540 = B_SPLINE_CURVE_WITH_KNOTS('',3,(#5541,#5542,#5543,#5544),
  .UNSPECIFIED.,.F.,.F.,(4,4),(6.,7.),.PIECEWISE_BEZIER_KNOTS.);
#5541 = CARTESIAN_POINT('',(-0.509168480068,-0.995,0.430558744333));
#5542 = CARTESIAN_POINT('',(-0.502635334494,-0.995,0.430558744333));
#5543 = CARTESIAN_POINT('',(-0.497679155093,-0.995,0.433435407902));
#5544 = CARTESIAN_POINT('',(-0.494334600462,-0.995,0.439188735039));
#5545 = ORIENTED_EDGE('',*,*,#5546,.F.);
#5546 = EDGE_CURVE('',#5547,#5538,#5549,.T.);
#5547 = VERTEX_POINT('',#5548);
#5548 = CARTESIAN_POINT('',(-0.520363206967,-0.995,0.434371190026));
#5549 = B_SPLINE_CURVE_WITH_KNOTS('',3,(#5550,#5551,#5552,#5553),
  .UNSPECIFIED.,.F.,.F.,(4,4),(7.,8.),.PIECEWISE_BEZIER_KNOTS.);
#5550 = CARTESIAN_POINT('',(-0.520363206967,-0.995,0.434371190026));
#5551 = CARTESIAN_POINT('',(-0.517590519191,-0.995,0.43184111243));
#5552 = CARTESIAN_POINT('',(-0.51386471999,-0.995,0.430558744333));
#5553 = CARTESIAN_POINT('',(-0.509168480068,-0.995,0.430558744333));
#5554 = ORIENTED_EDGE('',*,*,#5555,.F.);
#5555 = EDGE_CURVE('',#5556,#5547,#5558,.T.);
#5556 = VERTEX_POINT('',#5557);
#5557 = CARTESIAN_POINT('',(-0.524522238633,-0.995,0.444664793398));
#5558 = B_SPLINE_CURVE_WITH_KNOTS('',3,(#5559,#5560,#5561,#5562),
  .UNSPECIFIED.,.F.,.F.,(4,4),(8.,9.),.PIECEWISE_BEZIER_KNOTS.);
#5559 = CARTESIAN_POINT('',(-0.524522238633,-0.995,0.444664793398));
#5560 = CARTESIAN_POINT('',(-0.524522238633,-0.995,0.440332468747));
#5561 = CARTESIAN_POINT('',(-0.523135894744,-0.995,0.436901267622));
#5562 = CARTESIAN_POINT('',(-0.520363206967,-0.995,0.434371190026));
#5563 = ORIENTED_EDGE('',*,*,#5564,.F.);
#5564 = EDGE_CURVE('',#5565,#5556,#5567,.T.);
#5565 = VERTEX_POINT('',#5566);
#5566 = CARTESIAN_POINT('',(-0.508457978826,-0.995,0.460469113726));
#5567 = B_SPLINE_CURVE_WITH_KNOTS('',3,(#5568,#5569,#5570,#5571),
  .UNSPECIFIED.,.F.,.F.,(4,4),(9.,10.),.PIECEWISE_BEZIER_KNOTS.);
#5568 = CARTESIAN_POINT('',(-0.508457978826,-0.995,0.460469113726));
#5569 = CARTESIAN_POINT('',(-0.519167485364,-0.995,0.458978794046));
#5570 = CARTESIAN_POINT('',(-0.524522238633,-0.995,0.45371068727));
#5571 = CARTESIAN_POINT('',(-0.524522238633,-0.995,0.444664793398));
#5572 = ORIENTED_EDGE('',*,*,#5573,.F.);
#5573 = EDGE_CURVE('',#5574,#5565,#5576,.T.);
#5574 = VERTEX_POINT('',#5575);
#5575 = CARTESIAN_POINT('',(-0.494109319581,-0.995,0.462479312364));
#5576 = B_SPLINE_CURVE_WITH_KNOTS('',1,(#5577,#5578),.UNSPECIFIED.,.F.,
  .F.,(2,2),(-1.448878603268E-02,-0.),.PIECEWISE_BEZIER_KNOTS.);
#5577 = CARTESIAN_POINT('',(-0.494109319581,-0.995,0.462479312364));
#5578 = CARTESIAN_POINT('',(-0.508457978826,-0.995,0.460469113726));
#5579 = ORIENTED_EDGE('',*,*,#5580,.F.);
#5580 = EDGE_CURVE('',#5581,#5574,#5583,.T.);
#5581 = VERTEX_POINT('',#5582);
#5582 = CARTESIAN_POINT('',(-0.503917702591,-0.995,0.47433255261));
#5583 = B_SPLINE_CURVE_WITH_KNOTS('',3,(#5584,#5585,#5586,#5587),
  .UNSPECIFIED.,.F.,.F.,(4,4),(11.,12.),.PIECEWISE_BEZIER_KNOTS.);
#5584 = CARTESIAN_POINT('',(-0.503917702591,-0.995,0.47433255261));
#5585 = CARTESIAN_POINT('',(-0.497384557017,-0.995,0.47433255261));
#5586 = CARTESIAN_POINT('',(-0.494109319581,-0.995,0.470381472528));
#5587 = CARTESIAN_POINT('',(-0.494109319581,-0.995,0.462479312364));
#5588 = ORIENTED_EDGE('',*,*,#5589,.F.);
#5589 = EDGE_CURVE('',#5590,#5581,#5592,.T.);
#5590 = VERTEX_POINT('',#5591);
#5591 = CARTESIAN_POINT('',(-0.519791340114,-0.995,0.468475249681));
#5592 = B_SPLINE_CURVE_WITH_KNOTS('',3,(#5593,#5594,#5595,#5596),
  .UNSPECIFIED.,.F.,.F.,(4,4),(12.,13.),.PIECEWISE_BEZIER_KNOTS.);
#5593 = CARTESIAN_POINT('',(-0.519791340114,-0.995,0.468475249681));
#5594 = CARTESIAN_POINT('',(-0.515008453698,-0.995,0.472357012569));
#5595 = CARTESIAN_POINT('',(-0.509723017624,-0.995,0.47433255261));
#5596 = CARTESIAN_POINT('',(-0.503917702591,-0.995,0.47433255261));
#5597 = ORIENTED_EDGE('',*,*,#5598,.F.);
#5598 = EDGE_CURVE('',#5492,#5590,#5599,.T.);
#5599 = B_SPLINE_CURVE_WITH_KNOTS('',1,(#5600,#5601),.UNSPECIFIED.,.F.,
  .F.,(2,2),(-8.248746136419E-03,-0.),.PIECEWISE_BEZIER_KNOTS.);
#5600 = CARTESIAN_POINT('',(-0.519791340114,-0.995,0.476723995818));
#5601 = CARTESIAN_POINT('',(-0.519791340114,-0.995,0.468475249681));
#5602 = FACE_BOUND('',#5603,.T.);
#5603 = EDGE_LOOP('',(#5604,#5615,#5624,#5633,#5642,#5651,#5660,#5667));
#5604 = ORIENTED_EDGE('',*,*,#5605,.T.);
#5605 = EDGE_CURVE('',#5606,#5608,#5610,.T.);
#5606 = VERTEX_POINT('',#5607);
#5607 = CARTESIAN_POINT('',(-0.505442680868,-0.995,0.454473176409));
#5608 = VERTEX_POINT('',#5609);
#5609 = CARTESIAN_POINT('',(-0.513656768407,-0.995,0.451492537048));
#5610 = B_SPLINE_CURVE_WITH_KNOTS('',3,(#5611,#5612,#5613,#5614),
  .UNSPECIFIED.,.F.,.F.,(4,4),(0.,1.),.PIECEWISE_BEZIER_KNOTS.);
#5611 = CARTESIAN_POINT('',(-0.505442680868,-0.995,0.454473176409));
#5612 = CARTESIAN_POINT('',(-0.509411090249,-0.995,0.453918638853));
#5613 = CARTESIAN_POINT('',(-0.512149119429,-0.995,0.452948198131));
#5614 = CARTESIAN_POINT('',(-0.513656768407,-0.995,0.451492537048));
#5615 = ORIENTED_EDGE('',*,*,#5616,.T.);
#5616 = EDGE_CURVE('',#5608,#5617,#5619,.T.);
#5617 = VERTEX_POINT('',#5618);
#5618 = CARTESIAN_POINT('',(-0.515909577226,-0.995,0.445357965342));
#5619 = B_SPLINE_CURVE_WITH_KNOTS('',3,(#5620,#5621,#5622,#5623),
  .UNSPECIFIED.,.F.,.F.,(4,4),(1.,2.),.PIECEWISE_BEZIER_KNOTS.);
#5620 = CARTESIAN_POINT('',(-0.513656768407,-0.995,0.451492537048));
#5621 = CARTESIAN_POINT('',(-0.515147088087,-0.995,0.450036875966));
#5622 = CARTESIAN_POINT('',(-0.515909577226,-0.995,0.44799201873));
#5623 = CARTESIAN_POINT('',(-0.515909577226,-0.995,0.445357965342));
#5624 = ORIENTED_EDGE('',*,*,#5625,.T.);
#5625 = EDGE_CURVE('',#5617,#5626,#5628,.T.);
#5626 = VERTEX_POINT('',#5627);
#5627 = CARTESIAN_POINT('',(-0.513448816824,-0.995,0.439708613997));
#5628 = B_SPLINE_CURVE_WITH_KNOTS('',3,(#5629,#5630,#5631,#5632),
  .UNSPECIFIED.,.F.,.F.,(4,4),(2.,3.),.PIECEWISE_BEZIER_KNOTS.);
#5629 = CARTESIAN_POINT('',(-0.515909577226,-0.995,0.445357965342));
#5630 = CARTESIAN_POINT('',(-0.515909577226,-0.995,0.443035839329));
#5631 = CARTESIAN_POINT('',(-0.515095100191,-0.995,0.44116427508));
#5632 = CARTESIAN_POINT('',(-0.513448816824,-0.995,0.439708613997));
#5633 = ORIENTED_EDGE('',*,*,#5634,.T.);
#5634 = EDGE_CURVE('',#5626,#5635,#5637,.T.);
#5635 = VERTEX_POINT('',#5636);
#5636 = CARTESIAN_POINT('',(-0.506967659146,-0.995,0.437525122372));
#5637 = B_SPLINE_CURVE_WITH_KNOTS('',3,(#5638,#5639,#5640,#5641),
  .UNSPECIFIED.,.F.,.F.,(4,4),(3.,4.),.PIECEWISE_BEZIER_KNOTS.);
#5638 = CARTESIAN_POINT('',(-0.513448816824,-0.995,0.439708613997));
#5639 = CARTESIAN_POINT('',(-0.511819862755,-0.995,0.438252952914));
#5640 = CARTESIAN_POINT('',(-0.50965370043,-0.995,0.437525122372));
#5641 = CARTESIAN_POINT('',(-0.506967659146,-0.995,0.437525122372));
#5642 = ORIENTED_EDGE('',*,*,#5643,.T.);
#5643 = EDGE_CURVE('',#5635,#5644,#5646,.T.);
#5644 = VERTEX_POINT('',#5645);
#5645 = CARTESIAN_POINT('',(-0.497748472288,-0.995,0.441476202455));
#5646 = B_SPLINE_CURVE_WITH_KNOTS('',3,(#5647,#5648,#5649,#5650),
  .UNSPECIFIED.,.F.,.F.,(4,4),(4.,5.),.PIECEWISE_BEZIER_KNOTS.);
#5647 = CARTESIAN_POINT('',(-0.506967659146,-0.995,0.437525122372));
#5648 = CARTESIAN_POINT('',(-0.503241859946,-0.995,0.437525122372));
#5649 = CARTESIAN_POINT('',(-0.500157244794,-0.995,0.438842149066));
#5650 = CARTESIAN_POINT('',(-0.497748472288,-0.995,0.441476202455));
#5651 = ORIENTED_EDGE('',*,*,#5652,.T.);
#5652 = EDGE_CURVE('',#5644,#5653,#5655,.T.);
#5653 = VERTEX_POINT('',#5654);
#5654 = CARTESIAN_POINT('',(-0.494109319581,-0.995,0.451353902659));
#5655 = B_SPLINE_CURVE_WITH_KNOTS('',3,(#5656,#5657,#5658,#5659),
  .UNSPECIFIED.,.F.,.F.,(4,4),(5.,6.),.PIECEWISE_BEZIER_KNOTS.);
#5656 = CARTESIAN_POINT('',(-0.497748472288,-0.995,0.441476202455));
#5657 = CARTESIAN_POINT('',(-0.495322370483,-0.995,0.444075597245));
#5658 = CARTESIAN_POINT('',(-0.494109319581,-0.995,0.44736816398));
#5659 = CARTESIAN_POINT('',(-0.494109319581,-0.995,0.451353902659));
#5660 = ORIENTED_EDGE('',*,*,#5661,.T.);
#5661 = EDGE_CURVE('',#5653,#5662,#5664,.T.);
#5662 = VERTEX_POINT('',#5663);
#5663 = CARTESIAN_POINT('',(-0.494109319581,-0.995,0.455998154686));
#5664 = B_SPLINE_CURVE_WITH_KNOTS('',1,(#5665,#5666),.UNSPECIFIED.,.F.,
  .F.,(2,2),(0.,4.644252026466E-03),.PIECEWISE_BEZIER_KNOTS.);
#5665 = CARTESIAN_POINT('',(-0.494109319581,-0.995,0.451353902659));
#5666 = CARTESIAN_POINT('',(-0.494109319581,-0.995,0.455998154686));
#5667 = ORIENTED_EDGE('',*,*,#5668,.T.);
#5668 = EDGE_CURVE('',#5662,#5606,#5669,.T.);
#5669 = B_SPLINE_CURVE_WITH_KNOTS('',1,(#5670,#5671),.UNSPECIFIED.,.F.,
  .F.,(2,2),(0.,1.143549897591E-02),.PIECEWISE_BEZIER_KNOTS.);
#5670 = CARTESIAN_POINT('',(-0.494109319581,-0.995,0.455998154686));
#5671 = CARTESIAN_POINT('',(-0.505442680868,-0.995,0.454473176409));
#5672 = B_SPLINE_SURFACE_WITH_KNOTS('',1,1,(
    (#5673,#5674)
    ,(#5675,#5676
    )),.UNSPECIFIED.,.F.,.F.,.F.,(2,2),(2,2),(-1.122072084742E-03,
    4.954879703712E-02),(-1.250092278144E-02,2.640335258745E-02),
  .PIECEWISE_BEZIER_KNOTS.);
#5673 = CARTESIAN_POINT('',(-0.524522238633,-0.995,0.481229613455));
#5674 = CARTESIAN_POINT('',(-0.485617963264,-0.995,0.481229613455));
#5675 = CARTESIAN_POINT('',(-0.524522238633,-0.995,0.430558744333));
#5676 = CARTESIAN_POINT('',(-0.485617963264,-0.995,0.430558744333));
#5677 = ADVANCED_FACE('',(#5678),#5692,.F.);
#5678 = FACE_BOUND('',#5679,.F.);
#5679 = EDGE_LOOP('',(#5680,#5685,#5686,#5691));
#5680 = ORIENTED_EDGE('',*,*,#5681,.F.);
#5681 = EDGE_CURVE('',#5298,#5490,#5682,.T.);
#5682 = B_SPLINE_CURVE_WITH_KNOTS('',1,(#5683,#5684),.UNSPECIFIED.,.F.,
  .F.,(2,2),(0.,1.E-02),.PIECEWISE_BEZIER_KNOTS.);
#5683 = CARTESIAN_POINT('',(-0.503120554855,-1.005,0.481229613455));
#5684 = CARTESIAN_POINT('',(-0.503120554855,-0.995,0.481229613455));
#5685 = ORIENTED_EDGE('',*,*,#5297,.T.);
#5686 = ORIENTED_EDGE('',*,*,#5687,.T.);
#5687 = EDGE_CURVE('',#5300,#5492,#5688,.T.);
#5688 = B_SPLINE_CURVE_WITH_KNOTS('',1,(#5689,#5690),.UNSPECIFIED.,.F.,
  .F.,(2,2),(0.,1.E-02),.PIECEWISE_BEZIER_KNOTS.);
#5689 = CARTESIAN_POINT('',(-0.519791340114,-1.005,0.476723995818));
#5690 = CARTESIAN_POINT('',(-0.519791340114,-0.995,0.476723995818));
#5691 = ORIENTED_EDGE('',*,*,#5489,.F.);
#5692 = B_SPLINE_SURFACE_WITH_KNOTS('',3,1,(
    (#5693,#5694)
    ,(#5695,#5696)
    ,(#5697,#5698)
    ,(#5699,#5700
    )),.UNSPECIFIED.,.F.,.F.,.F.,(4,4),(2,2),(0.,1.),(0.,1.),
  .PIECEWISE_BEZIER_KNOTS.);
#5693 = CARTESIAN_POINT('',(-0.503120554855,-1.005,0.481229613455));
#5694 = CARTESIAN_POINT('',(-0.503120554855,-0.995,0.481229613455));
#5695 = CARTESIAN_POINT('',(-0.509428419547,-1.005,0.481229613455));
#5696 = CARTESIAN_POINT('',(-0.509428419547,-0.995,0.481229613455));
#5697 = CARTESIAN_POINT('',(-0.5149911244,-1.005,0.479739293775));
#5698 = CARTESIAN_POINT('',(-0.5149911244,-0.995,0.479739293775));
#5699 = CARTESIAN_POINT('',(-0.519791340114,-1.005,0.476723995818));
#5700 = CARTESIAN_POINT('',(-0.519791340114,-0.995,0.476723995818));
#5701 = ADVANCED_FACE('',(#5702),#5712,.F.);
#5702 = FACE_BOUND('',#5703,.T.);
#5703 = EDGE_LOOP('',(#5704,#5705,#5710,#5711));
#5704 = ORIENTED_EDGE('',*,*,#5598,.T.);
#5705 = ORIENTED_EDGE('',*,*,#5706,.F.);
#5706 = EDGE_CURVE('',#5309,#5590,#5707,.T.);
#5707 = B_SPLINE_CURVE_WITH_KNOTS('',1,(#5708,#5709),.UNSPECIFIED.,.F.,
  .F.,(2,2),(0.,1.E-02),.PIECEWISE_BEZIER_KNOTS.);
#5708 = CARTESIAN_POINT('',(-0.519791340114,-1.005,0.468475249681));
#5709 = CARTESIAN_POINT('',(-0.519791340114,-0.995,0.468475249681));
#5710 = ORIENTED_EDGE('',*,*,#5308,.F.);
#5711 = ORIENTED_EDGE('',*,*,#5687,.T.);
#5712 = B_SPLINE_SURFACE_WITH_KNOTS('',1,1,(
    (#5713,#5714)
    ,(#5715,#5716
    )),.UNSPECIFIED.,.F.,.F.,.F.,(2,2),(2,2),(-8.248746136419E-03,0.),(
    0.,1.E-02),.PIECEWISE_BEZIER_KNOTS.);
#5713 = CARTESIAN_POINT('',(-0.519791340114,-1.005,0.476723995818));
#5714 = CARTESIAN_POINT('',(-0.519791340114,-0.995,0.476723995818));
#5715 = CARTESIAN_POINT('',(-0.519791340114,-1.005,0.468475249681));
#5716 = CARTESIAN_POINT('',(-0.519791340114,-0.995,0.468475249681));
#5717 = ADVANCED_FACE('',(#5718),#5728,.F.);
#5718 = FACE_BOUND('',#5719,.F.);
#5719 = EDGE_LOOP('',(#5720,#5721,#5722,#5727));
#5720 = ORIENTED_EDGE('',*,*,#5706,.F.);
#5721 = ORIENTED_EDGE('',*,*,#5315,.T.);
#5722 = ORIENTED_EDGE('',*,*,#5723,.T.);
#5723 = EDGE_CURVE('',#5316,#5581,#5724,.T.);
#5724 = B_SPLINE_CURVE_WITH_KNOTS('',1,(#5725,#5726),.UNSPECIFIED.,.F.,
  .F.,(2,2),(0.,1.E-02),.PIECEWISE_BEZIER_KNOTS.);
#5725 = CARTESIAN_POINT('',(-0.503917702591,-1.005,0.47433255261));
#5726 = CARTESIAN_POINT('',(-0.503917702591,-0.995,0.47433255261));
#5727 = ORIENTED_EDGE('',*,*,#5589,.F.);
#5728 = B_SPLINE_SURFACE_WITH_KNOTS('',3,1,(
    (#5729,#5730)
    ,(#5731,#5732)
    ,(#5733,#5734)
    ,(#5735,#5736
    )),.UNSPECIFIED.,.F.,.F.,.F.,(4,4),(2,2),(12.,13.),(0.,1.),
  .PIECEWISE_BEZIER_KNOTS.);
#5729 = CARTESIAN_POINT('',(-0.519791340114,-1.005,0.468475249681));
#5730 = CARTESIAN_POINT('',(-0.519791340114,-0.995,0.468475249681));
#5731 = CARTESIAN_POINT('',(-0.515008453698,-1.005,0.472357012569));
#5732 = CARTESIAN_POINT('',(-0.515008453698,-0.995,0.472357012569));
#5733 = CARTESIAN_POINT('',(-0.509723017624,-1.005,0.47433255261));
#5734 = CARTESIAN_POINT('',(-0.509723017624,-0.995,0.47433255261));
#5735 = CARTESIAN_POINT('',(-0.503917702591,-1.005,0.47433255261));
#5736 = CARTESIAN_POINT('',(-0.503917702591,-0.995,0.47433255261));
#5737 = ADVANCED_FACE('',(#5738),#5748,.F.);
#5738 = FACE_BOUND('',#5739,.F.);
#5739 = EDGE_LOOP('',(#5740,#5741,#5742,#5747));
#5740 = ORIENTED_EDGE('',*,*,#5723,.F.);
#5741 = ORIENTED_EDGE('',*,*,#5324,.T.);
#5742 = ORIENTED_EDGE('',*,*,#5743,.T.);
#5743 = EDGE_CURVE('',#5325,#5574,#5744,.T.);
#5744 = B_SPLINE_CURVE_WITH_KNOTS('',1,(#5745,#5746),.UNSPECIFIED.,.F.,
  .F.,(2,2),(0.,1.E-02),.PIECEWISE_BEZIER_KNOTS.);
#5745 = CARTESIAN_POINT('',(-0.494109319581,-1.005,0.462479312364));
#5746 = CARTESIAN_POINT('',(-0.494109319581,-0.995,0.462479312364));
#5747 = ORIENTED_EDGE('',*,*,#5580,.F.);
#5748 = B_SPLINE_SURFACE_WITH_KNOTS('',3,1,(
    (#5749,#5750)
    ,(#5751,#5752)
    ,(#5753,#5754)
    ,(#5755,#5756
    )),.UNSPECIFIED.,.F.,.F.,.F.,(4,4),(2,2),(11.,12.),(0.,1.),
  .PIECEWISE_BEZIER_KNOTS.);
#5749 = CARTESIAN_POINT('',(-0.503917702591,-1.005,0.47433255261));
#5750 = CARTESIAN_POINT('',(-0.503917702591,-0.995,0.47433255261));
#5751 = CARTESIAN_POINT('',(-0.497384557017,-1.005,0.47433255261));
#5752 = CARTESIAN_POINT('',(-0.497384557017,-0.995,0.47433255261));
#5753 = CARTESIAN_POINT('',(-0.494109319581,-1.005,0.470381472528));
#5754 = CARTESIAN_POINT('',(-0.494109319581,-0.995,0.470381472528));
#5755 = CARTESIAN_POINT('',(-0.494109319581,-1.005,0.462479312364));
#5756 = CARTESIAN_POINT('',(-0.494109319581,-0.995,0.462479312364));
#5757 = ADVANCED_FACE('',(#5758),#5768,.F.);
#5758 = FACE_BOUND('',#5759,.T.);
#5759 = EDGE_LOOP('',(#5760,#5761,#5766,#5767));
#5760 = ORIENTED_EDGE('',*,*,#5573,.T.);
#5761 = ORIENTED_EDGE('',*,*,#5762,.F.);
#5762 = EDGE_CURVE('',#5334,#5565,#5763,.T.);
#5763 = B_SPLINE_CURVE_WITH_KNOTS('',1,(#5764,#5765),.UNSPECIFIED.,.F.,
  .F.,(2,2),(0.,1.E-02),.PIECEWISE_BEZIER_KNOTS.);
#5764 = CARTESIAN_POINT('',(-0.508457978826,-1.005,0.460469113726));
#5765 = CARTESIAN_POINT('',(-0.508457978826,-0.995,0.460469113726));
#5766 = ORIENTED_EDGE('',*,*,#5333,.F.);
#5767 = ORIENTED_EDGE('',*,*,#5743,.T.);
#5768 = B_SPLINE_SURFACE_WITH_KNOTS('',1,1,(
    (#5769,#5770)
    ,(#5771,#5772
    )),.UNSPECIFIED.,.F.,.F.,.F.,(2,2),(2,2),(-1.448878603268E-02,0.),(
    0.,1.E-02),.PIECEWISE_BEZIER_KNOTS.);
#5769 = CARTESIAN_POINT('',(-0.494109319581,-1.005,0.462479312364));
#5770 = CARTESIAN_POINT('',(-0.494109319581,-0.995,0.462479312364));
#5771 = CARTESIAN_POINT('',(-0.508457978826,-1.005,0.460469113726));
#5772 = CARTESIAN_POINT('',(-0.508457978826,-0.995,0.460469113726));
#5773 = ADVANCED_FACE('',(#5774),#5784,.F.);
#5774 = FACE_BOUND('',#5775,.F.);
#5775 = EDGE_LOOP('',(#5776,#5777,#5778,#5783));
#5776 = ORIENTED_EDGE('',*,*,#5762,.F.);
#5777 = ORIENTED_EDGE('',*,*,#5340,.T.);
#5778 = ORIENTED_EDGE('',*,*,#5779,.T.);
#5779 = EDGE_CURVE('',#5341,#5556,#5780,.T.);
#5780 = B_SPLINE_CURVE_WITH_KNOTS('',1,(#5781,#5782),.UNSPECIFIED.,.F.,
  .F.,(2,2),(0.,1.E-02),.PIECEWISE_BEZIER_KNOTS.);
#5781 = CARTESIAN_POINT('',(-0.524522238633,-1.005,0.444664793398));
#5782 = CARTESIAN_POINT('',(-0.524522238633,-0.995,0.444664793398));
#5783 = ORIENTED_EDGE('',*,*,#5564,.F.);
#5784 = B_SPLINE_SURFACE_WITH_KNOTS('',3,1,(
    (#5785,#5786)
    ,(#5787,#5788)
    ,(#5789,#5790)
    ,(#5791,#5792
    )),.UNSPECIFIED.,.F.,.F.,.F.,(4,4),(2,2),(9.,10.),(0.,1.),
  .PIECEWISE_BEZIER_KNOTS.);
#5785 = CARTESIAN_POINT('',(-0.508457978826,-1.005,0.460469113726));
#5786 = CARTESIAN_POINT('',(-0.508457978826,-0.995,0.460469113726));
#5787 = CARTESIAN_POINT('',(-0.519167485364,-1.005,0.458978794046));
#5788 = CARTESIAN_POINT('',(-0.519167485364,-0.995,0.458978794046));
#5789 = CARTESIAN_POINT('',(-0.524522238633,-1.005,0.45371068727));
#5790 = CARTESIAN_POINT('',(-0.524522238633,-0.995,0.45371068727));
#5791 = CARTESIAN_POINT('',(-0.524522238633,-1.005,0.444664793398));
#5792 = CARTESIAN_POINT('',(-0.524522238633,-0.995,0.444664793398));
#5793 = ADVANCED_FACE('',(#5794),#5804,.F.);
#5794 = FACE_BOUND('',#5795,.F.);
#5795 = EDGE_LOOP('',(#5796,#5797,#5798,#5803));
#5796 = ORIENTED_EDGE('',*,*,#5779,.F.);
#5797 = ORIENTED_EDGE('',*,*,#5349,.T.);
#5798 = ORIENTED_EDGE('',*,*,#5799,.T.);
#5799 = EDGE_CURVE('',#5350,#5547,#5800,.T.);
#5800 = B_SPLINE_CURVE_WITH_KNOTS('',1,(#5801,#5802),.UNSPECIFIED.,.F.,
  .F.,(2,2),(0.,1.E-02),.PIECEWISE_BEZIER_KNOTS.);
#5801 = CARTESIAN_POINT('',(-0.520363206967,-1.005,0.434371190026));
#5802 = CARTESIAN_POINT('',(-0.520363206967,-0.995,0.434371190026));
#5803 = ORIENTED_EDGE('',*,*,#5555,.F.);
#5804 = B_SPLINE_SURFACE_WITH_KNOTS('',3,1,(
    (#5805,#5806)
    ,(#5807,#5808)
    ,(#5809,#5810)
    ,(#5811,#5812
    )),.UNSPECIFIED.,.F.,.F.,.F.,(4,4),(2,2),(8.,9.),(0.,1.),
  .PIECEWISE_BEZIER_KNOTS.);
#5805 = CARTESIAN_POINT('',(-0.524522238633,-1.005,0.444664793398));
#5806 = CARTESIAN_POINT('',(-0.524522238633,-0.995,0.444664793398));
#5807 = CARTESIAN_POINT('',(-0.524522238633,-1.005,0.440332468747));
#5808 = CARTESIAN_POINT('',(-0.524522238633,-0.995,0.440332468747));
#5809 = CARTESIAN_POINT('',(-0.523135894744,-1.005,0.436901267622));
#5810 = CARTESIAN_POINT('',(-0.523135894744,-0.995,0.436901267622));
#5811 = CARTESIAN_POINT('',(-0.520363206967,-1.005,0.434371190026));
#5812 = CARTESIAN_POINT('',(-0.520363206967,-0.995,0.434371190026));
#5813 = ADVANCED_FACE('',(#5814),#5824,.F.);
#5814 = FACE_BOUND('',#5815,.F.);
#5815 = EDGE_LOOP('',(#5816,#5817,#5818,#5823));
#5816 = ORIENTED_EDGE('',*,*,#5799,.F.);
#5817 = ORIENTED_EDGE('',*,*,#5358,.T.);
#5818 = ORIENTED_EDGE('',*,*,#5819,.T.);
#5819 = EDGE_CURVE('',#5359,#5538,#5820,.T.);
#5820 = B_SPLINE_CURVE_WITH_KNOTS('',1,(#5821,#5822),.UNSPECIFIED.,.F.,
  .F.,(2,2),(0.,1.E-02),.PIECEWISE_BEZIER_KNOTS.);
#5821 = CARTESIAN_POINT('',(-0.509168480068,-1.005,0.430558744333));
#5822 = CARTESIAN_POINT('',(-0.509168480068,-0.995,0.430558744333));
#5823 = ORIENTED_EDGE('',*,*,#5546,.F.);
#5824 = B_SPLINE_SURFACE_WITH_KNOTS('',3,1,(
    (#5825,#5826)
    ,(#5827,#5828)
    ,(#5829,#5830)
    ,(#5831,#5832
    )),.UNSPECIFIED.,.F.,.F.,.F.,(4,4),(2,2),(7.,8.),(0.,1.),
  .PIECEWISE_BEZIER_KNOTS.);
#5825 = CARTESIAN_POINT('',(-0.520363206967,-1.005,0.434371190026));
#5826 = CARTESIAN_POINT('',(-0.520363206967,-0.995,0.434371190026));
#5827 = CARTESIAN_POINT('',(-0.517590519191,-1.005,0.43184111243));
#5828 = CARTESIAN_POINT('',(-0.517590519191,-0.995,0.43184111243));
#5829 = CARTESIAN_POINT('',(-0.51386471999,-1.005,0.430558744333));
#5830 = CARTESIAN_POINT('',(-0.51386471999,-0.995,0.430558744333));
#5831 = CARTESIAN_POINT('',(-0.509168480068,-1.005,0.430558744333));
#5832 = CARTESIAN_POINT('',(-0.509168480068,-0.995,0.430558744333));
#5833 = ADVANCED_FACE('',(#5834),#5844,.F.);
#5834 = FACE_BOUND('',#5835,.F.);
#5835 = EDGE_LOOP('',(#5836,#5837,#5838,#5843));
#5836 = ORIENTED_EDGE('',*,*,#5819,.F.);
#5837 = ORIENTED_EDGE('',*,*,#5367,.T.);
#5838 = ORIENTED_EDGE('',*,*,#5839,.T.);
#5839 = EDGE_CURVE('',#5368,#5531,#5840,.T.);
#5840 = B_SPLINE_CURVE_WITH_KNOTS('',1,(#5841,#5842),.UNSPECIFIED.,.F.,
  .F.,(2,2),(0.,1.E-02),.PIECEWISE_BEZIER_KNOTS.);
#5841 = CARTESIAN_POINT('',(-0.494334600462,-1.005,0.439188735039));
#5842 = CARTESIAN_POINT('',(-0.494334600462,-0.995,0.439188735039));
#5843 = ORIENTED_EDGE('',*,*,#5537,.F.);
#5844 = B_SPLINE_SURFACE_WITH_KNOTS('',3,1,(
    (#5845,#5846)
    ,(#5847,#5848)
    ,(#5849,#5850)
    ,(#5851,#5852
    )),.UNSPECIFIED.,.F.,.F.,.F.,(4,4),(2,2),(6.,7.),(0.,1.),
  .PIECEWISE_BEZIER_KNOTS.);
#5845 = CARTESIAN_POINT('',(-0.509168480068,-1.005,0.430558744333));
#5846 = CARTESIAN_POINT('',(-0.509168480068,-0.995,0.430558744333));
#5847 = CARTESIAN_POINT('',(-0.502635334494,-1.005,0.430558744333));
#5848 = CARTESIAN_POINT('',(-0.502635334494,-0.995,0.430558744333));
#5849 = CARTESIAN_POINT('',(-0.497679155093,-1.005,0.433435407902));
#5850 = CARTESIAN_POINT('',(-0.497679155093,-0.995,0.433435407902));
#5851 = CARTESIAN_POINT('',(-0.494334600462,-1.005,0.439188735039));
#5852 = CARTESIAN_POINT('',(-0.494334600462,-0.995,0.439188735039));
#5853 = ADVANCED_FACE('',(#5854),#5864,.F.);
#5854 = FACE_BOUND('',#5855,.T.);
#5855 = EDGE_LOOP('',(#5856,#5857,#5862,#5863));
#5856 = ORIENTED_EDGE('',*,*,#5530,.T.);
#5857 = ORIENTED_EDGE('',*,*,#5858,.F.);
#5858 = EDGE_CURVE('',#5377,#5524,#5859,.T.);
#5859 = B_SPLINE_CURVE_WITH_KNOTS('',1,(#5860,#5861),.UNSPECIFIED.,.F.,
  .F.,(2,2),(0.,1.E-02),.PIECEWISE_BEZIER_KNOTS.);
#5860 = CARTESIAN_POINT('',(-0.494109319581,-1.005,0.439188735039));
#5861 = CARTESIAN_POINT('',(-0.494109319581,-0.995,0.439188735039));
#5862 = ORIENTED_EDGE('',*,*,#5376,.F.);
#5863 = ORIENTED_EDGE('',*,*,#5839,.T.);
#5864 = B_SPLINE_SURFACE_WITH_KNOTS('',1,1,(
    (#5865,#5866)
    ,(#5867,#5868
    )),.UNSPECIFIED.,.F.,.F.,.F.,(2,2),(2,2),(-2.252808818425E-04,0.),(
    0.,1.E-02),.PIECEWISE_BEZIER_KNOTS.);
#5865 = CARTESIAN_POINT('',(-0.494334600462,-1.005,0.439188735039));
#5866 = CARTESIAN_POINT('',(-0.494334600462,-0.995,0.439188735039));
#5867 = CARTESIAN_POINT('',(-0.494109319581,-1.005,0.439188735039));
#5868 = CARTESIAN_POINT('',(-0.494109319581,-0.995,0.439188735039));
#5869 = ADVANCED_FACE('',(#5870),#5880,.F.);
#5870 = FACE_BOUND('',#5871,.T.);
#5871 = EDGE_LOOP('',(#5872,#5873,#5878,#5879));
#5872 = ORIENTED_EDGE('',*,*,#5523,.T.);
#5873 = ORIENTED_EDGE('',*,*,#5874,.F.);
#5874 = EDGE_CURVE('',#5384,#5517,#5875,.T.);
#5875 = B_SPLINE_CURVE_WITH_KNOTS('',1,(#5876,#5877),.UNSPECIFIED.,.F.,
  .F.,(2,2),(0.,1.E-02),.PIECEWISE_BEZIER_KNOTS.);
#5876 = CARTESIAN_POINT('',(-0.494109319581,-1.005,0.431702478041));
#5877 = CARTESIAN_POINT('',(-0.494109319581,-0.995,0.431702478041));
#5878 = ORIENTED_EDGE('',*,*,#5383,.F.);
#5879 = ORIENTED_EDGE('',*,*,#5858,.T.);
#5880 = B_SPLINE_SURFACE_WITH_KNOTS('',1,1,(
    (#5881,#5882)
    ,(#5883,#5884
    )),.UNSPECIFIED.,.F.,.F.,.F.,(2,2),(2,2),(-7.486256997268E-03,0.),(
    0.,1.E-02),.PIECEWISE_BEZIER_KNOTS.);
#5881 = CARTESIAN_POINT('',(-0.494109319581,-1.005,0.439188735039));
#5882 = CARTESIAN_POINT('',(-0.494109319581,-0.995,0.439188735039));
#5883 = CARTESIAN_POINT('',(-0.494109319581,-1.005,0.431702478041));
#5884 = CARTESIAN_POINT('',(-0.494109319581,-0.995,0.431702478041));
#5885 = ADVANCED_FACE('',(#5886),#5896,.F.);
#5886 = FACE_BOUND('',#5887,.T.);
#5887 = EDGE_LOOP('',(#5888,#5889,#5894,#5895));
#5888 = ORIENTED_EDGE('',*,*,#5516,.T.);
#5889 = ORIENTED_EDGE('',*,*,#5890,.F.);
#5890 = EDGE_CURVE('',#5391,#5510,#5891,.T.);
#5891 = B_SPLINE_CURVE_WITH_KNOTS('',1,(#5892,#5893),.UNSPECIFIED.,.F.,
  .F.,(2,2),(0.,1.E-02),.PIECEWISE_BEZIER_KNOTS.);
#5892 = CARTESIAN_POINT('',(-0.485617963264,-1.005,0.431702478041));
#5893 = CARTESIAN_POINT('',(-0.485617963264,-0.995,0.431702478041));
#5894 = ORIENTED_EDGE('',*,*,#5390,.F.);
#5895 = ORIENTED_EDGE('',*,*,#5874,.T.);
#5896 = B_SPLINE_SURFACE_WITH_KNOTS('',1,1,(
    (#5897,#5898)
    ,(#5899,#5900
    )),.UNSPECIFIED.,.F.,.F.,.F.,(2,2),(2,2),(-8.491356316616E-03,0.),(
    0.,1.E-02),.PIECEWISE_BEZIER_KNOTS.);
#5897 = CARTESIAN_POINT('',(-0.494109319581,-1.005,0.431702478041));
#5898 = CARTESIAN_POINT('',(-0.494109319581,-0.995,0.431702478041));
#5899 = CARTESIAN_POINT('',(-0.485617963264,-1.005,0.431702478041));
#5900 = CARTESIAN_POINT('',(-0.485617963264,-0.995,0.431702478041));
#5901 = ADVANCED_FACE('',(#5902),#5912,.F.);
#5902 = FACE_BOUND('',#5903,.T.);
#5903 = EDGE_LOOP('',(#5904,#5905,#5910,#5911));
#5904 = ORIENTED_EDGE('',*,*,#5509,.T.);
#5905 = ORIENTED_EDGE('',*,*,#5906,.F.);
#5906 = EDGE_CURVE('',#5398,#5501,#5907,.T.);
#5907 = B_SPLINE_CURVE_WITH_KNOTS('',1,(#5908,#5909),.UNSPECIFIED.,.F.,
  .F.,(2,2),(0.,1.E-02),.PIECEWISE_BEZIER_KNOTS.);
#5908 = CARTESIAN_POINT('',(-0.485617963264,-1.005,0.462860556933));
#5909 = CARTESIAN_POINT('',(-0.485617963264,-0.995,0.462860556933));
#5910 = ORIENTED_EDGE('',*,*,#5397,.F.);
#5911 = ORIENTED_EDGE('',*,*,#5890,.T.);
#5912 = B_SPLINE_SURFACE_WITH_KNOTS('',1,1,(
    (#5913,#5914)
    ,(#5915,#5916
    )),.UNSPECIFIED.,.F.,.F.,.F.,(2,2),(2,2),(-3.115807889191E-02,0.),(
    0.,1.E-02),.PIECEWISE_BEZIER_KNOTS.);
#5913 = CARTESIAN_POINT('',(-0.485617963264,-1.005,0.431702478041));
#5914 = CARTESIAN_POINT('',(-0.485617963264,-0.995,0.431702478041));
#5915 = CARTESIAN_POINT('',(-0.485617963264,-1.005,0.462860556933));
#5916 = CARTESIAN_POINT('',(-0.485617963264,-0.995,0.462860556933));
#5917 = ADVANCED_FACE('',(#5918),#5924,.F.);
#5918 = FACE_BOUND('',#5919,.F.);
#5919 = EDGE_LOOP('',(#5920,#5921,#5922,#5923));
#5920 = ORIENTED_EDGE('',*,*,#5906,.F.);
#5921 = ORIENTED_EDGE('',*,*,#5404,.T.);
#5922 = ORIENTED_EDGE('',*,*,#5681,.T.);
#5923 = ORIENTED_EDGE('',*,*,#5500,.F.);
#5924 = B_SPLINE_SURFACE_WITH_KNOTS('',3,1,(
    (#5925,#5926)
    ,(#5927,#5928)
    ,(#5929,#5930)
    ,(#5931,#5932
    )),.UNSPECIFIED.,.F.,.F.,.F.,(4,4),(2,2),(1.,2.),(0.,1.),
  .PIECEWISE_BEZIER_KNOTS.);
#5925 = CARTESIAN_POINT('',(-0.485617963264,-1.005,0.462860556933));
#5926 = CARTESIAN_POINT('',(-0.485617963264,-0.995,0.462860556933));
#5927 = CARTESIAN_POINT('',(-0.485617963264,-1.005,0.475129700346));
#5928 = CARTESIAN_POINT('',(-0.485617963264,-0.995,0.475129700346));
#5929 = CARTESIAN_POINT('',(-0.491457936894,-1.005,0.481229613455));
#5930 = CARTESIAN_POINT('',(-0.491457936894,-0.995,0.481229613455));
#5931 = CARTESIAN_POINT('',(-0.503120554855,-1.005,0.481229613455));
#5932 = CARTESIAN_POINT('',(-0.503120554855,-0.995,0.481229613455));
#5933 = ADVANCED_FACE('',(#5934),#5948,.T.);
#5934 = FACE_BOUND('',#5935,.T.);
#5935 = EDGE_LOOP('',(#5936,#5937,#5942,#5943));
#5936 = ORIENTED_EDGE('',*,*,#5605,.F.);
#5937 = ORIENTED_EDGE('',*,*,#5938,.F.);
#5938 = EDGE_CURVE('',#5425,#5606,#5939,.T.);
#5939 = B_SPLINE_CURVE_WITH_KNOTS('',1,(#5940,#5941),.UNSPECIFIED.,.F.,
  .F.,(2,2),(0.,1.E-02),.PIECEWISE_BEZIER_KNOTS.);
#5940 = CARTESIAN_POINT('',(-0.505442680868,-1.005,0.454473176409));
#5941 = CARTESIAN_POINT('',(-0.505442680868,-0.995,0.454473176409));
#5942 = ORIENTED_EDGE('',*,*,#5424,.T.);
#5943 = ORIENTED_EDGE('',*,*,#5944,.T.);
#5944 = EDGE_CURVE('',#5414,#5608,#5945,.T.);
#5945 = B_SPLINE_CURVE_WITH_KNOTS('',1,(#5946,#5947),.UNSPECIFIED.,.F.,
  .F.,(2,2),(0.,1.E-02),.PIECEWISE_BEZIER_KNOTS.);
#5946 = CARTESIAN_POINT('',(-0.513656768407,-1.005,0.451492537048));
#5947 = CARTESIAN_POINT('',(-0.513656768407,-0.995,0.451492537048));
#5948 = B_SPLINE_SURFACE_WITH_KNOTS('',3,1,(
    (#5949,#5950)
    ,(#5951,#5952)
    ,(#5953,#5954)
    ,(#5955,#5956
    )),.UNSPECIFIED.,.F.,.F.,.F.,(4,4),(2,2),(0.,1.),(0.,1.),
  .PIECEWISE_BEZIER_KNOTS.);
#5949 = CARTESIAN_POINT('',(-0.505442680868,-1.005,0.454473176409));
#5950 = CARTESIAN_POINT('',(-0.505442680868,-0.995,0.454473176409));
#5951 = CARTESIAN_POINT('',(-0.509411090249,-1.005,0.453918638853));
#5952 = CARTESIAN_POINT('',(-0.509411090249,-0.995,0.453918638853));
#5953 = CARTESIAN_POINT('',(-0.512149119429,-1.005,0.452948198131));
#5954 = CARTESIAN_POINT('',(-0.512149119429,-0.995,0.452948198131));
#5955 = CARTESIAN_POINT('',(-0.513656768407,-1.005,0.451492537048));
#5956 = CARTESIAN_POINT('',(-0.513656768407,-0.995,0.451492537048));
#5957 = ADVANCED_FACE('',(#5958),#5968,.T.);
#5958 = FACE_BOUND('',#5959,.T.);
#5959 = EDGE_LOOP('',(#5960,#5961,#5962,#5963));
#5960 = ORIENTED_EDGE('',*,*,#5616,.F.);
#5961 = ORIENTED_EDGE('',*,*,#5944,.F.);
#5962 = ORIENTED_EDGE('',*,*,#5413,.T.);
#5963 = ORIENTED_EDGE('',*,*,#5964,.T.);
#5964 = EDGE_CURVE('',#5416,#5617,#5965,.T.);
#5965 = B_SPLINE_CURVE_WITH_KNOTS('',1,(#5966,#5967),.UNSPECIFIED.,.F.,
  .F.,(2,2),(0.,1.E-02),.PIECEWISE_BEZIER_KNOTS.);
#5966 = CARTESIAN_POINT('',(-0.515909577226,-1.005,0.445357965342));
#5967 = CARTESIAN_POINT('',(-0.515909577226,-0.995,0.445357965342));
#5968 = B_SPLINE_SURFACE_WITH_KNOTS('',3,1,(
    (#5969,#5970)
    ,(#5971,#5972)
    ,(#5973,#5974)
    ,(#5975,#5976
    )),.UNSPECIFIED.,.F.,.F.,.F.,(4,4),(2,2),(1.,2.),(0.,1.),
  .PIECEWISE_BEZIER_KNOTS.);
#5969 = CARTESIAN_POINT('',(-0.513656768407,-1.005,0.451492537048));
#5970 = CARTESIAN_POINT('',(-0.513656768407,-0.995,0.451492537048));
#5971 = CARTESIAN_POINT('',(-0.515147088087,-1.005,0.450036875966));
#5972 = CARTESIAN_POINT('',(-0.515147088087,-0.995,0.450036875966));
#5973 = CARTESIAN_POINT('',(-0.515909577226,-1.005,0.44799201873));
#5974 = CARTESIAN_POINT('',(-0.515909577226,-0.995,0.44799201873));
#5975 = CARTESIAN_POINT('',(-0.515909577226,-1.005,0.445357965342));
#5976 = CARTESIAN_POINT('',(-0.515909577226,-0.995,0.445357965342));
#5977 = ADVANCED_FACE('',(#5978),#5988,.T.);
#5978 = FACE_BOUND('',#5979,.T.);
#5979 = EDGE_LOOP('',(#5980,#5981,#5982,#5983));
#5980 = ORIENTED_EDGE('',*,*,#5625,.F.);
#5981 = ORIENTED_EDGE('',*,*,#5964,.F.);
#5982 = ORIENTED_EDGE('',*,*,#5474,.T.);
#5983 = ORIENTED_EDGE('',*,*,#5984,.T.);
#5984 = EDGE_CURVE('',#5466,#5626,#5985,.T.);
#5985 = B_SPLINE_CURVE_WITH_KNOTS('',1,(#5986,#5987),.UNSPECIFIED.,.F.,
  .F.,(2,2),(0.,1.E-02),.PIECEWISE_BEZIER_KNOTS.);
#5986 = CARTESIAN_POINT('',(-0.513448816824,-1.005,0.439708613997));
#5987 = CARTESIAN_POINT('',(-0.513448816824,-0.995,0.439708613997));
#5988 = B_SPLINE_SURFACE_WITH_KNOTS('',3,1,(
    (#5989,#5990)
    ,(#5991,#5992)
    ,(#5993,#5994)
    ,(#5995,#5996
    )),.UNSPECIFIED.,.F.,.F.,.F.,(4,4),(2,2),(2.,3.),(0.,1.),
  .PIECEWISE_BEZIER_KNOTS.);
#5989 = CARTESIAN_POINT('',(-0.515909577226,-1.005,0.445357965342));
#5990 = CARTESIAN_POINT('',(-0.515909577226,-0.995,0.445357965342));
#5991 = CARTESIAN_POINT('',(-0.515909577226,-1.005,0.443035839329));
#5992 = CARTESIAN_POINT('',(-0.515909577226,-0.995,0.443035839329));
#5993 = CARTESIAN_POINT('',(-0.515095100191,-1.005,0.44116427508));
#5994 = CARTESIAN_POINT('',(-0.515095100191,-0.995,0.44116427508));
#5995 = CARTESIAN_POINT('',(-0.513448816824,-1.005,0.439708613997));
#5996 = CARTESIAN_POINT('',(-0.513448816824,-0.995,0.439708613997));
#5997 = ADVANCED_FACE('',(#5998),#6008,.T.);
#5998 = FACE_BOUND('',#5999,.T.);
#5999 = EDGE_LOOP('',(#6000,#6001,#6002,#6003));
#6000 = ORIENTED_EDGE('',*,*,#5634,.F.);
#6001 = ORIENTED_EDGE('',*,*,#5984,.F.);
#6002 = ORIENTED_EDGE('',*,*,#5465,.T.);
#6003 = ORIENTED_EDGE('',*,*,#6004,.T.);
#6004 = EDGE_CURVE('',#5457,#5635,#6005,.T.);
#6005 = B_SPLINE_CURVE_WITH_KNOTS('',1,(#6006,#6007),.UNSPECIFIED.,.F.,
  .F.,(2,2),(0.,1.E-02),.PIECEWISE_BEZIER_KNOTS.);
#6006 = CARTESIAN_POINT('',(-0.506967659146,-1.005,0.437525122372));
#6007 = CARTESIAN_POINT('',(-0.506967659146,-0.995,0.437525122372));
#6008 = B_SPLINE_SURFACE_WITH_KNOTS('',3,1,(
    (#6009,#6010)
    ,(#6011,#6012)
    ,(#6013,#6014)
    ,(#6015,#6016
    )),.UNSPECIFIED.,.F.,.F.,.F.,(4,4),(2,2),(3.,4.),(0.,1.),
  .PIECEWISE_BEZIER_KNOTS.);
#6009 = CARTESIAN_POINT('',(-0.513448816824,-1.005,0.439708613997));
#6010 = CARTESIAN_POINT('',(-0.513448816824,-0.995,0.439708613997));
#6011 = CARTESIAN_POINT('',(-0.511819862755,-1.005,0.438252952914));
#6012 = CARTESIAN_POINT('',(-0.511819862755,-0.995,0.438252952914));
#6013 = CARTESIAN_POINT('',(-0.50965370043,-1.005,0.437525122372));
#6014 = CARTESIAN_POINT('',(-0.50965370043,-0.995,0.437525122372));
#6015 = CARTESIAN_POINT('',(-0.506967659146,-1.005,0.437525122372));
#6016 = CARTESIAN_POINT('',(-0.506967659146,-0.995,0.437525122372));
#6017 = ADVANCED_FACE('',(#6018),#6028,.T.);
#6018 = FACE_BOUND('',#6019,.T.);
#6019 = EDGE_LOOP('',(#6020,#6021,#6022,#6023));
#6020 = ORIENTED_EDGE('',*,*,#5643,.F.);
#6021 = ORIENTED_EDGE('',*,*,#6004,.F.);
#6022 = ORIENTED_EDGE('',*,*,#5456,.T.);
#6023 = ORIENTED_EDGE('',*,*,#6024,.T.);
#6024 = EDGE_CURVE('',#5448,#5644,#6025,.T.);
#6025 = B_SPLINE_CURVE_WITH_KNOTS('',1,(#6026,#6027),.UNSPECIFIED.,.F.,
  .F.,(2,2),(0.,1.E-02),.PIECEWISE_BEZIER_KNOTS.);
#6026 = CARTESIAN_POINT('',(-0.497748472288,-1.005,0.441476202455));
#6027 = CARTESIAN_POINT('',(-0.497748472288,-0.995,0.441476202455));
#6028 = B_SPLINE_SURFACE_WITH_KNOTS('',3,1,(
    (#6029,#6030)
    ,(#6031,#6032)
    ,(#6033,#6034)
    ,(#6035,#6036
    )),.UNSPECIFIED.,.F.,.F.,.F.,(4,4),(2,2),(4.,5.),(0.,1.),
  .PIECEWISE_BEZIER_KNOTS.);
#6029 = CARTESIAN_POINT('',(-0.506967659146,-1.005,0.437525122372));
#6030 = CARTESIAN_POINT('',(-0.506967659146,-0.995,0.437525122372));
#6031 = CARTESIAN_POINT('',(-0.503241859946,-1.005,0.437525122372));
#6032 = CARTESIAN_POINT('',(-0.503241859946,-0.995,0.437525122372));
#6033 = CARTESIAN_POINT('',(-0.500157244794,-1.005,0.438842149066));
#6034 = CARTESIAN_POINT('',(-0.500157244794,-0.995,0.438842149066));
#6035 = CARTESIAN_POINT('',(-0.497748472288,-1.005,0.441476202455));
#6036 = CARTESIAN_POINT('',(-0.497748472288,-0.995,0.441476202455));
#6037 = ADVANCED_FACE('',(#6038),#6048,.T.);
#6038 = FACE_BOUND('',#6039,.T.);
#6039 = EDGE_LOOP('',(#6040,#6041,#6042,#6043));
#6040 = ORIENTED_EDGE('',*,*,#5652,.F.);
#6041 = ORIENTED_EDGE('',*,*,#6024,.F.);
#6042 = ORIENTED_EDGE('',*,*,#5447,.T.);
#6043 = ORIENTED_EDGE('',*,*,#6044,.T.);
#6044 = EDGE_CURVE('',#5441,#5653,#6045,.T.);
#6045 = B_SPLINE_CURVE_WITH_KNOTS('',1,(#6046,#6047),.UNSPECIFIED.,.F.,
  .F.,(2,2),(0.,1.E-02),.PIECEWISE_BEZIER_KNOTS.);
#6046 = CARTESIAN_POINT('',(-0.494109319581,-1.005,0.451353902659));
#6047 = CARTESIAN_POINT('',(-0.494109319581,-0.995,0.451353902659));
#6048 = B_SPLINE_SURFACE_WITH_KNOTS('',3,1,(
    (#6049,#6050)
    ,(#6051,#6052)
    ,(#6053,#6054)
    ,(#6055,#6056
    )),.UNSPECIFIED.,.F.,.F.,.F.,(4,4),(2,2),(5.,6.),(0.,1.),
  .PIECEWISE_BEZIER_KNOTS.);
#6049 = CARTESIAN_POINT('',(-0.497748472288,-1.005,0.441476202455));
#6050 = CARTESIAN_POINT('',(-0.497748472288,-0.995,0.441476202455));
#6051 = CARTESIAN_POINT('',(-0.495322370483,-1.005,0.444075597245));
#6052 = CARTESIAN_POINT('',(-0.495322370483,-0.995,0.444075597245));
#6053 = CARTESIAN_POINT('',(-0.494109319581,-1.005,0.44736816398));
#6054 = CARTESIAN_POINT('',(-0.494109319581,-0.995,0.44736816398));
#6055 = CARTESIAN_POINT('',(-0.494109319581,-1.005,0.451353902659));
#6056 = CARTESIAN_POINT('',(-0.494109319581,-0.995,0.451353902659));
#6057 = ADVANCED_FACE('',(#6058),#6068,.T.);
#6058 = FACE_BOUND('',#6059,.T.);
#6059 = EDGE_LOOP('',(#6060,#6061,#6062,#6063));
#6060 = ORIENTED_EDGE('',*,*,#5661,.F.);
#6061 = ORIENTED_EDGE('',*,*,#6044,.F.);
#6062 = ORIENTED_EDGE('',*,*,#5440,.T.);
#6063 = ORIENTED_EDGE('',*,*,#6064,.T.);
#6064 = EDGE_CURVE('',#5434,#5662,#6065,.T.);
#6065 = B_SPLINE_CURVE_WITH_KNOTS('',1,(#6066,#6067),.UNSPECIFIED.,.F.,
  .F.,(2,2),(0.,1.E-02),.PIECEWISE_BEZIER_KNOTS.);
#6066 = CARTESIAN_POINT('',(-0.494109319581,-1.005,0.455998154686));
#6067 = CARTESIAN_POINT('',(-0.494109319581,-0.995,0.455998154686));
#6068 = B_SPLINE_SURFACE_WITH_KNOTS('',1,1,(
    (#6069,#6070)
    ,(#6071,#6072
    )),.UNSPECIFIED.,.F.,.F.,.F.,(2,2),(2,2),(0.,4.644252026466E-03),(0.
    ,1.E-02),.PIECEWISE_BEZIER_KNOTS.);
#6069 = CARTESIAN_POINT('',(-0.494109319581,-1.005,0.451353902659));
#6070 = CARTESIAN_POINT('',(-0.494109319581,-0.995,0.451353902659));
#6071 = CARTESIAN_POINT('',(-0.494109319581,-1.005,0.455998154686));
#6072 = CARTESIAN_POINT('',(-0.494109319581,-0.995,0.455998154686));
#6073 = ADVANCED_FACE('',(#6074),#6080,.T.);
#6074 = FACE_BOUND('',#6075,.T.);
#6075 = EDGE_LOOP('',(#6076,#6077,#6078,#6079));
#6076 = ORIENTED_EDGE('',*,*,#5668,.F.);
#6077 = ORIENTED_EDGE('',*,*,#6064,.F.);
#6078 = ORIENTED_EDGE('',*,*,#5433,.T.);
#6079 = ORIENTED_EDGE('',*,*,#5938,.T.);
#6080 = B_SPLINE_SURFACE_WITH_KNOTS('',1,1,(
    (#6081,#6082)
    ,(#6083,#6084
    )),.UNSPECIFIED.,.F.,.F.,.F.,(2,2),(2,2),(0.,1.143549897591E-02),(0.
    ,1.E-02),.PIECEWISE_BEZIER_KNOTS.);
#6081 = CARTESIAN_POINT('',(-0.494109319581,-1.005,0.455998154686));
#6082 = CARTESIAN_POINT('',(-0.494109319581,-0.995,0.455998154686));
#6083 = CARTESIAN_POINT('',(-0.505442680868,-1.005,0.454473176409));
#6084 = CARTESIAN_POINT('',(-0.505442680868,-0.995,0.454473176409));
#6085 = MANIFOLD_SOLID_BREP('',#6086);
#6086 = CLOSED_SHELL('',(#6087,#6131,#6159,#6195,#6231,#6267,#6303,#6339
    ,#6375,#6411,#6447,#6483,#6519,#6547,#6583,#6619,#6655,#6691,#6727,
    #6763,#6799,#6827,#6856));
#6087 = ADVANCED_FACE('',(#6088),#6122,.F.);
#6088 = FACE_BOUND('',#6089,.F.);
#6089 = EDGE_LOOP('',(#6090,#6099,#6108,#6115));
#6090 = ORIENTED_EDGE('',*,*,#6091,.F.);
#6091 = EDGE_CURVE('',#6092,#6094,#6096,.T.);
#6092 = VERTEX_POINT('',#6093);
#6093 = CARTESIAN_POINT('',(-0.460143894314,-1.005,0.437490463775));
#6094 = VERTEX_POINT('',#6095);
#6095 = CARTESIAN_POINT('',(-0.460143894314,-0.995,0.437490463775));
#6096 = B_SPLINE_CURVE_WITH_KNOTS('',1,(#6097,#6098),.UNSPECIFIED.,.F.,
  .F.,(2,2),(0.,1.E-02),.PIECEWISE_BEZIER_KNOTS.);
#6097 = CARTESIAN_POINT('',(-0.460143894314,-1.005,0.437490463775));
#6098 = CARTESIAN_POINT('',(-0.460143894314,-0.995,0.437490463775));
#6099 = ORIENTED_EDGE('',*,*,#6100,.T.);
#6100 = EDGE_CURVE('',#6092,#6101,#6103,.T.);
#6101 = VERTEX_POINT('',#6102);
#6102 = CARTESIAN_POINT('',(-0.47411130899,-1.005,0.442169374398));
#6103 = B_SPLINE_CURVE_WITH_KNOTS('',3,(#6104,#6105,#6106,#6107),
  .UNSPECIFIED.,.F.,.F.,(4,4),(0.,1.),.PIECEWISE_BEZIER_KNOTS.);
#6104 = CARTESIAN_POINT('',(-0.460143894314,-1.005,0.437490463775));
#6105 = CARTESIAN_POINT('',(-0.465134732312,-1.005,0.437490463775));
#6106 = CARTESIAN_POINT('',(-0.469778984339,-1.005,0.43905010065));
#6107 = CARTESIAN_POINT('',(-0.47411130899,-1.005,0.442169374398));
#6108 = ORIENTED_EDGE('',*,*,#6109,.T.);
#6109 = EDGE_CURVE('',#6101,#6110,#6112,.T.);
#6110 = VERTEX_POINT('',#6111);
#6111 = CARTESIAN_POINT('',(-0.47411130899,-0.995,0.442169374398));
#6112 = B_SPLINE_CURVE_WITH_KNOTS('',1,(#6113,#6114),.UNSPECIFIED.,.F.,
  .F.,(2,2),(0.,1.E-02),.PIECEWISE_BEZIER_KNOTS.);
#6113 = CARTESIAN_POINT('',(-0.47411130899,-1.005,0.442169374398));
#6114 = CARTESIAN_POINT('',(-0.47411130899,-0.995,0.442169374398));
#6115 = ORIENTED_EDGE('',*,*,#6116,.F.);
#6116 = EDGE_CURVE('',#6094,#6110,#6117,.T.);
#6117 = B_SPLINE_CURVE_WITH_KNOTS('',3,(#6118,#6119,#6120,#6121),
  .UNSPECIFIED.,.F.,.F.,(4,4),(0.,1.),.PIECEWISE_BEZIER_KNOTS.);
#6118 = CARTESIAN_POINT('',(-0.460143894314,-0.995,0.437490463775));
#6119 = CARTESIAN_POINT('',(-0.465134732312,-0.995,0.437490463775));
#6120 = CARTESIAN_POINT('',(-0.469778984339,-0.995,0.43905010065));
#6121 = CARTESIAN_POINT('',(-0.47411130899,-0.995,0.442169374398));
#6122 = B_SPLINE_SURFACE_WITH_KNOTS('',3,1,(
    (#6123,#6124)
    ,(#6125,#6126)
    ,(#6127,#6128)
    ,(#6129,#6130
    )),.UNSPECIFIED.,.F.,.F.,.F.,(4,4),(2,2),(0.,1.),(0.,1.),
  .PIECEWISE_BEZIER_KNOTS.);
#6123 = CARTESIAN_POINT('',(-0.460143894314,-1.005,0.437490463775));
#6124 = CARTESIAN_POINT('',(-0.460143894314,-0.995,0.437490463775));
#6125 = CARTESIAN_POINT('',(-0.465134732312,-1.005,0.437490463775));
#6126 = CARTESIAN_POINT('',(-0.465134732312,-0.995,0.437490463775));
#6127 = CARTESIAN_POINT('',(-0.469778984339,-1.005,0.43905010065));
#6128 = CARTESIAN_POINT('',(-0.469778984339,-0.995,0.43905010065));
#6129 = CARTESIAN_POINT('',(-0.47411130899,-1.005,0.442169374398));
#6130 = CARTESIAN_POINT('',(-0.47411130899,-0.995,0.442169374398));
#6131 = ADVANCED_FACE('',(#6132),#6154,.F.);
#6132 = FACE_BOUND('',#6133,.T.);
#6133 = EDGE_LOOP('',(#6134,#6141,#6148,#6153));
#6134 = ORIENTED_EDGE('',*,*,#6135,.T.);
#6135 = EDGE_CURVE('',#6110,#6136,#6138,.T.);
#6136 = VERTEX_POINT('',#6137);
#6137 = CARTESIAN_POINT('',(-0.47411130899,-0.995,0.433400749304));
#6138 = B_SPLINE_CURVE_WITH_KNOTS('',1,(#6139,#6140),.UNSPECIFIED.,.F.,
  .F.,(2,2),(-8.768625093982E-03,-0.),.PIECEWISE_BEZIER_KNOTS.);
#6139 = CARTESIAN_POINT('',(-0.47411130899,-0.995,0.442169374398));
#6140 = CARTESIAN_POINT('',(-0.47411130899,-0.995,0.433400749304));
#6141 = ORIENTED_EDGE('',*,*,#6142,.F.);
#6142 = EDGE_CURVE('',#6143,#6136,#6145,.T.);
#6143 = VERTEX_POINT('',#6144);
#6144 = CARTESIAN_POINT('',(-0.47411130899,-1.005,0.433400749304));
#6145 = B_SPLINE_CURVE_WITH_KNOTS('',1,(#6146,#6147),.UNSPECIFIED.,.F.,
  .F.,(2,2),(0.,1.E-02),.PIECEWISE_BEZIER_KNOTS.);
#6146 = CARTESIAN_POINT('',(-0.47411130899,-1.005,0.433400749304));
#6147 = CARTESIAN_POINT('',(-0.47411130899,-0.995,0.433400749304));
#6148 = ORIENTED_EDGE('',*,*,#6149,.F.);
#6149 = EDGE_CURVE('',#6101,#6143,#6150,.T.);
#6150 = B_SPLINE_CURVE_WITH_KNOTS('',1,(#6151,#6152),.UNSPECIFIED.,.F.,
  .F.,(2,2),(-8.768625093982E-03,-0.),.PIECEWISE_BEZIER_KNOTS.);
#6151 = CARTESIAN_POINT('',(-0.47411130899,-1.005,0.442169374398));
#6152 = CARTESIAN_POINT('',(-0.47411130899,-1.005,0.433400749304));
#6153 = ORIENTED_EDGE('',*,*,#6109,.T.);
#6154 = B_SPLINE_SURFACE_WITH_KNOTS('',1,1,(
    (#6155,#6156)
    ,(#6157,#6158
    )),.UNSPECIFIED.,.F.,.F.,.F.,(2,2),(2,2),(-8.768625093982E-03,0.),(
    0.,1.E-02),.PIECEWISE_BEZIER_KNOTS.);
#6155 = CARTESIAN_POINT('',(-0.47411130899,-1.005,0.442169374398));
#6156 = CARTESIAN_POINT('',(-0.47411130899,-0.995,0.442169374398));
#6157 = CARTESIAN_POINT('',(-0.47411130899,-1.005,0.433400749304));
#6158 = CARTESIAN_POINT('',(-0.47411130899,-0.995,0.433400749304));
#6159 = ADVANCED_FACE('',(#6160),#6186,.F.);
#6160 = FACE_BOUND('',#6161,.F.);
#6161 = EDGE_LOOP('',(#6162,#6163,#6172,#6179));
#6162 = ORIENTED_EDGE('',*,*,#6142,.F.);
#6163 = ORIENTED_EDGE('',*,*,#6164,.T.);
#6164 = EDGE_CURVE('',#6143,#6165,#6167,.T.);
#6165 = VERTEX_POINT('',#6166);
#6166 = CARTESIAN_POINT('',(-0.460975700647,-1.005,0.430558744333));
#6167 = B_SPLINE_CURVE_WITH_KNOTS('',3,(#6168,#6169,#6170,#6171),
  .UNSPECIFIED.,.F.,.F.,(4,4),(19.,20.),.PIECEWISE_BEZIER_KNOTS.);
#6168 = CARTESIAN_POINT('',(-0.47411130899,-1.005,0.433400749304));
#6169 = CARTESIAN_POINT('',(-0.470368180491,-1.005,0.431529185055));
#6170 = CARTESIAN_POINT('',(-0.466001197243,-1.005,0.430558744333));
#6171 = CARTESIAN_POINT('',(-0.460975700647,-1.005,0.430558744333));
#6172 = ORIENTED_EDGE('',*,*,#6173,.T.);
#6173 = EDGE_CURVE('',#6165,#6174,#6176,.T.);
#6174 = VERTEX_POINT('',#6175);
#6175 = CARTESIAN_POINT('',(-0.460975700647,-0.995,0.430558744333));
#6176 = B_SPLINE_CURVE_WITH_KNOTS('',1,(#6177,#6178),.UNSPECIFIED.,.F.,
  .F.,(2,2),(0.,1.E-02),.PIECEWISE_BEZIER_KNOTS.);
#6177 = CARTESIAN_POINT('',(-0.460975700647,-1.005,0.430558744333));
#6178 = CARTESIAN_POINT('',(-0.460975700647,-0.995,0.430558744333));
#6179 = ORIENTED_EDGE('',*,*,#6180,.F.);
#6180 = EDGE_CURVE('',#6136,#6174,#6181,.T.);
#6181 = B_SPLINE_CURVE_WITH_KNOTS('',3,(#6182,#6183,#6184,#6185),
  .UNSPECIFIED.,.F.,.F.,(4,4),(19.,20.),.PIECEWISE_BEZIER_KNOTS.);
#6182 = CARTESIAN_POINT('',(-0.47411130899,-0.995,0.433400749304));
#6183 = CARTESIAN_POINT('',(-0.470368180491,-0.995,0.431529185055));
#6184 = CARTESIAN_POINT('',(-0.466001197243,-0.995,0.430558744333));
#6185 = CARTESIAN_POINT('',(-0.460975700647,-0.995,0.430558744333));
#6186 = B_SPLINE_SURFACE_WITH_KNOTS('',3,1,(
    (#6187,#6188)
    ,(#6189,#6190)
    ,(#6191,#6192)
    ,(#6193,#6194
    )),.UNSPECIFIED.,.F.,.F.,.F.,(4,4),(2,2),(19.,20.),(0.,1.),
  .PIECEWISE_BEZIER_KNOTS.);
#6187 = CARTESIAN_POINT('',(-0.47411130899,-1.005,0.433400749304));
#6188 = CARTESIAN_POINT('',(-0.47411130899,-0.995,0.433400749304));
#6189 = CARTESIAN_POINT('',(-0.470368180491,-1.005,0.431529185055));
#6190 = CARTESIAN_POINT('',(-0.470368180491,-0.995,0.431529185055));
#6191 = CARTESIAN_POINT('',(-0.466001197243,-1.005,0.430558744333));
#6192 = CARTESIAN_POINT('',(-0.466001197243,-0.995,0.430558744333));
#6193 = CARTESIAN_POINT('',(-0.460975700647,-1.005,0.430558744333));
#6194 = CARTESIAN_POINT('',(-0.460975700647,-0.995,0.430558744333));
#6195 = ADVANCED_FACE('',(#6196),#6222,.F.);
#6196 = FACE_BOUND('',#6197,.F.);
#6197 = EDGE_LOOP('',(#6198,#6199,#6208,#6215));
#6198 = ORIENTED_EDGE('',*,*,#6173,.F.);
#6199 = ORIENTED_EDGE('',*,*,#6200,.T.);
#6200 = EDGE_CURVE('',#6165,#6201,#6203,.T.);
#6201 = VERTEX_POINT('',#6202);
#6202 = CARTESIAN_POINT('',(-0.446869651583,-1.005,0.434405848623));
#6203 = B_SPLINE_CURVE_WITH_KNOTS('',3,(#6204,#6205,#6206,#6207),
  .UNSPECIFIED.,.F.,.F.,(4,4),(18.,19.),.PIECEWISE_BEZIER_KNOTS.);
#6204 = CARTESIAN_POINT('',(-0.460975700647,-1.005,0.430558744333));
#6205 = CARTESIAN_POINT('',(-0.455205044212,-1.005,0.430558744333));
#6206 = CARTESIAN_POINT('',(-0.450491474991,-1.005,0.43184111243));
#6207 = CARTESIAN_POINT('',(-0.446869651583,-1.005,0.434405848623));
#6208 = ORIENTED_EDGE('',*,*,#6209,.T.);
#6209 = EDGE_CURVE('',#6201,#6210,#6212,.T.);
#6210 = VERTEX_POINT('',#6211);
#6211 = CARTESIAN_POINT('',(-0.446869651583,-0.995,0.434405848623));
#6212 = B_SPLINE_CURVE_WITH_KNOTS('',1,(#6213,#6214),.UNSPECIFIED.,.F.,
  .F.,(2,2),(0.,1.E-02),.PIECEWISE_BEZIER_KNOTS.);
#6213 = CARTESIAN_POINT('',(-0.446869651583,-1.005,0.434405848623));
#6214 = CARTESIAN_POINT('',(-0.446869651583,-0.995,0.434405848623));
#6215 = ORIENTED_EDGE('',*,*,#6216,.F.);
#6216 = EDGE_CURVE('',#6174,#6210,#6217,.T.);
#6217 = B_SPLINE_CURVE_WITH_KNOTS('',3,(#6218,#6219,#6220,#6221),
  .UNSPECIFIED.,.F.,.F.,(4,4),(18.,19.),.PIECEWISE_BEZIER_KNOTS.);
#6218 = CARTESIAN_POINT('',(-0.460975700647,-0.995,0.430558744333));
#6219 = CARTESIAN_POINT('',(-0.455205044212,-0.995,0.430558744333));
#6220 = CARTESIAN_POINT('',(-0.450491474991,-0.995,0.43184111243));
#6221 = CARTESIAN_POINT('',(-0.446869651583,-0.995,0.434405848623));
#6222 = B_SPLINE_SURFACE_WITH_KNOTS('',3,1,(
    (#6223,#6224)
    ,(#6225,#6226)
    ,(#6227,#6228)
    ,(#6229,#6230
    )),.UNSPECIFIED.,.F.,.F.,.F.,(4,4),(2,2),(18.,19.),(0.,1.),
  .PIECEWISE_BEZIER_KNOTS.);
#6223 = CARTESIAN_POINT('',(-0.460975700647,-1.005,0.430558744333));
#6224 = CARTESIAN_POINT('',(-0.460975700647,-0.995,0.430558744333));
#6225 = CARTESIAN_POINT('',(-0.455205044212,-1.005,0.430558744333));
#6226 = CARTESIAN_POINT('',(-0.455205044212,-0.995,0.430558744333));
#6227 = CARTESIAN_POINT('',(-0.450491474991,-1.005,0.43184111243));
#6228 = CARTESIAN_POINT('',(-0.450491474991,-0.995,0.43184111243));
#6229 = CARTESIAN_POINT('',(-0.446869651583,-1.005,0.434405848623));
#6230 = CARTESIAN_POINT('',(-0.446869651583,-0.995,0.434405848623));
#6231 = ADVANCED_FACE('',(#6232),#6258,.F.);
#6232 = FACE_BOUND('',#6233,.F.);
#6233 = EDGE_LOOP('',(#6234,#6235,#6244,#6251));
#6234 = ORIENTED_EDGE('',*,*,#6209,.F.);
#6235 = ORIENTED_EDGE('',*,*,#6236,.T.);
#6236 = EDGE_CURVE('',#6201,#6237,#6239,.T.);
#6237 = VERTEX_POINT('',#6238);
#6238 = CARTESIAN_POINT('',(-0.441410922522,-1.005,0.444872744981));
#6239 = B_SPLINE_CURVE_WITH_KNOTS('',3,(#6240,#6241,#6242,#6243),
  .UNSPECIFIED.,.F.,.F.,(4,4),(17.,18.),.PIECEWISE_BEZIER_KNOTS.);
#6240 = CARTESIAN_POINT('',(-0.446869651583,-1.005,0.434405848623));
#6241 = CARTESIAN_POINT('',(-0.443230498875,-1.005,0.43693592622));
#6242 = CARTESIAN_POINT('',(-0.441410922522,-1.005,0.440436444538));
#6243 = CARTESIAN_POINT('',(-0.441410922522,-1.005,0.444872744981));
#6244 = ORIENTED_EDGE('',*,*,#6245,.T.);
#6245 = EDGE_CURVE('',#6237,#6246,#6248,.T.);
#6246 = VERTEX_POINT('',#6247);
#6247 = CARTESIAN_POINT('',(-0.441410922522,-0.995,0.444872744981));
#6248 = B_SPLINE_CURVE_WITH_KNOTS('',1,(#6249,#6250),.UNSPECIFIED.,.F.,
  .F.,(2,2),(0.,1.E-02),.PIECEWISE_BEZIER_KNOTS.);
#6249 = CARTESIAN_POINT('',(-0.441410922522,-1.005,0.444872744981));
#6250 = CARTESIAN_POINT('',(-0.441410922522,-0.995,0.444872744981));
#6251 = ORIENTED_EDGE('',*,*,#6252,.F.);
#6252 = EDGE_CURVE('',#6210,#6246,#6253,.T.);
#6253 = B_SPLINE_CURVE_WITH_KNOTS('',3,(#6254,#6255,#6256,#6257),
  .UNSPECIFIED.,.F.,.F.,(4,4),(17.,18.),.PIECEWISE_BEZIER_KNOTS.);
#6254 = CARTESIAN_POINT('',(-0.446869651583,-0.995,0.434405848623));
#6255 = CARTESIAN_POINT('',(-0.443230498875,-0.995,0.43693592622));
#6256 = CARTESIAN_POINT('',(-0.441410922522,-0.995,0.440436444538));
#6257 = CARTESIAN_POINT('',(-0.441410922522,-0.995,0.444872744981));
#6258 = B_SPLINE_SURFACE_WITH_KNOTS('',3,1,(
    (#6259,#6260)
    ,(#6261,#6262)
    ,(#6263,#6264)
    ,(#6265,#6266
    )),.UNSPECIFIED.,.F.,.F.,.F.,(4,4),(2,2),(17.,18.),(0.,1.),
  .PIECEWISE_BEZIER_KNOTS.);
#6259 = CARTESIAN_POINT('',(-0.446869651583,-1.005,0.434405848623));
#6260 = CARTESIAN_POINT('',(-0.446869651583,-0.995,0.434405848623));
#6261 = CARTESIAN_POINT('',(-0.443230498875,-1.005,0.43693592622));
#6262 = CARTESIAN_POINT('',(-0.443230498875,-0.995,0.43693592622));
#6263 = CARTESIAN_POINT('',(-0.441410922522,-1.005,0.440436444538));
#6264 = CARTESIAN_POINT('',(-0.441410922522,-0.995,0.440436444538));
#6265 = CARTESIAN_POINT('',(-0.441410922522,-1.005,0.444872744981));
#6266 = CARTESIAN_POINT('',(-0.441410922522,-0.995,0.444872744981));
#6267 = ADVANCED_FACE('',(#6268),#6294,.F.);
#6268 = FACE_BOUND('',#6269,.F.);
#6269 = EDGE_LOOP('',(#6270,#6271,#6280,#6287));
#6270 = ORIENTED_EDGE('',*,*,#6245,.F.);
#6271 = ORIENTED_EDGE('',*,*,#6272,.T.);
#6272 = EDGE_CURVE('',#6237,#6273,#6275,.T.);
#6273 = VERTEX_POINT('',#6274);
#6274 = CARTESIAN_POINT('',(-0.444252927493,-1.005,0.452878880937));
#6275 = B_SPLINE_CURVE_WITH_KNOTS('',3,(#6276,#6277,#6278,#6279),
  .UNSPECIFIED.,.F.,.F.,(4,4),(16.,17.),.PIECEWISE_BEZIER_KNOTS.);
#6276 = CARTESIAN_POINT('',(-0.441410922522,-1.005,0.444872744981));
#6277 = CARTESIAN_POINT('',(-0.441410922522,-1.005,0.448061335924));
#6278 = CARTESIAN_POINT('',(-0.442364033945,-1.005,0.45073004791));
#6279 = CARTESIAN_POINT('',(-0.444252927493,-1.005,0.452878880937));
#6280 = ORIENTED_EDGE('',*,*,#6281,.T.);
#6281 = EDGE_CURVE('',#6273,#6282,#6284,.T.);
#6282 = VERTEX_POINT('',#6283);
#6283 = CARTESIAN_POINT('',(-0.444252927493,-0.995,0.452878880937));
#6284 = B_SPLINE_CURVE_WITH_KNOTS('',1,(#6285,#6286),.UNSPECIFIED.,.F.,
  .F.,(2,2),(0.,1.E-02),.PIECEWISE_BEZIER_KNOTS.);
#6285 = CARTESIAN_POINT('',(-0.444252927493,-1.005,0.452878880937));
#6286 = CARTESIAN_POINT('',(-0.444252927493,-0.995,0.452878880937));
#6287 = ORIENTED_EDGE('',*,*,#6288,.F.);
#6288 = EDGE_CURVE('',#6246,#6282,#6289,.T.);
#6289 = B_SPLINE_CURVE_WITH_KNOTS('',3,(#6290,#6291,#6292,#6293),
  .UNSPECIFIED.,.F.,.F.,(4,4),(16.,17.),.PIECEWISE_BEZIER_KNOTS.);
#6290 = CARTESIAN_POINT('',(-0.441410922522,-0.995,0.444872744981));
#6291 = CARTESIAN_POINT('',(-0.441410922522,-0.995,0.448061335924));
#6292 = CARTESIAN_POINT('',(-0.442364033945,-0.995,0.45073004791));
#6293 = CARTESIAN_POINT('',(-0.444252927493,-0.995,0.452878880937));
#6294 = B_SPLINE_SURFACE_WITH_KNOTS('',3,1,(
    (#6295,#6296)
    ,(#6297,#6298)
    ,(#6299,#6300)
    ,(#6301,#6302
    )),.UNSPECIFIED.,.F.,.F.,.F.,(4,4),(2,2),(16.,17.),(0.,1.),
  .PIECEWISE_BEZIER_KNOTS.);
#6295 = CARTESIAN_POINT('',(-0.441410922522,-1.005,0.444872744981));
#6296 = CARTESIAN_POINT('',(-0.441410922522,-0.995,0.444872744981));
#6297 = CARTESIAN_POINT('',(-0.441410922522,-1.005,0.448061335924));
#6298 = CARTESIAN_POINT('',(-0.441410922522,-0.995,0.448061335924));
#6299 = CARTESIAN_POINT('',(-0.442364033945,-1.005,0.45073004791));
#6300 = CARTESIAN_POINT('',(-0.442364033945,-0.995,0.45073004791));
#6301 = CARTESIAN_POINT('',(-0.444252927493,-1.005,0.452878880937));
#6302 = CARTESIAN_POINT('',(-0.444252927493,-0.995,0.452878880937));
#6303 = ADVANCED_FACE('',(#6304),#6330,.F.);
#6304 = FACE_BOUND('',#6305,.F.);
#6305 = EDGE_LOOP('',(#6306,#6307,#6316,#6323));
#6306 = ORIENTED_EDGE('',*,*,#6281,.F.);
#6307 = ORIENTED_EDGE('',*,*,#6308,.T.);
#6308 = EDGE_CURVE('',#6273,#6309,#6311,.T.);
#6309 = VERTEX_POINT('',#6310);
#6310 = CARTESIAN_POINT('',(-0.455205044212,-1.005,0.459152087032));
#6311 = B_SPLINE_CURVE_WITH_KNOTS('',3,(#6312,#6313,#6314,#6315),
  .UNSPECIFIED.,.F.,.F.,(4,4),(15.,16.),.PIECEWISE_BEZIER_KNOTS.);
#6312 = CARTESIAN_POINT('',(-0.444252927493,-1.005,0.452878880937));
#6313 = CARTESIAN_POINT('',(-0.44615915034,-1.005,0.455027713964));
#6314 = CARTESIAN_POINT('',(-0.449798303047,-1.005,0.457141888393));
#6315 = CARTESIAN_POINT('',(-0.455205044212,-1.005,0.459152087032));
#6316 = ORIENTED_EDGE('',*,*,#6317,.T.);
#6317 = EDGE_CURVE('',#6309,#6318,#6320,.T.);
#6318 = VERTEX_POINT('',#6319);
#6319 = CARTESIAN_POINT('',(-0.455205044212,-0.995,0.459152087032));
#6320 = B_SPLINE_CURVE_WITH_KNOTS('',1,(#6321,#6322),.UNSPECIFIED.,.F.,
  .F.,(2,2),(0.,1.E-02),.PIECEWISE_BEZIER_KNOTS.);
#6321 = CARTESIAN_POINT('',(-0.455205044212,-1.005,0.459152087032));
#6322 = CARTESIAN_POINT('',(-0.455205044212,-0.995,0.459152087032));
#6323 = ORIENTED_EDGE('',*,*,#6324,.F.);
#6324 = EDGE_CURVE('',#6282,#6318,#6325,.T.);
#6325 = B_SPLINE_CURVE_WITH_KNOTS('',3,(#6326,#6327,#6328,#6329),
  .UNSPECIFIED.,.F.,.F.,(4,4),(15.,16.),.PIECEWISE_BEZIER_KNOTS.);
#6326 = CARTESIAN_POINT('',(-0.444252927493,-0.995,0.452878880937));
#6327 = CARTESIAN_POINT('',(-0.44615915034,-0.995,0.455027713964));
#6328 = CARTESIAN_POINT('',(-0.449798303047,-0.995,0.457141888393));
#6329 = CARTESIAN_POINT('',(-0.455205044212,-0.995,0.459152087032));
#6330 = B_SPLINE_SURFACE_WITH_KNOTS('',3,1,(
    (#6331,#6332)
    ,(#6333,#6334)
    ,(#6335,#6336)
    ,(#6337,#6338
    )),.UNSPECIFIED.,.F.,.F.,.F.,(4,4),(2,2),(15.,16.),(0.,1.),
  .PIECEWISE_BEZIER_KNOTS.);
#6331 = CARTESIAN_POINT('',(-0.444252927493,-1.005,0.452878880937));
#6332 = CARTESIAN_POINT('',(-0.444252927493,-0.995,0.452878880937));
#6333 = CARTESIAN_POINT('',(-0.44615915034,-1.005,0.455027713964));
#6334 = CARTESIAN_POINT('',(-0.44615915034,-0.995,0.455027713964));
#6335 = CARTESIAN_POINT('',(-0.449798303047,-1.005,0.457141888393));
#6336 = CARTESIAN_POINT('',(-0.449798303047,-0.995,0.457141888393));
#6337 = CARTESIAN_POINT('',(-0.455205044212,-1.005,0.459152087032));
#6338 = CARTESIAN_POINT('',(-0.455205044212,-0.995,0.459152087032));
#6339 = ADVANCED_FACE('',(#6340),#6366,.F.);
#6340 = FACE_BOUND('',#6341,.F.);
#6341 = EDGE_LOOP('',(#6342,#6343,#6352,#6359));
#6342 = ORIENTED_EDGE('',*,*,#6317,.F.);
#6343 = ORIENTED_EDGE('',*,*,#6344,.T.);
#6344 = EDGE_CURVE('',#6309,#6345,#6347,.T.);
#6345 = VERTEX_POINT('',#6346);
#6346 = CARTESIAN_POINT('',(-0.463453790348,-1.005,0.463311118697));
#6347 = B_SPLINE_CURVE_WITH_KNOTS('',3,(#6348,#6349,#6350,#6351),
  .UNSPECIFIED.,.F.,.F.,(4,4),(14.,15.),.PIECEWISE_BEZIER_KNOTS.);
#6348 = CARTESIAN_POINT('',(-0.455205044212,-1.005,0.459152087032));
#6349 = CARTESIAN_POINT('',(-0.459468051669,-1.005,0.460815699698));
#6350 = CARTESIAN_POINT('',(-0.462206080848,-1.005,0.462202043586));
#6351 = CARTESIAN_POINT('',(-0.463453790348,-1.005,0.463311118697));
#6352 = ORIENTED_EDGE('',*,*,#6353,.T.);
#6353 = EDGE_CURVE('',#6345,#6354,#6356,.T.);
#6354 = VERTEX_POINT('',#6355);
#6355 = CARTESIAN_POINT('',(-0.463453790348,-0.995,0.463311118697));
#6356 = B_SPLINE_CURVE_WITH_KNOTS('',1,(#6357,#6358),.UNSPECIFIED.,.F.,
  .F.,(2,2),(0.,1.E-02),.PIECEWISE_BEZIER_KNOTS.);
#6357 = CARTESIAN_POINT('',(-0.463453790348,-1.005,0.463311118697));
#6358 = CARTESIAN_POINT('',(-0.463453790348,-0.995,0.463311118697));
#6359 = ORIENTED_EDGE('',*,*,#6360,.F.);
#6360 = EDGE_CURVE('',#6318,#6354,#6361,.T.);
#6361 = B_SPLINE_CURVE_WITH_KNOTS('',3,(#6362,#6363,#6364,#6365),
  .UNSPECIFIED.,.F.,.F.,(4,4),(14.,15.),.PIECEWISE_BEZIER_KNOTS.);
#6362 = CARTESIAN_POINT('',(-0.455205044212,-0.995,0.459152087032));
#6363 = CARTESIAN_POINT('',(-0.459468051669,-0.995,0.460815699698));
#6364 = CARTESIAN_POINT('',(-0.462206080848,-0.995,0.462202043586));
#6365 = CARTESIAN_POINT('',(-0.463453790348,-0.995,0.463311118697));
#6366 = B_SPLINE_SURFACE_WITH_KNOTS('',3,1,(
    (#6367,#6368)
    ,(#6369,#6370)
    ,(#6371,#6372)
    ,(#6373,#6374
    )),.UNSPECIFIED.,.F.,.F.,.F.,(4,4),(2,2),(14.,15.),(0.,1.),
  .PIECEWISE_BEZIER_KNOTS.);
#6367 = CARTESIAN_POINT('',(-0.455205044212,-1.005,0.459152087032));
#6368 = CARTESIAN_POINT('',(-0.455205044212,-0.995,0.459152087032));
#6369 = CARTESIAN_POINT('',(-0.459468051669,-1.005,0.460815699698));
#6370 = CARTESIAN_POINT('',(-0.459468051669,-0.995,0.460815699698));
#6371 = CARTESIAN_POINT('',(-0.462206080848,-1.005,0.462202043586));
#6372 = CARTESIAN_POINT('',(-0.462206080848,-0.995,0.462202043586));
#6373 = CARTESIAN_POINT('',(-0.463453790348,-1.005,0.463311118697));
#6374 = CARTESIAN_POINT('',(-0.463453790348,-0.995,0.463311118697));
#6375 = ADVANCED_FACE('',(#6376),#6402,.F.);
#6376 = FACE_BOUND('',#6377,.F.);
#6377 = EDGE_LOOP('',(#6378,#6379,#6388,#6395));
#6378 = ORIENTED_EDGE('',*,*,#6353,.F.);
#6379 = ORIENTED_EDGE('',*,*,#6380,.T.);
#6380 = EDGE_CURVE('',#6345,#6381,#6383,.T.);
#6381 = VERTEX_POINT('',#6382);
#6382 = CARTESIAN_POINT('',(-0.465308025299,-1.005,0.467816736335));
#6383 = B_SPLINE_CURVE_WITH_KNOTS('',3,(#6384,#6385,#6386,#6387),
  .UNSPECIFIED.,.F.,.F.,(4,4),(13.,14.),.PIECEWISE_BEZIER_KNOTS.);
#6384 = CARTESIAN_POINT('',(-0.463453790348,-1.005,0.463311118697));
#6385 = CARTESIAN_POINT('',(-0.464684170549,-1.005,0.464385535211));
#6386 = CARTESIAN_POINT('',(-0.465308025299,-1.005,0.465875854891));
#6387 = CARTESIAN_POINT('',(-0.465308025299,-1.005,0.467816736335));
#6388 = ORIENTED_EDGE('',*,*,#6389,.T.);
#6389 = EDGE_CURVE('',#6381,#6390,#6392,.T.);
#6390 = VERTEX_POINT('',#6391);
#6391 = CARTESIAN_POINT('',(-0.465308025299,-0.995,0.467816736335));
#6392 = B_SPLINE_CURVE_WITH_KNOTS('',1,(#6393,#6394),.UNSPECIFIED.,.F.,
  .F.,(2,2),(0.,1.E-02),.PIECEWISE_BEZIER_KNOTS.);
#6393 = CARTESIAN_POINT('',(-0.465308025299,-1.005,0.467816736335));
#6394 = CARTESIAN_POINT('',(-0.465308025299,-0.995,0.467816736335));
#6395 = ORIENTED_EDGE('',*,*,#6396,.F.);
#6396 = EDGE_CURVE('',#6354,#6390,#6397,.T.);
#6397 = B_SPLINE_CURVE_WITH_KNOTS('',3,(#6398,#6399,#6400,#6401),
  .UNSPECIFIED.,.F.,.F.,(4,4),(13.,14.),.PIECEWISE_BEZIER_KNOTS.);
#6398 = CARTESIAN_POINT('',(-0.463453790348,-0.995,0.463311118697));
#6399 = CARTESIAN_POINT('',(-0.464684170549,-0.995,0.464385535211));
#6400 = CARTESIAN_POINT('',(-0.465308025299,-0.995,0.465875854891));
#6401 = CARTESIAN_POINT('',(-0.465308025299,-0.995,0.467816736335));
#6402 = B_SPLINE_SURFACE_WITH_KNOTS('',3,1,(
    (#6403,#6404)
    ,(#6405,#6406)
    ,(#6407,#6408)
    ,(#6409,#6410
    )),.UNSPECIFIED.,.F.,.F.,.F.,(4,4),(2,2),(13.,14.),(0.,1.),
  .PIECEWISE_BEZIER_KNOTS.);
#6403 = CARTESIAN_POINT('',(-0.463453790348,-1.005,0.463311118697));
#6404 = CARTESIAN_POINT('',(-0.463453790348,-0.995,0.463311118697));
#6405 = CARTESIAN_POINT('',(-0.464684170549,-1.005,0.464385535211));
#6406 = CARTESIAN_POINT('',(-0.464684170549,-0.995,0.464385535211));
#6407 = CARTESIAN_POINT('',(-0.465308025299,-1.005,0.465875854891));
#6408 = CARTESIAN_POINT('',(-0.465308025299,-0.995,0.465875854891));
#6409 = CARTESIAN_POINT('',(-0.465308025299,-1.005,0.467816736335));
#6410 = CARTESIAN_POINT('',(-0.465308025299,-0.995,0.467816736335));
#6411 = ADVANCED_FACE('',(#6412),#6438,.F.);
#6412 = FACE_BOUND('',#6413,.F.);
#6413 = EDGE_LOOP('',(#6414,#6415,#6424,#6431));
#6414 = ORIENTED_EDGE('',*,*,#6389,.F.);
#6415 = ORIENTED_EDGE('',*,*,#6416,.T.);
#6416 = EDGE_CURVE('',#6381,#6417,#6419,.T.);
#6417 = VERTEX_POINT('',#6418);
#6418 = CARTESIAN_POINT('',(-0.462725959806,-1.005,0.472530305555));
#6419 = B_SPLINE_CURVE_WITH_KNOTS('',3,(#6420,#6421,#6422,#6423),
  .UNSPECIFIED.,.F.,.F.,(4,4),(12.,13.),.PIECEWISE_BEZIER_KNOTS.);
#6420 = CARTESIAN_POINT('',(-0.465308025299,-1.005,0.467816736335));
#6421 = CARTESIAN_POINT('',(-0.465308025299,-1.005,0.469757617778));
#6422 = CARTESIAN_POINT('',(-0.464441560368,-1.005,0.47135191325));
#6423 = CARTESIAN_POINT('',(-0.462725959806,-1.005,0.472530305555));
#6424 = ORIENTED_EDGE('',*,*,#6425,.T.);
#6425 = EDGE_CURVE('',#6417,#6426,#6428,.T.);
#6426 = VERTEX_POINT('',#6427);
#6427 = CARTESIAN_POINT('',(-0.462725959806,-0.995,0.472530305555));
#6428 = B_SPLINE_CURVE_WITH_KNOTS('',1,(#6429,#6430),.UNSPECIFIED.,.F.,
  .F.,(2,2),(0.,1.E-02),.PIECEWISE_BEZIER_KNOTS.);
#6429 = CARTESIAN_POINT('',(-0.462725959806,-1.005,0.472530305555));
#6430 = CARTESIAN_POINT('',(-0.462725959806,-0.995,0.472530305555));
#6431 = ORIENTED_EDGE('',*,*,#6432,.F.);
#6432 = EDGE_CURVE('',#6390,#6426,#6433,.T.);
#6433 = B_SPLINE_CURVE_WITH_KNOTS('',3,(#6434,#6435,#6436,#6437),
  .UNSPECIFIED.,.F.,.F.,(4,4),(12.,13.),.PIECEWISE_BEZIER_KNOTS.);
#6434 = CARTESIAN_POINT('',(-0.465308025299,-0.995,0.467816736335));
#6435 = CARTESIAN_POINT('',(-0.465308025299,-0.995,0.469757617778));
#6436 = CARTESIAN_POINT('',(-0.464441560368,-0.995,0.47135191325));
#6437 = CARTESIAN_POINT('',(-0.462725959806,-0.995,0.472530305555));
#6438 = B_SPLINE_SURFACE_WITH_KNOTS('',3,1,(
    (#6439,#6440)
    ,(#6441,#6442)
    ,(#6443,#6444)
    ,(#6445,#6446
    )),.UNSPECIFIED.,.F.,.F.,.F.,(4,4),(2,2),(12.,13.),(0.,1.),
  .PIECEWISE_BEZIER_KNOTS.);
#6439 = CARTESIAN_POINT('',(-0.465308025299,-1.005,0.467816736335));
#6440 = CARTESIAN_POINT('',(-0.465308025299,-0.995,0.467816736335));
#6441 = CARTESIAN_POINT('',(-0.465308025299,-1.005,0.469757617778));
#6442 = CARTESIAN_POINT('',(-0.465308025299,-0.995,0.469757617778));
#6443 = CARTESIAN_POINT('',(-0.464441560368,-1.005,0.47135191325));
#6444 = CARTESIAN_POINT('',(-0.464441560368,-0.995,0.47135191325));
#6445 = CARTESIAN_POINT('',(-0.462725959806,-1.005,0.472530305555));
#6446 = CARTESIAN_POINT('',(-0.462725959806,-0.995,0.472530305555));
#6447 = ADVANCED_FACE('',(#6448),#6474,.F.);
#6448 = FACE_BOUND('',#6449,.F.);
#6449 = EDGE_LOOP('',(#6450,#6451,#6460,#6467));
#6450 = ORIENTED_EDGE('',*,*,#6425,.F.);
#6451 = ORIENTED_EDGE('',*,*,#6452,.T.);
#6452 = EDGE_CURVE('',#6417,#6453,#6455,.T.);
#6453 = VERTEX_POINT('',#6454);
#6454 = CARTESIAN_POINT('',(-0.456036850545,-1.005,0.47433255261));
#6455 = B_SPLINE_CURVE_WITH_KNOTS('',3,(#6456,#6457,#6458,#6459),
  .UNSPECIFIED.,.F.,.F.,(4,4),(11.,12.),.PIECEWISE_BEZIER_KNOTS.);
#6456 = CARTESIAN_POINT('',(-0.462725959806,-1.005,0.472530305555));
#6457 = CARTESIAN_POINT('',(-0.461010359245,-1.005,0.473743356457));
#6458 = CARTESIAN_POINT('',(-0.458774879724,-1.005,0.47433255261));
#6459 = CARTESIAN_POINT('',(-0.456036850545,-1.005,0.47433255261));
#6460 = ORIENTED_EDGE('',*,*,#6461,.T.);
#6461 = EDGE_CURVE('',#6453,#6462,#6464,.T.);
#6462 = VERTEX_POINT('',#6463);
#6463 = CARTESIAN_POINT('',(-0.456036850545,-0.995,0.47433255261));
#6464 = B_SPLINE_CURVE_WITH_KNOTS('',1,(#6465,#6466),.UNSPECIFIED.,.F.,
  .F.,(2,2),(0.,1.E-02),.PIECEWISE_BEZIER_KNOTS.);
#6465 = CARTESIAN_POINT('',(-0.456036850545,-1.005,0.47433255261));
#6466 = CARTESIAN_POINT('',(-0.456036850545,-0.995,0.47433255261));
#6467 = ORIENTED_EDGE('',*,*,#6468,.F.);
#6468 = EDGE_CURVE('',#6426,#6462,#6469,.T.);
#6469 = B_SPLINE_CURVE_WITH_KNOTS('',3,(#6470,#6471,#6472,#6473),
  .UNSPECIFIED.,.F.,.F.,(4,4),(11.,12.),.PIECEWISE_BEZIER_KNOTS.);
#6470 = CARTESIAN_POINT('',(-0.462725959806,-0.995,0.472530305555));
#6471 = CARTESIAN_POINT('',(-0.461010359245,-0.995,0.473743356457));
#6472 = CARTESIAN_POINT('',(-0.458774879724,-0.995,0.47433255261));
#6473 = CARTESIAN_POINT('',(-0.456036850545,-0.995,0.47433255261));
#6474 = B_SPLINE_SURFACE_WITH_KNOTS('',3,1,(
    (#6475,#6476)
    ,(#6477,#6478)
    ,(#6479,#6480)
    ,(#6481,#6482
    )),.UNSPECIFIED.,.F.,.F.,.F.,(4,4),(2,2),(11.,12.),(0.,1.),
  .PIECEWISE_BEZIER_KNOTS.);
#6475 = CARTESIAN_POINT('',(-0.462725959806,-1.005,0.472530305555));
#6476 = CARTESIAN_POINT('',(-0.462725959806,-0.995,0.472530305555));
#6477 = CARTESIAN_POINT('',(-0.461010359245,-1.005,0.473743356457));
#6478 = CARTESIAN_POINT('',(-0.461010359245,-0.995,0.473743356457));
#6479 = CARTESIAN_POINT('',(-0.458774879724,-1.005,0.47433255261));
#6480 = CARTESIAN_POINT('',(-0.458774879724,-0.995,0.47433255261));
#6481 = CARTESIAN_POINT('',(-0.456036850545,-1.005,0.47433255261));
#6482 = CARTESIAN_POINT('',(-0.456036850545,-0.995,0.47433255261));
#6483 = ADVANCED_FACE('',(#6484),#6510,.F.);
#6484 = FACE_BOUND('',#6485,.F.);
#6485 = EDGE_LOOP('',(#6486,#6487,#6496,#6503));
#6486 = ORIENTED_EDGE('',*,*,#6461,.F.);
#6487 = ORIENTED_EDGE('',*,*,#6488,.T.);
#6488 = EDGE_CURVE('',#6453,#6489,#6491,.T.);
#6489 = VERTEX_POINT('',#6490);
#6490 = CARTESIAN_POINT('',(-0.443733048535,-1.005,0.470832034292));
#6491 = B_SPLINE_CURVE_WITH_KNOTS('',3,(#6492,#6493,#6494,#6495),
  .UNSPECIFIED.,.F.,.F.,(4,4),(10.,11.),.PIECEWISE_BEZIER_KNOTS.);
#6492 = CARTESIAN_POINT('',(-0.456036850545,-1.005,0.47433255261));
#6493 = CARTESIAN_POINT('',(-0.451444586414,-1.005,0.47433255261));
#6494 = CARTESIAN_POINT('',(-0.447354871943,-1.005,0.473154160305));
#6495 = CARTESIAN_POINT('',(-0.443733048535,-1.005,0.470832034292));
#6496 = ORIENTED_EDGE('',*,*,#6497,.T.);
#6497 = EDGE_CURVE('',#6489,#6498,#6500,.T.);
#6498 = VERTEX_POINT('',#6499);
#6499 = CARTESIAN_POINT('',(-0.443733048535,-0.995,0.470832034292));
#6500 = B_SPLINE_CURVE_WITH_KNOTS('',1,(#6501,#6502),.UNSPECIFIED.,.F.,
  .F.,(2,2),(0.,1.E-02),.PIECEWISE_BEZIER_KNOTS.);
#6501 = CARTESIAN_POINT('',(-0.443733048535,-1.005,0.470832034292));
#6502 = CARTESIAN_POINT('',(-0.443733048535,-0.995,0.470832034292));
#6503 = ORIENTED_EDGE('',*,*,#6504,.F.);
#6504 = EDGE_CURVE('',#6462,#6498,#6505,.T.);
#6505 = B_SPLINE_CURVE_WITH_KNOTS('',3,(#6506,#6507,#6508,#6509),
  .UNSPECIFIED.,.F.,.F.,(4,4),(10.,11.),.PIECEWISE_BEZIER_KNOTS.);
#6506 = CARTESIAN_POINT('',(-0.456036850545,-0.995,0.47433255261));
#6507 = CARTESIAN_POINT('',(-0.451444586414,-0.995,0.47433255261));
#6508 = CARTESIAN_POINT('',(-0.447354871943,-0.995,0.473154160305));
#6509 = CARTESIAN_POINT('',(-0.443733048535,-0.995,0.470832034292));
#6510 = B_SPLINE_SURFACE_WITH_KNOTS('',3,1,(
    (#6511,#6512)
    ,(#6513,#6514)
    ,(#6515,#6516)
    ,(#6517,#6518
    )),.UNSPECIFIED.,.F.,.F.,.F.,(4,4),(2,2),(10.,11.),(0.,1.),
  .PIECEWISE_BEZIER_KNOTS.);
#6511 = CARTESIAN_POINT('',(-0.456036850545,-1.005,0.47433255261));
#6512 = CARTESIAN_POINT('',(-0.456036850545,-0.995,0.47433255261));
#6513 = CARTESIAN_POINT('',(-0.451444586414,-1.005,0.47433255261));
#6514 = CARTESIAN_POINT('',(-0.451444586414,-0.995,0.47433255261));
#6515 = CARTESIAN_POINT('',(-0.447354871943,-1.005,0.473154160305));
#6516 = CARTESIAN_POINT('',(-0.447354871943,-0.995,0.473154160305));
#6517 = CARTESIAN_POINT('',(-0.443733048535,-1.005,0.470832034292));
#6518 = CARTESIAN_POINT('',(-0.443733048535,-0.995,0.470832034292));
#6519 = ADVANCED_FACE('',(#6520),#6542,.F.);
#6520 = FACE_BOUND('',#6521,.T.);
#6521 = EDGE_LOOP('',(#6522,#6529,#6536,#6541));
#6522 = ORIENTED_EDGE('',*,*,#6523,.T.);
#6523 = EDGE_CURVE('',#6498,#6524,#6526,.T.);
#6524 = VERTEX_POINT('',#6525);
#6525 = CARTESIAN_POINT('',(-0.443733048535,-0.995,0.479080780428));
#6526 = B_SPLINE_CURVE_WITH_KNOTS('',1,(#6527,#6528),.UNSPECIFIED.,.F.,
  .F.,(2,2),(-8.248746135954E-03,0.),.PIECEWISE_BEZIER_KNOTS.);
#6527 = CARTESIAN_POINT('',(-0.443733048535,-0.995,0.470832034292));
#6528 = CARTESIAN_POINT('',(-0.443733048535,-0.995,0.479080780428));
#6529 = ORIENTED_EDGE('',*,*,#6530,.F.);
#6530 = EDGE_CURVE('',#6531,#6524,#6533,.T.);
#6531 = VERTEX_POINT('',#6532);
#6532 = CARTESIAN_POINT('',(-0.443733048535,-1.005,0.479080780428));
#6533 = B_SPLINE_CURVE_WITH_KNOTS('',1,(#6534,#6535),.UNSPECIFIED.,.F.,
  .F.,(2,2),(0.,1.E-02),.PIECEWISE_BEZIER_KNOTS.);
#6534 = CARTESIAN_POINT('',(-0.443733048535,-1.005,0.479080780428));
#6535 = CARTESIAN_POINT('',(-0.443733048535,-0.995,0.479080780428));
#6536 = ORIENTED_EDGE('',*,*,#6537,.F.);
#6537 = EDGE_CURVE('',#6489,#6531,#6538,.T.);
#6538 = B_SPLINE_CURVE_WITH_KNOTS('',1,(#6539,#6540),.UNSPECIFIED.,.F.,
  .F.,(2,2),(-8.248746135954E-03,0.),.PIECEWISE_BEZIER_KNOTS.);
#6539 = CARTESIAN_POINT('',(-0.443733048535,-1.005,0.470832034292));
#6540 = CARTESIAN_POINT('',(-0.443733048535,-1.005,0.479080780428));
#6541 = ORIENTED_EDGE('',*,*,#6497,.T.);
#6542 = B_SPLINE_SURFACE_WITH_KNOTS('',1,1,(
    (#6543,#6544)
    ,(#6545,#6546
    )),.UNSPECIFIED.,.F.,.F.,.F.,(2,2),(2,2),(-8.248746135954E-03,0.),(
    0.,1.E-02),.PIECEWISE_BEZIER_KNOTS.);
#6543 = CARTESIAN_POINT('',(-0.443733048535,-1.005,0.470832034292));
#6544 = CARTESIAN_POINT('',(-0.443733048535,-0.995,0.470832034292));
#6545 = CARTESIAN_POINT('',(-0.443733048535,-1.005,0.479080780428));
#6546 = CARTESIAN_POINT('',(-0.443733048535,-0.995,0.479080780428));
#6547 = ADVANCED_FACE('',(#6548),#6574,.F.);
#6548 = FACE_BOUND('',#6549,.F.);
#6549 = EDGE_LOOP('',(#6550,#6551,#6560,#6567));
#6550 = ORIENTED_EDGE('',*,*,#6530,.F.);
#6551 = ORIENTED_EDGE('',*,*,#6552,.T.);
#6552 = EDGE_CURVE('',#6531,#6553,#6555,.T.);
#6553 = VERTEX_POINT('',#6554);
#6554 = CARTESIAN_POINT('',(-0.455205044212,-1.005,0.481229613455));
#6555 = B_SPLINE_CURVE_WITH_KNOTS('',3,(#6556,#6557,#6558,#6559),
  .UNSPECIFIED.,.F.,.F.,(4,4),(8.,9.),.PIECEWISE_BEZIER_KNOTS.);
#6556 = CARTESIAN_POINT('',(-0.443733048535,-1.005,0.479080780428));
#6557 = CARTESIAN_POINT('',(-0.44726822545,-1.005,0.480536441511));
#6558 = CARTESIAN_POINT('',(-0.451080671144,-1.005,0.481229613455));
#6559 = CARTESIAN_POINT('',(-0.455205044212,-1.005,0.481229613455));
#6560 = ORIENTED_EDGE('',*,*,#6561,.T.);
#6561 = EDGE_CURVE('',#6553,#6562,#6564,.T.);
#6562 = VERTEX_POINT('',#6563);
#6563 = CARTESIAN_POINT('',(-0.455205044212,-0.995,0.481229613455));
#6564 = B_SPLINE_CURVE_WITH_KNOTS('',1,(#6565,#6566),.UNSPECIFIED.,.F.,
  .F.,(2,2),(0.,1.E-02),.PIECEWISE_BEZIER_KNOTS.);
#6565 = CARTESIAN_POINT('',(-0.455205044212,-1.005,0.481229613455));
#6566 = CARTESIAN_POINT('',(-0.455205044212,-0.995,0.481229613455));
#6567 = ORIENTED_EDGE('',*,*,#6568,.F.);
#6568 = EDGE_CURVE('',#6524,#6562,#6569,.T.);
#6569 = B_SPLINE_CURVE_WITH_KNOTS('',3,(#6570,#6571,#6572,#6573),
  .UNSPECIFIED.,.F.,.F.,(4,4),(8.,9.),.PIECEWISE_BEZIER_KNOTS.);
#6570 = CARTESIAN_POINT('',(-0.443733048535,-0.995,0.479080780428));
#6571 = CARTESIAN_POINT('',(-0.44726822545,-0.995,0.480536441511));
#6572 = CARTESIAN_POINT('',(-0.451080671144,-0.995,0.481229613455));
#6573 = CARTESIAN_POINT('',(-0.455205044212,-0.995,0.481229613455));
#6574 = B_SPLINE_SURFACE_WITH_KNOTS('',3,1,(
    (#6575,#6576)
    ,(#6577,#6578)
    ,(#6579,#6580)
    ,(#6581,#6582
    )),.UNSPECIFIED.,.F.,.F.,.F.,(4,4),(2,2),(8.,9.),(0.,1.),
  .PIECEWISE_BEZIER_KNOTS.);
#6575 = CARTESIAN_POINT('',(-0.443733048535,-1.005,0.479080780428));
#6576 = CARTESIAN_POINT('',(-0.443733048535,-0.995,0.479080780428));
#6577 = CARTESIAN_POINT('',(-0.44726822545,-1.005,0.480536441511));
#6578 = CARTESIAN_POINT('',(-0.44726822545,-0.995,0.480536441511));
#6579 = CARTESIAN_POINT('',(-0.451080671144,-1.005,0.481229613455));
#6580 = CARTESIAN_POINT('',(-0.451080671144,-0.995,0.481229613455));
#6581 = CARTESIAN_POINT('',(-0.455205044212,-1.005,0.481229613455));
#6582 = CARTESIAN_POINT('',(-0.455205044212,-0.995,0.481229613455));
#6583 = ADVANCED_FACE('',(#6584),#6610,.F.);
#6584 = FACE_BOUND('',#6585,.F.);
#6585 = EDGE_LOOP('',(#6586,#6587,#6596,#6603));
#6586 = ORIENTED_EDGE('',*,*,#6561,.F.);
#6587 = ORIENTED_EDGE('',*,*,#6588,.T.);
#6588 = EDGE_CURVE('',#6553,#6589,#6591,.T.);
#6589 = VERTEX_POINT('',#6590);
#6590 = CARTESIAN_POINT('',(-0.468617921332,-1.005,0.477382509164));
#6591 = B_SPLINE_CURVE_WITH_KNOTS('',3,(#6592,#6593,#6594,#6595),
  .UNSPECIFIED.,.F.,.F.,(4,4),(7.,8.),.PIECEWISE_BEZIER_KNOTS.);
#6592 = CARTESIAN_POINT('',(-0.455205044212,-1.005,0.481229613455));
#6593 = CARTESIAN_POINT('',(-0.460507809585,-1.005,0.481229613455));
#6594 = CARTESIAN_POINT('',(-0.464978768625,-1.005,0.479947245358));
#6595 = CARTESIAN_POINT('',(-0.468617921332,-1.005,0.477382509164));
#6596 = ORIENTED_EDGE('',*,*,#6597,.T.);
#6597 = EDGE_CURVE('',#6589,#6598,#6600,.T.);
#6598 = VERTEX_POINT('',#6599);
#6599 = CARTESIAN_POINT('',(-0.468617921332,-0.995,0.477382509164));
#6600 = B_SPLINE_CURVE_WITH_KNOTS('',1,(#6601,#6602),.UNSPECIFIED.,.F.,
  .F.,(2,2),(0.,1.E-02),.PIECEWISE_BEZIER_KNOTS.);
#6601 = CARTESIAN_POINT('',(-0.468617921332,-1.005,0.477382509164));
#6602 = CARTESIAN_POINT('',(-0.468617921332,-0.995,0.477382509164));
#6603 = ORIENTED_EDGE('',*,*,#6604,.F.);
#6604 = EDGE_CURVE('',#6562,#6598,#6605,.T.);
#6605 = B_SPLINE_CURVE_WITH_KNOTS('',3,(#6606,#6607,#6608,#6609),
  .UNSPECIFIED.,.F.,.F.,(4,4),(7.,8.),.PIECEWISE_BEZIER_KNOTS.);
#6606 = CARTESIAN_POINT('',(-0.455205044212,-0.995,0.481229613455));
#6607 = CARTESIAN_POINT('',(-0.460507809585,-0.995,0.481229613455));
#6608 = CARTESIAN_POINT('',(-0.464978768625,-0.995,0.479947245358));
#6609 = CARTESIAN_POINT('',(-0.468617921332,-0.995,0.477382509164));
#6610 = B_SPLINE_SURFACE_WITH_KNOTS('',3,1,(
    (#6611,#6612)
    ,(#6613,#6614)
    ,(#6615,#6616)
    ,(#6617,#6618
    )),.UNSPECIFIED.,.F.,.F.,.F.,(4,4),(2,2),(7.,8.),(0.,1.),
  .PIECEWISE_BEZIER_KNOTS.);
#6611 = CARTESIAN_POINT('',(-0.455205044212,-1.005,0.481229613455));
#6612 = CARTESIAN_POINT('',(-0.455205044212,-0.995,0.481229613455));
#6613 = CARTESIAN_POINT('',(-0.460507809585,-1.005,0.481229613455));
#6614 = CARTESIAN_POINT('',(-0.460507809585,-0.995,0.481229613455));
#6615 = CARTESIAN_POINT('',(-0.464978768625,-1.005,0.479947245358));
#6616 = CARTESIAN_POINT('',(-0.464978768625,-0.995,0.479947245358));
#6617 = CARTESIAN_POINT('',(-0.468617921332,-1.005,0.477382509164));
#6618 = CARTESIAN_POINT('',(-0.468617921332,-0.995,0.477382509164));
#6619 = ADVANCED_FACE('',(#6620),#6646,.F.);
#6620 = FACE_BOUND('',#6621,.F.);
#6621 = EDGE_LOOP('',(#6622,#6623,#6632,#6639));
#6622 = ORIENTED_EDGE('',*,*,#6597,.F.);
#6623 = ORIENTED_EDGE('',*,*,#6624,.T.);
#6624 = EDGE_CURVE('',#6589,#6625,#6627,.T.);
#6625 = VERTEX_POINT('',#6626);
#6626 = CARTESIAN_POINT('',(-0.474059321094,-1.005,0.467054247196));
#6627 = B_SPLINE_CURVE_WITH_KNOTS('',3,(#6628,#6629,#6630,#6631),
  .UNSPECIFIED.,.F.,.F.,(4,4),(6.,7.),.PIECEWISE_BEZIER_KNOTS.);
#6628 = CARTESIAN_POINT('',(-0.468617921332,-1.005,0.477382509164));
#6629 = CARTESIAN_POINT('',(-0.472239744741,-1.005,0.474783114374));
#6630 = CARTESIAN_POINT('',(-0.474059321094,-1.005,0.47135191325));
#6631 = CARTESIAN_POINT('',(-0.474059321094,-1.005,0.467054247196));
#6632 = ORIENTED_EDGE('',*,*,#6633,.T.);
#6633 = EDGE_CURVE('',#6625,#6634,#6636,.T.);
#6634 = VERTEX_POINT('',#6635);
#6635 = CARTESIAN_POINT('',(-0.474059321094,-0.995,0.467054247196));
#6636 = B_SPLINE_CURVE_WITH_KNOTS('',1,(#6637,#6638),.UNSPECIFIED.,.F.,
  .F.,(2,2),(0.,1.E-02),.PIECEWISE_BEZIER_KNOTS.);
#6637 = CARTESIAN_POINT('',(-0.474059321094,-1.005,0.467054247196));
#6638 = CARTESIAN_POINT('',(-0.474059321094,-0.995,0.467054247196));
#6639 = ORIENTED_EDGE('',*,*,#6640,.F.);
#6640 = EDGE_CURVE('',#6598,#6634,#6641,.T.);
#6641 = B_SPLINE_CURVE_WITH_KNOTS('',3,(#6642,#6643,#6644,#6645),
  .UNSPECIFIED.,.F.,.F.,(4,4),(6.,7.),.PIECEWISE_BEZIER_KNOTS.);
#6642 = CARTESIAN_POINT('',(-0.468617921332,-0.995,0.477382509164));
#6643 = CARTESIAN_POINT('',(-0.472239744741,-0.995,0.474783114374));
#6644 = CARTESIAN_POINT('',(-0.474059321094,-0.995,0.47135191325));
#6645 = CARTESIAN_POINT('',(-0.474059321094,-0.995,0.467054247196));
#6646 = B_SPLINE_SURFACE_WITH_KNOTS('',3,1,(
    (#6647,#6648)
    ,(#6649,#6650)
    ,(#6651,#6652)
    ,(#6653,#6654
    )),.UNSPECIFIED.,.F.,.F.,.F.,(4,4),(2,2),(6.,7.),(0.,1.),
  .PIECEWISE_BEZIER_KNOTS.);
#6647 = CARTESIAN_POINT('',(-0.468617921332,-1.005,0.477382509164));
#6648 = CARTESIAN_POINT('',(-0.468617921332,-0.995,0.477382509164));
#6649 = CARTESIAN_POINT('',(-0.472239744741,-1.005,0.474783114374));
#6650 = CARTESIAN_POINT('',(-0.472239744741,-0.995,0.474783114374));
#6651 = CARTESIAN_POINT('',(-0.474059321094,-1.005,0.47135191325));
#6652 = CARTESIAN_POINT('',(-0.474059321094,-0.995,0.47135191325));
#6653 = CARTESIAN_POINT('',(-0.474059321094,-1.005,0.467054247196));
#6654 = CARTESIAN_POINT('',(-0.474059321094,-0.995,0.467054247196));
#6655 = ADVANCED_FACE('',(#6656),#6682,.F.);
#6656 = FACE_BOUND('',#6657,.F.);
#6657 = EDGE_LOOP('',(#6658,#6659,#6668,#6675));
#6658 = ORIENTED_EDGE('',*,*,#6633,.F.);
#6659 = ORIENTED_EDGE('',*,*,#6660,.T.);
#6660 = EDGE_CURVE('',#6625,#6661,#6663,.T.);
#6661 = VERTEX_POINT('',#6662);
#6662 = CARTESIAN_POINT('',(-0.471650548588,-1.005,0.459394697212));
#6663 = B_SPLINE_CURVE_WITH_KNOTS('',3,(#6664,#6665,#6666,#6667),
  .UNSPECIFIED.,.F.,.F.,(4,4),(5.,6.),.PIECEWISE_BEZIER_KNOTS.);
#6664 = CARTESIAN_POINT('',(-0.474059321094,-1.005,0.467054247196));
#6665 = CARTESIAN_POINT('',(-0.474059321094,-1.005,0.464073607836));
#6666 = CARTESIAN_POINT('',(-0.473262173358,-1.005,0.461508871642));
#6667 = CARTESIAN_POINT('',(-0.471650548588,-1.005,0.459394697212));
#6668 = ORIENTED_EDGE('',*,*,#6669,.T.);
#6669 = EDGE_CURVE('',#6661,#6670,#6672,.T.);
#6670 = VERTEX_POINT('',#6671);
#6671 = CARTESIAN_POINT('',(-0.471650548588,-0.995,0.459394697212));
#6672 = B_SPLINE_CURVE_WITH_KNOTS('',1,(#6673,#6674),.UNSPECIFIED.,.F.,
  .F.,(2,2),(0.,1.E-02),.PIECEWISE_BEZIER_KNOTS.);
#6673 = CARTESIAN_POINT('',(-0.471650548588,-1.005,0.459394697212));
#6674 = CARTESIAN_POINT('',(-0.471650548588,-0.995,0.459394697212));
#6675 = ORIENTED_EDGE('',*,*,#6676,.F.);
#6676 = EDGE_CURVE('',#6634,#6670,#6677,.T.);
#6677 = B_SPLINE_CURVE_WITH_KNOTS('',3,(#6678,#6679,#6680,#6681),
  .UNSPECIFIED.,.F.,.F.,(4,4),(5.,6.),.PIECEWISE_BEZIER_KNOTS.);
#6678 = CARTESIAN_POINT('',(-0.474059321094,-0.995,0.467054247196));
#6679 = CARTESIAN_POINT('',(-0.474059321094,-0.995,0.464073607836));
#6680 = CARTESIAN_POINT('',(-0.473262173358,-0.995,0.461508871642));
#6681 = CARTESIAN_POINT('',(-0.471650548588,-0.995,0.459394697212));
#6682 = B_SPLINE_SURFACE_WITH_KNOTS('',3,1,(
    (#6683,#6684)
    ,(#6685,#6686)
    ,(#6687,#6688)
    ,(#6689,#6690
    )),.UNSPECIFIED.,.F.,.F.,.F.,(4,4),(2,2),(5.,6.),(0.,1.),
  .PIECEWISE_BEZIER_KNOTS.);
#6683 = CARTESIAN_POINT('',(-0.474059321094,-1.005,0.467054247196));
#6684 = CARTESIAN_POINT('',(-0.474059321094,-0.995,0.467054247196));
#6685 = CARTESIAN_POINT('',(-0.474059321094,-1.005,0.464073607836));
#6686 = CARTESIAN_POINT('',(-0.474059321094,-0.995,0.464073607836));
#6687 = CARTESIAN_POINT('',(-0.473262173358,-1.005,0.461508871642));
#6688 = CARTESIAN_POINT('',(-0.473262173358,-0.995,0.461508871642));
#6689 = CARTESIAN_POINT('',(-0.471650548588,-1.005,0.459394697212));
#6690 = CARTESIAN_POINT('',(-0.471650548588,-0.995,0.459394697212));
#6691 = ADVANCED_FACE('',(#6692),#6718,.F.);
#6692 = FACE_BOUND('',#6693,.F.);
#6693 = EDGE_LOOP('',(#6694,#6695,#6704,#6711));
#6694 = ORIENTED_EDGE('',*,*,#6669,.F.);
#6695 = ORIENTED_EDGE('',*,*,#6696,.T.);
#6696 = EDGE_CURVE('',#6661,#6697,#6699,.T.);
#6697 = VERTEX_POINT('',#6698);
#6698 = CARTESIAN_POINT('',(-0.461200981529,-1.005,0.452982856728));
#6699 = B_SPLINE_CURVE_WITH_KNOTS('',3,(#6700,#6701,#6702,#6703),
  .UNSPECIFIED.,.F.,.F.,(4,4),(4.,5.),.PIECEWISE_BEZIER_KNOTS.);
#6700 = CARTESIAN_POINT('',(-0.471650548588,-1.005,0.459394697212));
#6701 = CARTESIAN_POINT('',(-0.470056253116,-1.005,0.457280522783));
#6702 = CARTESIAN_POINT('',(-0.466555734798,-1.005,0.455131689755));
#6703 = CARTESIAN_POINT('',(-0.461200981529,-1.005,0.452982856728));
#6704 = ORIENTED_EDGE('',*,*,#6705,.T.);
#6705 = EDGE_CURVE('',#6697,#6706,#6708,.T.);
#6706 = VERTEX_POINT('',#6707);
#6707 = CARTESIAN_POINT('',(-0.461200981529,-0.995,0.452982856728));
#6708 = B_SPLINE_CURVE_WITH_KNOTS('',1,(#6709,#6710),.UNSPECIFIED.,.F.,
  .F.,(2,2),(0.,1.E-02),.PIECEWISE_BEZIER_KNOTS.);
#6709 = CARTESIAN_POINT('',(-0.461200981529,-1.005,0.452982856728));
#6710 = CARTESIAN_POINT('',(-0.461200981529,-0.995,0.452982856728));
#6711 = ORIENTED_EDGE('',*,*,#6712,.F.);
#6712 = EDGE_CURVE('',#6670,#6706,#6713,.T.);
#6713 = B_SPLINE_CURVE_WITH_KNOTS('',3,(#6714,#6715,#6716,#6717),
  .UNSPECIFIED.,.F.,.F.,(4,4),(4.,5.),.PIECEWISE_BEZIER_KNOTS.);
#6714 = CARTESIAN_POINT('',(-0.471650548588,-0.995,0.459394697212));
#6715 = CARTESIAN_POINT('',(-0.470056253116,-0.995,0.457280522783));
#6716 = CARTESIAN_POINT('',(-0.466555734798,-0.995,0.455131689755));
#6717 = CARTESIAN_POINT('',(-0.461200981529,-0.995,0.452982856728));
#6718 = B_SPLINE_SURFACE_WITH_KNOTS('',3,1,(
    (#6719,#6720)
    ,(#6721,#6722)
    ,(#6723,#6724)
    ,(#6725,#6726
    )),.UNSPECIFIED.,.F.,.F.,.F.,(4,4),(2,2),(4.,5.),(0.,1.),
  .PIECEWISE_BEZIER_KNOTS.);
#6719 = CARTESIAN_POINT('',(-0.471650548588,-1.005,0.459394697212));
#6720 = CARTESIAN_POINT('',(-0.471650548588,-0.995,0.459394697212));
#6721 = CARTESIAN_POINT('',(-0.470056253116,-1.005,0.457280522783));
#6722 = CARTESIAN_POINT('',(-0.470056253116,-0.995,0.457280522783));
#6723 = CARTESIAN_POINT('',(-0.466555734798,-1.005,0.455131689755));
#6724 = CARTESIAN_POINT('',(-0.466555734798,-0.995,0.455131689755));
#6725 = CARTESIAN_POINT('',(-0.461200981529,-1.005,0.452982856728));
#6726 = CARTESIAN_POINT('',(-0.461200981529,-0.995,0.452982856728));
#6727 = ADVANCED_FACE('',(#6728),#6754,.F.);
#6728 = FACE_BOUND('',#6729,.F.);
#6729 = EDGE_LOOP('',(#6730,#6731,#6740,#6747));
#6730 = ORIENTED_EDGE('',*,*,#6705,.F.);
#6731 = ORIENTED_EDGE('',*,*,#6732,.T.);
#6732 = EDGE_CURVE('',#6697,#6733,#6735,.T.);
#6733 = VERTEX_POINT('',#6734);
#6734 = CARTESIAN_POINT('',(-0.452311051345,-1.005,0.448650532077));
#6735 = B_SPLINE_CURVE_WITH_KNOTS('',3,(#6736,#6737,#6738,#6739),
  .UNSPECIFIED.,.F.,.F.,(4,4),(3.,4.),.PIECEWISE_BEZIER_KNOTS.);
#6736 = CARTESIAN_POINT('',(-0.461200981529,-1.005,0.452982856728));
#6737 = CARTESIAN_POINT('',(-0.456730022489,-1.005,0.451319244062));
#6738 = CARTESIAN_POINT('',(-0.453766712427,-1.005,0.449863582979));
#6739 = CARTESIAN_POINT('',(-0.452311051345,-1.005,0.448650532077));
#6740 = ORIENTED_EDGE('',*,*,#6741,.T.);
#6741 = EDGE_CURVE('',#6733,#6742,#6744,.T.);
#6742 = VERTEX_POINT('',#6743);
#6743 = CARTESIAN_POINT('',(-0.452311051345,-0.995,0.448650532077));
#6744 = B_SPLINE_CURVE_WITH_KNOTS('',1,(#6745,#6746),.UNSPECIFIED.,.F.,
  .F.,(2,2),(0.,1.E-02),.PIECEWISE_BEZIER_KNOTS.);
#6745 = CARTESIAN_POINT('',(-0.452311051345,-1.005,0.448650532077));
#6746 = CARTESIAN_POINT('',(-0.452311051345,-0.995,0.448650532077));
#6747 = ORIENTED_EDGE('',*,*,#6748,.F.);
#6748 = EDGE_CURVE('',#6706,#6742,#6749,.T.);
#6749 = B_SPLINE_CURVE_WITH_KNOTS('',3,(#6750,#6751,#6752,#6753),
  .UNSPECIFIED.,.F.,.F.,(4,4),(3.,4.),.PIECEWISE_BEZIER_KNOTS.);
#6750 = CARTESIAN_POINT('',(-0.461200981529,-0.995,0.452982856728));
#6751 = CARTESIAN_POINT('',(-0.456730022489,-0.995,0.451319244062));
#6752 = CARTESIAN_POINT('',(-0.453766712427,-0.995,0.449863582979));
#6753 = CARTESIAN_POINT('',(-0.452311051345,-0.995,0.448650532077));
#6754 = B_SPLINE_SURFACE_WITH_KNOTS('',3,1,(
    (#6755,#6756)
    ,(#6757,#6758)
    ,(#6759,#6760)
    ,(#6761,#6762
    )),.UNSPECIFIED.,.F.,.F.,.F.,(4,4),(2,2),(3.,4.),(0.,1.),
  .PIECEWISE_BEZIER_KNOTS.);
#6755 = CARTESIAN_POINT('',(-0.461200981529,-1.005,0.452982856728));
#6756 = CARTESIAN_POINT('',(-0.461200981529,-0.995,0.452982856728));
#6757 = CARTESIAN_POINT('',(-0.456730022489,-1.005,0.451319244062));
#6758 = CARTESIAN_POINT('',(-0.456730022489,-0.995,0.451319244062));
#6759 = CARTESIAN_POINT('',(-0.453766712427,-1.005,0.449863582979));
#6760 = CARTESIAN_POINT('',(-0.453766712427,-0.995,0.449863582979));
#6761 = CARTESIAN_POINT('',(-0.452311051345,-1.005,0.448650532077));
#6762 = CARTESIAN_POINT('',(-0.452311051345,-0.995,0.448650532077));
#6763 = ADVANCED_FACE('',(#6764),#6790,.F.);
#6764 = FACE_BOUND('',#6765,.F.);
#6765 = EDGE_LOOP('',(#6766,#6767,#6776,#6783));
#6766 = ORIENTED_EDGE('',*,*,#6741,.F.);
#6767 = ORIENTED_EDGE('',*,*,#6768,.T.);
#6768 = EDGE_CURVE('',#6733,#6769,#6771,.T.);
#6769 = VERTEX_POINT('',#6770);
#6770 = CARTESIAN_POINT('',(-0.45012755972,-1.005,0.444040938648));
#6771 = B_SPLINE_CURVE_WITH_KNOTS('',3,(#6772,#6773,#6774,#6775),
  .UNSPECIFIED.,.F.,.F.,(4,4),(2.,3.),.PIECEWISE_BEZIER_KNOTS.);
#6772 = CARTESIAN_POINT('',(-0.452311051345,-1.005,0.448650532077));
#6773 = CARTESIAN_POINT('',(-0.450855390262,-1.005,0.447437481174));
#6774 = CARTESIAN_POINT('',(-0.45012755972,-1.005,0.445912502898));
#6775 = CARTESIAN_POINT('',(-0.45012755972,-1.005,0.444040938648));
#6776 = ORIENTED_EDGE('',*,*,#6777,.T.);
#6777 = EDGE_CURVE('',#6769,#6778,#6780,.T.);
#6778 = VERTEX_POINT('',#6779);
#6779 = CARTESIAN_POINT('',(-0.45012755972,-0.995,0.444040938648));
#6780 = B_SPLINE_CURVE_WITH_KNOTS('',1,(#6781,#6782),.UNSPECIFIED.,.F.,
  .F.,(2,2),(0.,1.E-02),.PIECEWISE_BEZIER_KNOTS.);
#6781 = CARTESIAN_POINT('',(-0.45012755972,-1.005,0.444040938648));
#6782 = CARTESIAN_POINT('',(-0.45012755972,-0.995,0.444040938648));
#6783 = ORIENTED_EDGE('',*,*,#6784,.F.);
#6784 = EDGE_CURVE('',#6742,#6778,#6785,.T.);
#6785 = B_SPLINE_CURVE_WITH_KNOTS('',3,(#6786,#6787,#6788,#6789),
  .UNSPECIFIED.,.F.,.F.,(4,4),(2.,3.),.PIECEWISE_BEZIER_KNOTS.);
#6786 = CARTESIAN_POINT('',(-0.452311051345,-0.995,0.448650532077));
#6787 = CARTESIAN_POINT('',(-0.450855390262,-0.995,0.447437481174));
#6788 = CARTESIAN_POINT('',(-0.45012755972,-0.995,0.445912502898));
#6789 = CARTESIAN_POINT('',(-0.45012755972,-0.995,0.444040938648));
#6790 = B_SPLINE_SURFACE_WITH_KNOTS('',3,1,(
    (#6791,#6792)
    ,(#6793,#6794)
    ,(#6795,#6796)
    ,(#6797,#6798
    )),.UNSPECIFIED.,.F.,.F.,.F.,(4,4),(2,2),(2.,3.),(0.,1.),
  .PIECEWISE_BEZIER_KNOTS.);
#6791 = CARTESIAN_POINT('',(-0.452311051345,-1.005,0.448650532077));
#6792 = CARTESIAN_POINT('',(-0.452311051345,-0.995,0.448650532077));
#6793 = CARTESIAN_POINT('',(-0.450855390262,-1.005,0.447437481174));
#6794 = CARTESIAN_POINT('',(-0.450855390262,-0.995,0.447437481174));
#6795 = CARTESIAN_POINT('',(-0.45012755972,-1.005,0.445912502898));
#6796 = CARTESIAN_POINT('',(-0.45012755972,-0.995,0.445912502898));
#6797 = CARTESIAN_POINT('',(-0.45012755972,-1.005,0.444040938648));
#6798 = CARTESIAN_POINT('',(-0.45012755972,-0.995,0.444040938648));
#6799 = ADVANCED_FACE('',(#6800),#6818,.F.);
#6800 = FACE_BOUND('',#6801,.F.);
#6801 = EDGE_LOOP('',(#6802,#6803,#6810,#6811));
#6802 = ORIENTED_EDGE('',*,*,#6777,.F.);
#6803 = ORIENTED_EDGE('',*,*,#6804,.T.);
#6804 = EDGE_CURVE('',#6769,#6092,#6805,.T.);
#6805 = B_SPLINE_CURVE_WITH_KNOTS('',3,(#6806,#6807,#6808,#6809),
  .UNSPECIFIED.,.F.,.F.,(4,4),(1.,2.),.PIECEWISE_BEZIER_KNOTS.);
#6806 = CARTESIAN_POINT('',(-0.45012755972,-1.005,0.444040938648));
#6807 = CARTESIAN_POINT('',(-0.45012755972,-1.005,0.439673955399));
#6808 = CARTESIAN_POINT('',(-0.453472114351,-1.005,0.437490463775));
#6809 = CARTESIAN_POINT('',(-0.460143894314,-1.005,0.437490463775));
#6810 = ORIENTED_EDGE('',*,*,#6091,.T.);
#6811 = ORIENTED_EDGE('',*,*,#6812,.F.);
#6812 = EDGE_CURVE('',#6778,#6094,#6813,.T.);
#6813 = B_SPLINE_CURVE_WITH_KNOTS('',3,(#6814,#6815,#6816,#6817),
  .UNSPECIFIED.,.F.,.F.,(4,4),(1.,2.),.PIECEWISE_BEZIER_KNOTS.);
#6814 = CARTESIAN_POINT('',(-0.45012755972,-0.995,0.444040938648));
#6815 = CARTESIAN_POINT('',(-0.45012755972,-0.995,0.439673955399));
#6816 = CARTESIAN_POINT('',(-0.453472114351,-0.995,0.437490463775));
#6817 = CARTESIAN_POINT('',(-0.460143894314,-0.995,0.437490463775));
#6818 = B_SPLINE_SURFACE_WITH_KNOTS('',3,1,(
    (#6819,#6820)
    ,(#6821,#6822)
    ,(#6823,#6824)
    ,(#6825,#6826
    )),.UNSPECIFIED.,.F.,.F.,.F.,(4,4),(2,2),(1.,2.),(0.,1.),
  .PIECEWISE_BEZIER_KNOTS.);
#6819 = CARTESIAN_POINT('',(-0.45012755972,-1.005,0.444040938648));
#6820 = CARTESIAN_POINT('',(-0.45012755972,-0.995,0.444040938648));
#6821 = CARTESIAN_POINT('',(-0.45012755972,-1.005,0.439673955399));
#6822 = CARTESIAN_POINT('',(-0.45012755972,-0.995,0.439673955399));
#6823 = CARTESIAN_POINT('',(-0.453472114351,-1.005,0.437490463775));
#6824 = CARTESIAN_POINT('',(-0.453472114351,-0.995,0.437490463775));
#6825 = CARTESIAN_POINT('',(-0.460143894314,-1.005,0.437490463775));
#6826 = CARTESIAN_POINT('',(-0.460143894314,-0.995,0.437490463775));
#6827 = ADVANCED_FACE('',(#6828),#6851,.F.);
#6828 = FACE_BOUND('',#6829,.T.);
#6829 = EDGE_LOOP('',(#6830,#6831,#6832,#6833,#6834,#6835,#6836,#6837,
    #6838,#6839,#6840,#6841,#6842,#6843,#6844,#6845,#6846,#6847,#6848,
    #6849,#6850));
#6830 = ORIENTED_EDGE('',*,*,#6100,.T.);
#6831 = ORIENTED_EDGE('',*,*,#6149,.T.);
#6832 = ORIENTED_EDGE('',*,*,#6164,.T.);
#6833 = ORIENTED_EDGE('',*,*,#6200,.T.);
#6834 = ORIENTED_EDGE('',*,*,#6236,.T.);
#6835 = ORIENTED_EDGE('',*,*,#6272,.T.);
#6836 = ORIENTED_EDGE('',*,*,#6308,.T.);
#6837 = ORIENTED_EDGE('',*,*,#6344,.T.);
#6838 = ORIENTED_EDGE('',*,*,#6380,.T.);
#6839 = ORIENTED_EDGE('',*,*,#6416,.T.);
#6840 = ORIENTED_EDGE('',*,*,#6452,.T.);
#6841 = ORIENTED_EDGE('',*,*,#6488,.T.);
#6842 = ORIENTED_EDGE('',*,*,#6537,.T.);
#6843 = ORIENTED_EDGE('',*,*,#6552,.T.);
#6844 = ORIENTED_EDGE('',*,*,#6588,.T.);
#6845 = ORIENTED_EDGE('',*,*,#6624,.T.);
#6846 = ORIENTED_EDGE('',*,*,#6660,.T.);
#6847 = ORIENTED_EDGE('',*,*,#6696,.T.);
#6848 = ORIENTED_EDGE('',*,*,#6732,.T.);
#6849 = ORIENTED_EDGE('',*,*,#6768,.T.);
#6850 = ORIENTED_EDGE('',*,*,#6804,.T.);
#6851 = B_SPLINE_SURFACE_WITH_KNOTS('',1,1,(
    (#6852,#6853)
    ,(#6854,#6855
    )),.UNSPECIFIED.,.F.,.F.,.F.,(2,2),(2,2),(-8.101447097922E-03,
    4.256942202394E-02),(-6.73676483275E-03,2.596362163535E-02),
  .PIECEWISE_BEZIER_KNOTS.);
#6852 = CARTESIAN_POINT('',(-0.47411130899,-1.005,0.430558744333));
#6853 = CARTESIAN_POINT('',(-0.441410922522,-1.005,0.430558744333));
#6854 = CARTESIAN_POINT('',(-0.47411130899,-1.005,0.481229613455));
#6855 = CARTESIAN_POINT('',(-0.441410922522,-1.005,0.481229613455));
#6856 = ADVANCED_FACE('',(#6857),#6880,.T.);
#6857 = FACE_BOUND('',#6858,.T.);
#6858 = EDGE_LOOP('',(#6859,#6860,#6861,#6862,#6863,#6864,#6865,#6866,
    #6867,#6868,#6869,#6870,#6871,#6872,#6873,#6874,#6875,#6876,#6877,
    #6878,#6879));
#6859 = ORIENTED_EDGE('',*,*,#6116,.F.);
#6860 = ORIENTED_EDGE('',*,*,#6812,.F.);
#6861 = ORIENTED_EDGE('',*,*,#6784,.F.);
#6862 = ORIENTED_EDGE('',*,*,#6748,.F.);
#6863 = ORIENTED_EDGE('',*,*,#6712,.F.);
#6864 = ORIENTED_EDGE('',*,*,#6676,.F.);
#6865 = ORIENTED_EDGE('',*,*,#6640,.F.);
#6866 = ORIENTED_EDGE('',*,*,#6604,.F.);
#6867 = ORIENTED_EDGE('',*,*,#6568,.F.);
#6868 = ORIENTED_EDGE('',*,*,#6523,.F.);
#6869 = ORIENTED_EDGE('',*,*,#6504,.F.);
#6870 = ORIENTED_EDGE('',*,*,#6468,.F.);
#6871 = ORIENTED_EDGE('',*,*,#6432,.F.);
#6872 = ORIENTED_EDGE('',*,*,#6396,.F.);
#6873 = ORIENTED_EDGE('',*,*,#6360,.F.);
#6874 = ORIENTED_EDGE('',*,*,#6324,.F.);
#6875 = ORIENTED_EDGE('',*,*,#6288,.F.);
#6876 = ORIENTED_EDGE('',*,*,#6252,.F.);
#6877 = ORIENTED_EDGE('',*,*,#6216,.F.);
#6878 = ORIENTED_EDGE('',*,*,#6180,.F.);
#6879 = ORIENTED_EDGE('',*,*,#6135,.F.);
#6880 = B_SPLINE_SURFACE_WITH_KNOTS('',1,1,(
    (#6881,#6882)
    ,(#6883,#6884
    )),.UNSPECIFIED.,.F.,.F.,.F.,(2,2),(2,2),(-8.101447097922E-03,
    4.256942202394E-02),(-6.73676483275E-03,2.596362163535E-02),
  .PIECEWISE_BEZIER_KNOTS.);
#6881 = CARTESIAN_POINT('',(-0.47411130899,-0.995,0.430558744333));
#6882 = CARTESIAN_POINT('',(-0.441410922522,-0.995,0.430558744333));
#6883 = CARTESIAN_POINT('',(-0.47411130899,-0.995,0.481229613455));
#6884 = CARTESIAN_POINT('',(-0.441410922522,-0.995,0.481229613455));
#6885 = MANIFOLD_SOLID_BREP('',#6886);
#6886 = CLOSED_SHELL('',(#6887,#6923,#6951,#6987,#7015,#7043,#7071,#7099
    ,#7127,#7155,#7191,#7227,#7255,#7291,#7327,#7347,#7370));
#6887 = ADVANCED_FACE('',(#6888),#6918,.F.);
#6888 = FACE_BOUND('',#6889,.T.);
#6889 = EDGE_LOOP('',(#6890,#6899,#6906,#6913));
#6890 = ORIENTED_EDGE('',*,*,#6891,.T.);
#6891 = EDGE_CURVE('',#6892,#6894,#6896,.T.);
#6892 = VERTEX_POINT('',#6893);
#6893 = CARTESIAN_POINT('',(-0.390514772518,-0.995,0.480120538344));
#6894 = VERTEX_POINT('',#6895);
#6895 = CARTESIAN_POINT('',(-0.399318056209,-0.995,0.480120538344));
#6896 = B_SPLINE_CURVE_WITH_KNOTS('',1,(#6897,#6898),.UNSPECIFIED.,.F.,
  .F.,(2,2),(-8.803283691157E-03,-0.),.PIECEWISE_BEZIER_KNOTS.);
#6897 = CARTESIAN_POINT('',(-0.390514772518,-0.995,0.480120538344));
#6898 = CARTESIAN_POINT('',(-0.399318056209,-0.995,0.480120538344));
#6899 = ORIENTED_EDGE('',*,*,#6900,.F.);
#6900 = EDGE_CURVE('',#6901,#6894,#6903,.T.);
#6901 = VERTEX_POINT('',#6902);
#6902 = CARTESIAN_POINT('',(-0.399318056209,-1.005,0.480120538344));
#6903 = B_SPLINE_CURVE_WITH_KNOTS('',1,(#6904,#6905),.UNSPECIFIED.,.F.,
  .F.,(2,2),(0.,1.E-02),.PIECEWISE_BEZIER_KNOTS.);
#6904 = CARTESIAN_POINT('',(-0.399318056209,-1.005,0.480120538344));
#6905 = CARTESIAN_POINT('',(-0.399318056209,-0.995,0.480120538344));
#6906 = ORIENTED_EDGE('',*,*,#6907,.F.);
#6907 = EDGE_CURVE('',#6908,#6901,#6910,.T.);
#6908 = VERTEX_POINT('',#6909);
#6909 = CARTESIAN_POINT('',(-0.390514772518,-1.005,0.480120538344));
#6910 = B_SPLINE_CURVE_WITH_KNOTS('',1,(#6911,#6912),.UNSPECIFIED.,.F.,
  .F.,(2,2),(-8.803283691157E-03,-0.),.PIECEWISE_BEZIER_KNOTS.);
#6911 = CARTESIAN_POINT('',(-0.390514772518,-1.005,0.480120538344));
#6912 = CARTESIAN_POINT('',(-0.399318056209,-1.005,0.480120538344));
#6913 = ORIENTED_EDGE('',*,*,#6914,.T.);
#6914 = EDGE_CURVE('',#6908,#6892,#6915,.T.);
#6915 = B_SPLINE_CURVE_WITH_KNOTS('',1,(#6916,#6917),.UNSPECIFIED.,.F.,
  .F.,(2,2),(0.,1.E-02),.PIECEWISE_BEZIER_KNOTS.);
#6916 = CARTESIAN_POINT('',(-0.390514772518,-1.005,0.480120538344));
#6917 = CARTESIAN_POINT('',(-0.390514772518,-0.995,0.480120538344));
#6918 = B_SPLINE_SURFACE_WITH_KNOTS('',1,1,(
    (#6919,#6920)
    ,(#6921,#6922
    )),.UNSPECIFIED.,.F.,.F.,.F.,(2,2),(2,2),(-8.803283691157E-03,0.),(
    0.,1.E-02),.PIECEWISE_BEZIER_KNOTS.);
#6919 = CARTESIAN_POINT('',(-0.390514772518,-1.005,0.480120538344));
#6920 = CARTESIAN_POINT('',(-0.390514772518,-0.995,0.480120538344));
#6921 = CARTESIAN_POINT('',(-0.399318056209,-1.005,0.480120538344));
#6922 = CARTESIAN_POINT('',(-0.399318056209,-0.995,0.480120538344));
#6923 = ADVANCED_FACE('',(#6924),#6946,.F.);
#6924 = FACE_BOUND('',#6925,.T.);
#6925 = EDGE_LOOP('',(#6926,#6933,#6940,#6945));
#6926 = ORIENTED_EDGE('',*,*,#6927,.T.);
#6927 = EDGE_CURVE('',#6894,#6928,#6930,.T.);
#6928 = VERTEX_POINT('',#6929);
#6929 = CARTESIAN_POINT('',(-0.412540311045,-0.995,0.443659694079));
#6930 = B_SPLINE_CURVE_WITH_KNOTS('',1,(#6931,#6932),.UNSPECIFIED.,.F.,
  .F.,(2,2),(-3.878429047314E-02,-3.326091147955E-17),
  .PIECEWISE_BEZIER_KNOTS.);
#6931 = CARTESIAN_POINT('',(-0.399318056209,-0.995,0.480120538344));
#6932 = CARTESIAN_POINT('',(-0.412540311045,-0.995,0.443659694079));
#6933 = ORIENTED_EDGE('',*,*,#6934,.F.);
#6934 = EDGE_CURVE('',#6935,#6928,#6937,.T.);
#6935 = VERTEX_POINT('',#6936);
#6936 = CARTESIAN_POINT('',(-0.412540311045,-1.005,0.443659694079));
#6937 = B_SPLINE_CURVE_WITH_KNOTS('',1,(#6938,#6939),.UNSPECIFIED.,.F.,
  .F.,(2,2),(0.,1.E-02),.PIECEWISE_BEZIER_KNOTS.);
#6938 = CARTESIAN_POINT('',(-0.412540311045,-1.005,0.443659694079));
#6939 = CARTESIAN_POINT('',(-0.412540311045,-0.995,0.443659694079));
#6940 = ORIENTED_EDGE('',*,*,#6941,.F.);
#6941 = EDGE_CURVE('',#6901,#6935,#6942,.T.);
#6942 = B_SPLINE_CURVE_WITH_KNOTS('',1,(#6943,#6944),.UNSPECIFIED.,.F.,
  .F.,(2,2),(-3.878429047314E-02,-3.326091147955E-17),
  .PIECEWISE_BEZIER_KNOTS.);
#6943 = CARTESIAN_POINT('',(-0.399318056209,-1.005,0.480120538344));
#6944 = CARTESIAN_POINT('',(-0.412540311045,-1.005,0.443659694079));
#6945 = ORIENTED_EDGE('',*,*,#6900,.T.);
#6946 = B_SPLINE_SURFACE_WITH_KNOTS('',1,1,(
    (#6947,#6948)
    ,(#6949,#6950
    )),.UNSPECIFIED.,.F.,.F.,.F.,(2,2),(2,2),(-3.878429047314E-02,
    -3.326091147955E-17),(0.,1.E-02),.PIECEWISE_BEZIER_KNOTS.);
#6947 = CARTESIAN_POINT('',(-0.399318056209,-1.005,0.480120538344));
#6948 = CARTESIAN_POINT('',(-0.399318056209,-0.995,0.480120538344));
#6949 = CARTESIAN_POINT('',(-0.412540311045,-1.005,0.443659694079));
#6950 = CARTESIAN_POINT('',(-0.412540311045,-0.995,0.443659694079));
#6951 = ADVANCED_FACE('',(#6952),#6978,.F.);
#6952 = FACE_BOUND('',#6953,.F.);
#6953 = EDGE_LOOP('',(#6954,#6955,#6964,#6971));
#6954 = ORIENTED_EDGE('',*,*,#6934,.F.);
#6955 = ORIENTED_EDGE('',*,*,#6956,.T.);
#6956 = EDGE_CURVE('',#6935,#6957,#6959,.T.);
#6957 = VERTEX_POINT('',#6958);
#6958 = CARTESIAN_POINT('',(-0.413580068962,-1.005,0.439743272594));
#6959 = B_SPLINE_CURVE_WITH_KNOTS('',3,(#6960,#6961,#6962,#6963),
  .UNSPECIFIED.,.F.,.F.,(4,4),(12.,13.),.PIECEWISE_BEZIER_KNOTS.);
#6960 = CARTESIAN_POINT('',(-0.412540311045,-1.005,0.443659694079));
#6961 = CARTESIAN_POINT('',(-0.413060190003,-1.005,0.441961422815));
#6962 = CARTESIAN_POINT('',(-0.413406775976,-1.005,0.440644396122));
#6963 = CARTESIAN_POINT('',(-0.413580068962,-1.005,0.439743272594));
#6964 = ORIENTED_EDGE('',*,*,#6965,.T.);
#6965 = EDGE_CURVE('',#6957,#6966,#6968,.T.);
#6966 = VERTEX_POINT('',#6967);
#6967 = CARTESIAN_POINT('',(-0.413580068962,-0.995,0.439743272594));
#6968 = B_SPLINE_CURVE_WITH_KNOTS('',1,(#6969,#6970),.UNSPECIFIED.,.F.,
  .F.,(2,2),(0.,1.E-02),.PIECEWISE_BEZIER_KNOTS.);
#6969 = CARTESIAN_POINT('',(-0.413580068962,-1.005,0.439743272594));
#6970 = CARTESIAN_POINT('',(-0.413580068962,-0.995,0.439743272594));
#6971 = ORIENTED_EDGE('',*,*,#6972,.F.);
#6972 = EDGE_CURVE('',#6928,#6966,#6973,.T.);
#6973 = B_SPLINE_CURVE_WITH_KNOTS('',3,(#6974,#6975,#6976,#6977),
  .UNSPECIFIED.,.F.,.F.,(4,4),(12.,13.),.PIECEWISE_BEZIER_KNOTS.);
#6974 = CARTESIAN_POINT('',(-0.412540311045,-0.995,0.443659694079));
#6975 = CARTESIAN_POINT('',(-0.413060190003,-0.995,0.441961422815));
#6976 = CARTESIAN_POINT('',(-0.413406775976,-0.995,0.440644396122));
#6977 = CARTESIAN_POINT('',(-0.413580068962,-0.995,0.439743272594));
#6978 = B_SPLINE_SURFACE_WITH_KNOTS('',3,1,(
    (#6979,#6980)
    ,(#6981,#6982)
    ,(#6983,#6984)
    ,(#6985,#6986
    )),.UNSPECIFIED.,.F.,.F.,.F.,(4,4),(2,2),(12.,13.),(0.,1.),
  .PIECEWISE_BEZIER_KNOTS.);
#6979 = CARTESIAN_POINT('',(-0.412540311045,-1.005,0.443659694079));
#6980 = CARTESIAN_POINT('',(-0.412540311045,-0.995,0.443659694079));
#6981 = CARTESIAN_POINT('',(-0.413060190003,-1.005,0.441961422815));
#6982 = CARTESIAN_POINT('',(-0.413060190003,-0.995,0.441961422815));
#6983 = CARTESIAN_POINT('',(-0.413406775976,-1.005,0.440644396122));
#6984 = CARTESIAN_POINT('',(-0.413406775976,-0.995,0.440644396122));
#6985 = CARTESIAN_POINT('',(-0.413580068962,-1.005,0.439743272594));
#6986 = CARTESIAN_POINT('',(-0.413580068962,-0.995,0.439743272594));
#6987 = ADVANCED_FACE('',(#6988),#7010,.F.);
#6988 = FACE_BOUND('',#6989,.T.);
#6989 = EDGE_LOOP('',(#6990,#6997,#7004,#7009));
#6990 = ORIENTED_EDGE('',*,*,#6991,.T.);
#6991 = EDGE_CURVE('',#6966,#6992,#6994,.T.);
#6992 = VERTEX_POINT('',#6993);
#6993 = CARTESIAN_POINT('',(-0.413805349843,-0.995,0.439743272594));
#6994 = B_SPLINE_CURVE_WITH_KNOTS('',1,(#6995,#6996),.UNSPECIFIED.,.F.,
  .F.,(2,2),(-2.252808816116E-04,-0.),.PIECEWISE_BEZIER_KNOTS.);
#6995 = CARTESIAN_POINT('',(-0.413580068962,-0.995,0.439743272594));
#6996 = CARTESIAN_POINT('',(-0.413805349843,-0.995,0.439743272594));
#6997 = ORIENTED_EDGE('',*,*,#6998,.F.);
#6998 = EDGE_CURVE('',#6999,#6992,#7001,.T.);
#6999 = VERTEX_POINT('',#7000);
#7000 = CARTESIAN_POINT('',(-0.413805349843,-1.005,0.439743272594));
#7001 = B_SPLINE_CURVE_WITH_KNOTS('',1,(#7002,#7003),.UNSPECIFIED.,.F.,
  .F.,(2,2),(0.,1.E-02),.PIECEWISE_BEZIER_KNOTS.);
#7002 = CARTESIAN_POINT('',(-0.413805349843,-1.005,0.439743272594));
#7003 = CARTESIAN_POINT('',(-0.413805349843,-0.995,0.439743272594));
#7004 = ORIENTED_EDGE('',*,*,#7005,.F.);
#7005 = EDGE_CURVE('',#6957,#6999,#7006,.T.);
#7006 = B_SPLINE_CURVE_WITH_KNOTS('',1,(#7007,#7008),.UNSPECIFIED.,.F.,
  .F.,(2,2),(-2.252808816116E-04,-0.),.PIECEWISE_BEZIER_KNOTS.);
#7007 = CARTESIAN_POINT('',(-0.413580068962,-1.005,0.439743272594));
#7008 = CARTESIAN_POINT('',(-0.413805349843,-1.005,0.439743272594));
#7009 = ORIENTED_EDGE('',*,*,#6965,.T.);
#7010 = B_SPLINE_SURFACE_WITH_KNOTS('',1,1,(
    (#7011,#7012)
    ,(#7013,#7014
    )),.UNSPECIFIED.,.F.,.F.,.F.,(2,2),(2,2),(-2.252808816116E-04,0.),(
    0.,1.E-02),.PIECEWISE_BEZIER_KNOTS.);
#7011 = CARTESIAN_POINT('',(-0.413580068962,-1.005,0.439743272594));
#7012 = CARTESIAN_POINT('',(-0.413580068962,-0.995,0.439743272594));
#7013 = CARTESIAN_POINT('',(-0.413805349843,-1.005,0.439743272594));
#7014 = CARTESIAN_POINT('',(-0.413805349843,-0.995,0.439743272594));
#7015 = ADVANCED_FACE('',(#7016),#7038,.F.);
#7016 = FACE_BOUND('',#7017,.T.);
#7017 = EDGE_LOOP('',(#7018,#7025,#7032,#7037));
#7018 = ORIENTED_EDGE('',*,*,#7019,.T.);
#7019 = EDGE_CURVE('',#6992,#7020,#7022,.T.);
#7020 = VERTEX_POINT('',#7021);
#7021 = CARTESIAN_POINT('',(-0.41484510776,-0.995,0.443729011273));
#7022 = B_SPLINE_CURVE_WITH_KNOTS('',1,(#7023,#7024),.UNSPECIFIED.,.F.,
  .F.,(2,2),(-4.119127255206E-03,0.),.PIECEWISE_BEZIER_KNOTS.);
#7023 = CARTESIAN_POINT('',(-0.413805349843,-0.995,0.439743272594));
#7024 = CARTESIAN_POINT('',(-0.41484510776,-0.995,0.443729011273));
#7025 = ORIENTED_EDGE('',*,*,#7026,.F.);
#7026 = EDGE_CURVE('',#7027,#7020,#7029,.T.);
#7027 = VERTEX_POINT('',#7028);
#7028 = CARTESIAN_POINT('',(-0.41484510776,-1.005,0.443729011273));
#7029 = B_SPLINE_CURVE_WITH_KNOTS('',1,(#7030,#7031),.UNSPECIFIED.,.F.,
  .F.,(2,2),(0.,1.E-02),.PIECEWISE_BEZIER_KNOTS.);
#7030 = CARTESIAN_POINT('',(-0.41484510776,-1.005,0.443729011273));
#7031 = CARTESIAN_POINT('',(-0.41484510776,-0.995,0.443729011273));
#7032 = ORIENTED_EDGE('',*,*,#7033,.F.);
#7033 = EDGE_CURVE('',#6999,#7027,#7034,.T.);
#7034 = B_SPLINE_CURVE_WITH_KNOTS('',1,(#7035,#7036),.UNSPECIFIED.,.F.,
  .F.,(2,2),(-4.119127255206E-03,0.),.PIECEWISE_BEZIER_KNOTS.);
#7035 = CARTESIAN_POINT('',(-0.413805349843,-1.005,0.439743272594));
#7036 = CARTESIAN_POINT('',(-0.41484510776,-1.005,0.443729011273));
#7037 = ORIENTED_EDGE('',*,*,#6998,.T.);
#7038 = B_SPLINE_SURFACE_WITH_KNOTS('',1,1,(
    (#7039,#7040)
    ,(#7041,#7042
    )),.UNSPECIFIED.,.F.,.F.,.F.,(2,2),(2,2),(-4.119127255206E-03,0.),(
    0.,1.E-02),.PIECEWISE_BEZIER_KNOTS.);
#7039 = CARTESIAN_POINT('',(-0.413805349843,-1.005,0.439743272594));
#7040 = CARTESIAN_POINT('',(-0.413805349843,-0.995,0.439743272594));
#7041 = CARTESIAN_POINT('',(-0.41484510776,-1.005,0.443729011273));
#7042 = CARTESIAN_POINT('',(-0.41484510776,-0.995,0.443729011273));
#7043 = ADVANCED_FACE('',(#7044),#7066,.F.);
#7044 = FACE_BOUND('',#7045,.T.);
#7045 = EDGE_LOOP('',(#7046,#7053,#7060,#7065));
#7046 = ORIENTED_EDGE('',*,*,#7047,.T.);
#7047 = EDGE_CURVE('',#7020,#7048,#7050,.T.);
#7048 = VERTEX_POINT('',#7049);
#7049 = CARTESIAN_POINT('',(-0.427495495742,-0.995,0.480120538344));
#7050 = B_SPLINE_CURVE_WITH_KNOTS('',1,(#7051,#7052),.UNSPECIFIED.,.F.,
  .F.,(2,2),(-3.852759476873E-02,0.),.PIECEWISE_BEZIER_KNOTS.);
#7051 = CARTESIAN_POINT('',(-0.41484510776,-0.995,0.443729011273));
#7052 = CARTESIAN_POINT('',(-0.427495495742,-0.995,0.480120538344));
#7053 = ORIENTED_EDGE('',*,*,#7054,.F.);
#7054 = EDGE_CURVE('',#7055,#7048,#7057,.T.);
#7055 = VERTEX_POINT('',#7056);
#7056 = CARTESIAN_POINT('',(-0.427495495742,-1.005,0.480120538344));
#7057 = B_SPLINE_CURVE_WITH_KNOTS('',1,(#7058,#7059),.UNSPECIFIED.,.F.,
  .F.,(2,2),(0.,1.E-02),.PIECEWISE_BEZIER_KNOTS.);
#7058 = CARTESIAN_POINT('',(-0.427495495742,-1.005,0.480120538344));
#7059 = CARTESIAN_POINT('',(-0.427495495742,-0.995,0.480120538344));
#7060 = ORIENTED_EDGE('',*,*,#7061,.F.);
#7061 = EDGE_CURVE('',#7027,#7055,#7062,.T.);
#7062 = B_SPLINE_CURVE_WITH_KNOTS('',1,(#7063,#7064),.UNSPECIFIED.,.F.,
  .F.,(2,2),(-3.852759476873E-02,0.),.PIECEWISE_BEZIER_KNOTS.);
#7063 = CARTESIAN_POINT('',(-0.41484510776,-1.005,0.443729011273));
#7064 = CARTESIAN_POINT('',(-0.427495495742,-1.005,0.480120538344));
#7065 = ORIENTED_EDGE('',*,*,#7026,.T.);
#7066 = B_SPLINE_SURFACE_WITH_KNOTS('',1,1,(
    (#7067,#7068)
    ,(#7069,#7070
    )),.UNSPECIFIED.,.F.,.F.,.F.,(2,2),(2,2),(-3.852759476873E-02,0.),(
    0.,1.E-02),.PIECEWISE_BEZIER_KNOTS.);
#7067 = CARTESIAN_POINT('',(-0.41484510776,-1.005,0.443729011273));
#7068 = CARTESIAN_POINT('',(-0.41484510776,-0.995,0.443729011273));
#7069 = CARTESIAN_POINT('',(-0.427495495742,-1.005,0.480120538344));
#7070 = CARTESIAN_POINT('',(-0.427495495742,-0.995,0.480120538344));
#7071 = ADVANCED_FACE('',(#7072),#7094,.F.);
#7072 = FACE_BOUND('',#7073,.T.);
#7073 = EDGE_LOOP('',(#7074,#7081,#7088,#7093));
#7074 = ORIENTED_EDGE('',*,*,#7075,.T.);
#7075 = EDGE_CURVE('',#7048,#7076,#7078,.T.);
#7076 = VERTEX_POINT('',#7077);
#7077 = CARTESIAN_POINT('',(-0.436991951377,-0.995,0.480120538344));
#7078 = B_SPLINE_CURVE_WITH_KNOTS('',1,(#7079,#7080),.UNSPECIFIED.,.F.,
  .F.,(2,2),(-9.496455635733E-03,-0.),.PIECEWISE_BEZIER_KNOTS.);
#7079 = CARTESIAN_POINT('',(-0.427495495742,-0.995,0.480120538344));
#7080 = CARTESIAN_POINT('',(-0.436991951377,-0.995,0.480120538344));
#7081 = ORIENTED_EDGE('',*,*,#7082,.F.);
#7082 = EDGE_CURVE('',#7083,#7076,#7085,.T.);
#7083 = VERTEX_POINT('',#7084);
#7084 = CARTESIAN_POINT('',(-0.436991951377,-1.005,0.480120538344));
#7085 = B_SPLINE_CURVE_WITH_KNOTS('',1,(#7086,#7087),.UNSPECIFIED.,.F.,
  .F.,(2,2),(0.,1.E-02),.PIECEWISE_BEZIER_KNOTS.);
#7086 = CARTESIAN_POINT('',(-0.436991951377,-1.005,0.480120538344));
#7087 = CARTESIAN_POINT('',(-0.436991951377,-0.995,0.480120538344));
#7088 = ORIENTED_EDGE('',*,*,#7089,.F.);
#7089 = EDGE_CURVE('',#7055,#7083,#7090,.T.);
#7090 = B_SPLINE_CURVE_WITH_KNOTS('',1,(#7091,#7092),.UNSPECIFIED.,.F.,
  .F.,(2,2),(-9.496455635733E-03,-0.),.PIECEWISE_BEZIER_KNOTS.);
#7091 = CARTESIAN_POINT('',(-0.427495495742,-1.005,0.480120538344));
#7092 = CARTESIAN_POINT('',(-0.436991951377,-1.005,0.480120538344));
#7093 = ORIENTED_EDGE('',*,*,#7054,.T.);
#7094 = B_SPLINE_SURFACE_WITH_KNOTS('',1,1,(
    (#7095,#7096)
    ,(#7097,#7098
    )),.UNSPECIFIED.,.F.,.F.,.F.,(2,2),(2,2),(-9.496455635733E-03,0.),(
    0.,1.E-02),.PIECEWISE_BEZIER_KNOTS.);
#7095 = CARTESIAN_POINT('',(-0.427495495742,-1.005,0.480120538344));
#7096 = CARTESIAN_POINT('',(-0.427495495742,-0.995,0.480120538344));
#7097 = CARTESIAN_POINT('',(-0.436991951377,-1.005,0.480120538344));
#7098 = CARTESIAN_POINT('',(-0.436991951377,-0.995,0.480120538344));
#7099 = ADVANCED_FACE('',(#7100),#7122,.F.);
#7100 = FACE_BOUND('',#7101,.T.);
#7101 = EDGE_LOOP('',(#7102,#7109,#7116,#7121));
#7102 = ORIENTED_EDGE('',*,*,#7103,.T.);
#7103 = EDGE_CURVE('',#7076,#7104,#7106,.T.);
#7104 = VERTEX_POINT('',#7105);
#7105 = CARTESIAN_POINT('',(-0.417999040106,-0.995,0.431806453833));
#7106 = B_SPLINE_CURVE_WITH_KNOTS('',1,(#7107,#7108),.UNSPECIFIED.,.F.,
  .F.,(2,2),(-5.191321065727E-02,0.),.PIECEWISE_BEZIER_KNOTS.);
#7107 = CARTESIAN_POINT('',(-0.436991951377,-0.995,0.480120538344));
#7108 = CARTESIAN_POINT('',(-0.417999040106,-0.995,0.431806453833));
#7109 = ORIENTED_EDGE('',*,*,#7110,.F.);
#7110 = EDGE_CURVE('',#7111,#7104,#7113,.T.);
#7111 = VERTEX_POINT('',#7112);
#7112 = CARTESIAN_POINT('',(-0.417999040106,-1.005,0.431806453833));
#7113 = B_SPLINE_CURVE_WITH_KNOTS('',1,(#7114,#7115),.UNSPECIFIED.,.F.,
  .F.,(2,2),(0.,1.E-02),.PIECEWISE_BEZIER_KNOTS.);
#7114 = CARTESIAN_POINT('',(-0.417999040106,-1.005,0.431806453833));
#7115 = CARTESIAN_POINT('',(-0.417999040106,-0.995,0.431806453833));
#7116 = ORIENTED_EDGE('',*,*,#7117,.F.);
#7117 = EDGE_CURVE('',#7083,#7111,#7118,.T.);
#7118 = B_SPLINE_CURVE_WITH_KNOTS('',1,(#7119,#7120),.UNSPECIFIED.,.F.,
  .F.,(2,2),(-5.191321065727E-02,0.),.PIECEWISE_BEZIER_KNOTS.);
#7119 = CARTESIAN_POINT('',(-0.436991951377,-1.005,0.480120538344));
#7120 = CARTESIAN_POINT('',(-0.417999040106,-1.005,0.431806453833));
#7121 = ORIENTED_EDGE('',*,*,#7082,.T.);
#7122 = B_SPLINE_SURFACE_WITH_KNOTS('',1,1,(
    (#7123,#7124)
    ,(#7125,#7126
    )),.UNSPECIFIED.,.F.,.F.,.F.,(2,2),(2,2),(-5.191321065727E-02,0.),(
    0.,1.E-02),.PIECEWISE_BEZIER_KNOTS.);
#7123 = CARTESIAN_POINT('',(-0.436991951377,-1.005,0.480120538344));
#7124 = CARTESIAN_POINT('',(-0.436991951377,-0.995,0.480120538344));
#7125 = CARTESIAN_POINT('',(-0.417999040106,-1.005,0.431806453833));
#7126 = CARTESIAN_POINT('',(-0.417999040106,-0.995,0.431806453833));
#7127 = ADVANCED_FACE('',(#7128),#7150,.F.);
#7128 = FACE_BOUND('',#7129,.T.);
#7129 = EDGE_LOOP('',(#7130,#7137,#7144,#7149));
#7130 = ORIENTED_EDGE('',*,*,#7131,.T.);
#7131 = EDGE_CURVE('',#7104,#7132,#7134,.T.);
#7132 = VERTEX_POINT('',#7133);
#7133 = CARTESIAN_POINT('',(-0.421724839306,-0.995,0.423003170141));
#7134 = B_SPLINE_CURVE_WITH_KNOTS('',1,(#7135,#7136),.UNSPECIFIED.,.F.,
  .F.,(2,2),(-9.559256426937E-03,-5.112117412816E-17),
  .PIECEWISE_BEZIER_KNOTS.);
#7135 = CARTESIAN_POINT('',(-0.417999040106,-0.995,0.431806453833));
#7136 = CARTESIAN_POINT('',(-0.421724839306,-0.995,0.423003170141));
#7137 = ORIENTED_EDGE('',*,*,#7138,.F.);
#7138 = EDGE_CURVE('',#7139,#7132,#7141,.T.);
#7139 = VERTEX_POINT('',#7140);
#7140 = CARTESIAN_POINT('',(-0.421724839306,-1.005,0.423003170141));
#7141 = B_SPLINE_CURVE_WITH_KNOTS('',1,(#7142,#7143),.UNSPECIFIED.,.F.,
  .F.,(2,2),(0.,1.E-02),.PIECEWISE_BEZIER_KNOTS.);
#7142 = CARTESIAN_POINT('',(-0.421724839306,-1.005,0.423003170141));
#7143 = CARTESIAN_POINT('',(-0.421724839306,-0.995,0.423003170141));
#7144 = ORIENTED_EDGE('',*,*,#7145,.F.);
#7145 = EDGE_CURVE('',#7111,#7139,#7146,.T.);
#7146 = B_SPLINE_CURVE_WITH_KNOTS('',1,(#7147,#7148),.UNSPECIFIED.,.F.,
  .F.,(2,2),(-9.559256426937E-03,-5.112117412816E-17),
  .PIECEWISE_BEZIER_KNOTS.);
#7147 = CARTESIAN_POINT('',(-0.417999040106,-1.005,0.431806453833));
#7148 = CARTESIAN_POINT('',(-0.421724839306,-1.005,0.423003170141));
#7149 = ORIENTED_EDGE('',*,*,#7110,.T.);
#7150 = B_SPLINE_SURFACE_WITH_KNOTS('',1,1,(
    (#7151,#7152)
    ,(#7153,#7154
    )),.UNSPECIFIED.,.F.,.F.,.F.,(2,2),(2,2),(-9.559256426937E-03,
    -5.112117412816E-17),(0.,1.E-02),.PIECEWISE_BEZIER_KNOTS.);
#7151 = CARTESIAN_POINT('',(-0.417999040106,-1.005,0.431806453833));
#7152 = CARTESIAN_POINT('',(-0.417999040106,-0.995,0.431806453833));
#7153 = CARTESIAN_POINT('',(-0.421724839306,-1.005,0.423003170141));
#7154 = CARTESIAN_POINT('',(-0.421724839306,-0.995,0.423003170141));
#7155 = ADVANCED_FACE('',(#7156),#7182,.F.);
#7156 = FACE_BOUND('',#7157,.F.);
#7157 = EDGE_LOOP('',(#7158,#7159,#7168,#7175));
#7158 = ORIENTED_EDGE('',*,*,#7138,.F.);
#7159 = ORIENTED_EDGE('',*,*,#7160,.T.);
#7160 = EDGE_CURVE('',#7139,#7161,#7163,.T.);
#7161 = VERTEX_POINT('',#7162);
#7162 = CARTESIAN_POINT('',(-0.430424147206,-1.005,0.416175426491));
#7163 = B_SPLINE_CURVE_WITH_KNOTS('',3,(#7164,#7165,#7166,#7167),
  .UNSPECIFIED.,.F.,.F.,(4,4),(5.,6.),.PIECEWISE_BEZIER_KNOTS.);
#7164 = CARTESIAN_POINT('',(-0.421724839306,-1.005,0.423003170141));
#7165 = CARTESIAN_POINT('',(-0.423648391451,-1.005,0.418428235309));
#7166 = CARTESIAN_POINT('',(-0.426542384318,-1.005,0.416175426491));
#7167 = CARTESIAN_POINT('',(-0.430424147206,-1.005,0.416175426491));
#7168 = ORIENTED_EDGE('',*,*,#7169,.T.);
#7169 = EDGE_CURVE('',#7161,#7170,#7172,.T.);
#7170 = VERTEX_POINT('',#7171);
#7171 = CARTESIAN_POINT('',(-0.430424147206,-0.995,0.416175426491));
#7172 = B_SPLINE_CURVE_WITH_KNOTS('',1,(#7173,#7174),.UNSPECIFIED.,.F.,
  .F.,(2,2),(0.,1.E-02),.PIECEWISE_BEZIER_KNOTS.);
#7173 = CARTESIAN_POINT('',(-0.430424147206,-1.005,0.416175426491));
#7174 = CARTESIAN_POINT('',(-0.430424147206,-0.995,0.416175426491));
#7175 = ORIENTED_EDGE('',*,*,#7176,.F.);
#7176 = EDGE_CURVE('',#7132,#7170,#7177,.T.);
#7177 = B_SPLINE_CURVE_WITH_KNOTS('',3,(#7178,#7179,#7180,#7181),
  .UNSPECIFIED.,.F.,.F.,(4,4),(5.,6.),.PIECEWISE_BEZIER_KNOTS.);
#7178 = CARTESIAN_POINT('',(-0.421724839306,-0.995,0.423003170141));
#7179 = CARTESIAN_POINT('',(-0.423648391451,-0.995,0.418428235309));
#7180 = CARTESIAN_POINT('',(-0.426542384318,-0.995,0.416175426491));
#7181 = CARTESIAN_POINT('',(-0.430424147206,-0.995,0.416175426491));
#7182 = B_SPLINE_SURFACE_WITH_KNOTS('',3,1,(
    (#7183,#7184)
    ,(#7185,#7186)
    ,(#7187,#7188)
    ,(#7189,#7190
    )),.UNSPECIFIED.,.F.,.F.,.F.,(4,4),(2,2),(5.,6.),(0.,1.),
  .PIECEWISE_BEZIER_KNOTS.);
#7183 = CARTESIAN_POINT('',(-0.421724839306,-1.005,0.423003170141));
#7184 = CARTESIAN_POINT('',(-0.421724839306,-0.995,0.423003170141));
#7185 = CARTESIAN_POINT('',(-0.423648391451,-1.005,0.418428235309));
#7186 = CARTESIAN_POINT('',(-0.423648391451,-0.995,0.418428235309));
#7187 = CARTESIAN_POINT('',(-0.426542384318,-1.005,0.416175426491));
#7188 = CARTESIAN_POINT('',(-0.426542384318,-0.995,0.416175426491));
#7189 = CARTESIAN_POINT('',(-0.430424147206,-1.005,0.416175426491));
#7190 = CARTESIAN_POINT('',(-0.430424147206,-0.995,0.416175426491));
#7191 = ADVANCED_FACE('',(#7192),#7218,.F.);
#7192 = FACE_BOUND('',#7193,.F.);
#7193 = EDGE_LOOP('',(#7194,#7195,#7204,#7211));
#7194 = ORIENTED_EDGE('',*,*,#7169,.F.);
#7195 = ORIENTED_EDGE('',*,*,#7196,.T.);
#7196 = EDGE_CURVE('',#7161,#7197,#7199,.T.);
#7197 = VERTEX_POINT('',#7198);
#7198 = CARTESIAN_POINT('',(-0.435241692218,-1.005,0.417145867213));
#7199 = B_SPLINE_CURVE_WITH_KNOTS('',3,(#7200,#7201,#7202,#7203),
  .UNSPECIFIED.,.F.,.F.,(4,4),(4.,5.),.PIECEWISE_BEZIER_KNOTS.);
#7200 = CARTESIAN_POINT('',(-0.430424147206,-1.005,0.416175426491));
#7201 = CARTESIAN_POINT('',(-0.43198378408,-1.005,0.416175426491));
#7202 = CARTESIAN_POINT('',(-0.433578079552,-1.005,0.416487353866));
#7203 = CARTESIAN_POINT('',(-0.435241692218,-1.005,0.417145867213));
#7204 = ORIENTED_EDGE('',*,*,#7205,.T.);
#7205 = EDGE_CURVE('',#7197,#7206,#7208,.T.);
#7206 = VERTEX_POINT('',#7207);
#7207 = CARTESIAN_POINT('',(-0.435241692218,-0.995,0.417145867213));
#7208 = B_SPLINE_CURVE_WITH_KNOTS('',1,(#7209,#7210),.UNSPECIFIED.,.F.,
  .F.,(2,2),(0.,1.E-02),.PIECEWISE_BEZIER_KNOTS.);
#7209 = CARTESIAN_POINT('',(-0.435241692218,-1.005,0.417145867213));
#7210 = CARTESIAN_POINT('',(-0.435241692218,-0.995,0.417145867213));
#7211 = ORIENTED_EDGE('',*,*,#7212,.F.);
#7212 = EDGE_CURVE('',#7170,#7206,#7213,.T.);
#7213 = B_SPLINE_CURVE_WITH_KNOTS('',3,(#7214,#7215,#7216,#7217),
  .UNSPECIFIED.,.F.,.F.,(4,4),(4.,5.),.PIECEWISE_BEZIER_KNOTS.);
#7214 = CARTESIAN_POINT('',(-0.430424147206,-0.995,0.416175426491));
#7215 = CARTESIAN_POINT('',(-0.43198378408,-0.995,0.416175426491));
#7216 = CARTESIAN_POINT('',(-0.433578079552,-0.995,0.416487353866));
#7217 = CARTESIAN_POINT('',(-0.435241692218,-0.995,0.417145867213));
#7218 = B_SPLINE_SURFACE_WITH_KNOTS('',3,1,(
    (#7219,#7220)
    ,(#7221,#7222)
    ,(#7223,#7224)
    ,(#7225,#7226
    )),.UNSPECIFIED.,.F.,.F.,.F.,(4,4),(2,2),(4.,5.),(0.,1.),
  .PIECEWISE_BEZIER_KNOTS.);
#7219 = CARTESIAN_POINT('',(-0.430424147206,-1.005,0.416175426491));
#7220 = CARTESIAN_POINT('',(-0.430424147206,-0.995,0.416175426491));
#7221 = CARTESIAN_POINT('',(-0.43198378408,-1.005,0.416175426491));
#7222 = CARTESIAN_POINT('',(-0.43198378408,-0.995,0.416175426491));
#7223 = CARTESIAN_POINT('',(-0.433578079552,-1.005,0.416487353866));
#7224 = CARTESIAN_POINT('',(-0.433578079552,-0.995,0.416487353866));
#7225 = CARTESIAN_POINT('',(-0.435241692218,-1.005,0.417145867213));
#7226 = CARTESIAN_POINT('',(-0.435241692218,-0.995,0.417145867213));
#7227 = ADVANCED_FACE('',(#7228),#7250,.F.);
#7228 = FACE_BOUND('',#7229,.T.);
#7229 = EDGE_LOOP('',(#7230,#7237,#7244,#7249));
#7230 = ORIENTED_EDGE('',*,*,#7231,.T.);
#7231 = EDGE_CURVE('',#7206,#7232,#7234,.T.);
#7232 = VERTEX_POINT('',#7233);
#7233 = CARTESIAN_POINT('',(-0.435241692218,-0.995,0.409590293021));
#7234 = B_SPLINE_CURVE_WITH_KNOTS('',1,(#7235,#7236),.UNSPECIFIED.,.F.,
  .F.,(2,2),(-7.555574192073E-03,-5.551115123126E-17),
  .PIECEWISE_BEZIER_KNOTS.);
#7235 = CARTESIAN_POINT('',(-0.435241692218,-0.995,0.417145867213));
#7236 = CARTESIAN_POINT('',(-0.435241692218,-0.995,0.409590293021));
#7237 = ORIENTED_EDGE('',*,*,#7238,.F.);
#7238 = EDGE_CURVE('',#7239,#7232,#7241,.T.);
#7239 = VERTEX_POINT('',#7240);
#7240 = CARTESIAN_POINT('',(-0.435241692218,-1.005,0.409590293021));
#7241 = B_SPLINE_CURVE_WITH_KNOTS('',1,(#7242,#7243),.UNSPECIFIED.,.F.,
  .F.,(2,2),(0.,1.E-02),.PIECEWISE_BEZIER_KNOTS.);
#7242 = CARTESIAN_POINT('',(-0.435241692218,-1.005,0.409590293021));
#7243 = CARTESIAN_POINT('',(-0.435241692218,-0.995,0.409590293021));
#7244 = ORIENTED_EDGE('',*,*,#7245,.F.);
#7245 = EDGE_CURVE('',#7197,#7239,#7246,.T.);
#7246 = B_SPLINE_CURVE_WITH_KNOTS('',1,(#7247,#7248),.UNSPECIFIED.,.F.,
  .F.,(2,2),(-7.555574192073E-03,-5.551115123126E-17),
  .PIECEWISE_BEZIER_KNOTS.);
#7247 = CARTESIAN_POINT('',(-0.435241692218,-1.005,0.417145867213));
#7248 = CARTESIAN_POINT('',(-0.435241692218,-1.005,0.409590293021));
#7249 = ORIENTED_EDGE('',*,*,#7205,.T.);
#7250 = B_SPLINE_SURFACE_WITH_KNOTS('',1,1,(
    (#7251,#7252)
    ,(#7253,#7254
    )),.UNSPECIFIED.,.F.,.F.,.F.,(2,2),(2,2),(-7.555574192073E-03,
    -5.551115123126E-17),(0.,1.E-02),.PIECEWISE_BEZIER_KNOTS.);
#7251 = CARTESIAN_POINT('',(-0.435241692218,-1.005,0.417145867213));
#7252 = CARTESIAN_POINT('',(-0.435241692218,-0.995,0.417145867213));
#7253 = CARTESIAN_POINT('',(-0.435241692218,-1.005,0.409590293021));
#7254 = CARTESIAN_POINT('',(-0.435241692218,-0.995,0.409590293021));
#7255 = ADVANCED_FACE('',(#7256),#7282,.F.);
#7256 = FACE_BOUND('',#7257,.F.);
#7257 = EDGE_LOOP('',(#7258,#7259,#7268,#7275));
#7258 = ORIENTED_EDGE('',*,*,#7238,.F.);
#7259 = ORIENTED_EDGE('',*,*,#7260,.T.);
#7260 = EDGE_CURVE('',#7239,#7261,#7263,.T.);
#7261 = VERTEX_POINT('',#7262);
#7262 = CARTESIAN_POINT('',(-0.429765633859,-1.005,0.408897121076));
#7263 = B_SPLINE_CURVE_WITH_KNOTS('',3,(#7264,#7265,#7266,#7267),
  .UNSPECIFIED.,.F.,.F.,(4,4),(2.,3.),.PIECEWISE_BEZIER_KNOTS.);
#7264 = CARTESIAN_POINT('',(-0.435241692218,-1.005,0.409590293021));
#7265 = CARTESIAN_POINT('',(-0.43373404324,-1.005,0.409139731257));
#7266 = CARTESIAN_POINT('',(-0.431897137588,-1.005,0.408897121076));
#7267 = CARTESIAN_POINT('',(-0.429765633859,-1.005,0.408897121076));
#7268 = ORIENTED_EDGE('',*,*,#7269,.T.);
#7269 = EDGE_CURVE('',#7261,#7270,#7272,.T.);
#7270 = VERTEX_POINT('',#7271);
#7271 = CARTESIAN_POINT('',(-0.429765633859,-0.995,0.408897121076));
#7272 = B_SPLINE_CURVE_WITH_KNOTS('',1,(#7273,#7274),.UNSPECIFIED.,.F.,
  .F.,(2,2),(0.,1.E-02),.PIECEWISE_BEZIER_KNOTS.);
#7273 = CARTESIAN_POINT('',(-0.429765633859,-1.005,0.408897121076));
#7274 = CARTESIAN_POINT('',(-0.429765633859,-0.995,0.408897121076));
#7275 = ORIENTED_EDGE('',*,*,#7276,.F.);
#7276 = EDGE_CURVE('',#7232,#7270,#7277,.T.);
#7277 = B_SPLINE_CURVE_WITH_KNOTS('',3,(#7278,#7279,#7280,#7281),
  .UNSPECIFIED.,.F.,.F.,(4,4),(2.,3.),.PIECEWISE_BEZIER_KNOTS.);
#7278 = CARTESIAN_POINT('',(-0.435241692218,-0.995,0.409590293021));
#7279 = CARTESIAN_POINT('',(-0.43373404324,-0.995,0.409139731257));
#7280 = CARTESIAN_POINT('',(-0.431897137588,-0.995,0.408897121076));
#7281 = CARTESIAN_POINT('',(-0.429765633859,-0.995,0.408897121076));
#7282 = B_SPLINE_SURFACE_WITH_KNOTS('',3,1,(
    (#7283,#7284)
    ,(#7285,#7286)
    ,(#7287,#7288)
    ,(#7289,#7290
    )),.UNSPECIFIED.,.F.,.F.,.F.,(4,4),(2,2),(2.,3.),(0.,1.),
  .PIECEWISE_BEZIER_KNOTS.);
#7283 = CARTESIAN_POINT('',(-0.435241692218,-1.005,0.409590293021));
#7284 = CARTESIAN_POINT('',(-0.435241692218,-0.995,0.409590293021));
#7285 = CARTESIAN_POINT('',(-0.43373404324,-1.005,0.409139731257));
#7286 = CARTESIAN_POINT('',(-0.43373404324,-0.995,0.409139731257));
#7287 = CARTESIAN_POINT('',(-0.431897137588,-1.005,0.408897121076));
#7288 = CARTESIAN_POINT('',(-0.431897137588,-0.995,0.408897121076));
#7289 = CARTESIAN_POINT('',(-0.429765633859,-1.005,0.408897121076));
#7290 = CARTESIAN_POINT('',(-0.429765633859,-0.995,0.408897121076));
#7291 = ADVANCED_FACE('',(#7292),#7318,.F.);
#7292 = FACE_BOUND('',#7293,.F.);
#7293 = EDGE_LOOP('',(#7294,#7295,#7304,#7311));
#7294 = ORIENTED_EDGE('',*,*,#7269,.F.);
#7295 = ORIENTED_EDGE('',*,*,#7296,.T.);
#7296 = EDGE_CURVE('',#7261,#7297,#7299,.T.);
#7297 = VERTEX_POINT('',#7298);
#7298 = CARTESIAN_POINT('',(-0.41248832315,-1.005,0.42438951403));
#7299 = B_SPLINE_CURVE_WITH_KNOTS('',3,(#7300,#7301,#7302,#7303),
  .UNSPECIFIED.,.F.,.F.,(4,4),(1.,2.),.PIECEWISE_BEZIER_KNOTS.);
#7300 = CARTESIAN_POINT('',(-0.429765633859,-1.005,0.408897121076));
#7301 = CARTESIAN_POINT('',(-0.422331364757,-1.005,0.408897121076));
#7302 = CARTESIAN_POINT('',(-0.41657803762,-1.005,0.414061252061));
#7303 = CARTESIAN_POINT('',(-0.41248832315,-1.005,0.42438951403));
#7304 = ORIENTED_EDGE('',*,*,#7305,.T.);
#7305 = EDGE_CURVE('',#7297,#7306,#7308,.T.);
#7306 = VERTEX_POINT('',#7307);
#7307 = CARTESIAN_POINT('',(-0.41248832315,-0.995,0.42438951403));
#7308 = B_SPLINE_CURVE_WITH_KNOTS('',1,(#7309,#7310),.UNSPECIFIED.,.F.,
  .F.,(2,2),(0.,1.E-02),.PIECEWISE_BEZIER_KNOTS.);
#7309 = CARTESIAN_POINT('',(-0.41248832315,-1.005,0.42438951403));
#7310 = CARTESIAN_POINT('',(-0.41248832315,-0.995,0.42438951403));
#7311 = ORIENTED_EDGE('',*,*,#7312,.F.);
#7312 = EDGE_CURVE('',#7270,#7306,#7313,.T.);
#7313 = B_SPLINE_CURVE_WITH_KNOTS('',3,(#7314,#7315,#7316,#7317),
  .UNSPECIFIED.,.F.,.F.,(4,4),(1.,2.),.PIECEWISE_BEZIER_KNOTS.);
#7314 = CARTESIAN_POINT('',(-0.429765633859,-0.995,0.408897121076));
#7315 = CARTESIAN_POINT('',(-0.422331364757,-0.995,0.408897121076));
#7316 = CARTESIAN_POINT('',(-0.41657803762,-0.995,0.414061252061));
#7317 = CARTESIAN_POINT('',(-0.41248832315,-0.995,0.42438951403));
#7318 = B_SPLINE_SURFACE_WITH_KNOTS('',3,1,(
    (#7319,#7320)
    ,(#7321,#7322)
    ,(#7323,#7324)
    ,(#7325,#7326
    )),.UNSPECIFIED.,.F.,.F.,.F.,(4,4),(2,2),(1.,2.),(0.,1.),
  .PIECEWISE_BEZIER_KNOTS.);
#7319 = CARTESIAN_POINT('',(-0.429765633859,-1.005,0.408897121076));
#7320 = CARTESIAN_POINT('',(-0.429765633859,-0.995,0.408897121076));
#7321 = CARTESIAN_POINT('',(-0.422331364757,-1.005,0.408897121076));
#7322 = CARTESIAN_POINT('',(-0.422331364757,-0.995,0.408897121076));
#7323 = CARTESIAN_POINT('',(-0.41657803762,-1.005,0.414061252061));
#7324 = CARTESIAN_POINT('',(-0.41657803762,-0.995,0.414061252061));
#7325 = CARTESIAN_POINT('',(-0.41248832315,-1.005,0.42438951403));
#7326 = CARTESIAN_POINT('',(-0.41248832315,-0.995,0.42438951403));
#7327 = ADVANCED_FACE('',(#7328),#7342,.F.);
#7328 = FACE_BOUND('',#7329,.T.);
#7329 = EDGE_LOOP('',(#7330,#7335,#7336,#7341));
#7330 = ORIENTED_EDGE('',*,*,#7331,.T.);
#7331 = EDGE_CURVE('',#7306,#6892,#7332,.T.);
#7332 = B_SPLINE_CURVE_WITH_KNOTS('',1,(#7333,#7334),.UNSPECIFIED.,.F.,
  .F.,(2,2),(-5.990646040689E-02,0.),.PIECEWISE_BEZIER_KNOTS.);
#7333 = CARTESIAN_POINT('',(-0.41248832315,-0.995,0.42438951403));
#7334 = CARTESIAN_POINT('',(-0.390514772518,-0.995,0.480120538344));
#7335 = ORIENTED_EDGE('',*,*,#6914,.F.);
#7336 = ORIENTED_EDGE('',*,*,#7337,.F.);
#7337 = EDGE_CURVE('',#7297,#6908,#7338,.T.);
#7338 = B_SPLINE_CURVE_WITH_KNOTS('',1,(#7339,#7340),.UNSPECIFIED.,.F.,
  .F.,(2,2),(-5.990646040689E-02,0.),.PIECEWISE_BEZIER_KNOTS.);
#7339 = CARTESIAN_POINT('',(-0.41248832315,-1.005,0.42438951403));
#7340 = CARTESIAN_POINT('',(-0.390514772518,-1.005,0.480120538344));
#7341 = ORIENTED_EDGE('',*,*,#7305,.T.);
#7342 = B_SPLINE_SURFACE_WITH_KNOTS('',1,1,(
    (#7343,#7344)
    ,(#7345,#7346
    )),.UNSPECIFIED.,.F.,.F.,.F.,(2,2),(2,2),(-5.990646040689E-02,0.),(
    0.,1.E-02),.PIECEWISE_BEZIER_KNOTS.);
#7343 = CARTESIAN_POINT('',(-0.41248832315,-1.005,0.42438951403));
#7344 = CARTESIAN_POINT('',(-0.41248832315,-0.995,0.42438951403));
#7345 = CARTESIAN_POINT('',(-0.390514772518,-1.005,0.480120538344));
#7346 = CARTESIAN_POINT('',(-0.390514772518,-0.995,0.480120538344));
#7347 = ADVANCED_FACE('',(#7348),#7365,.T.);
#7348 = FACE_BOUND('',#7349,.T.);
#7349 = EDGE_LOOP('',(#7350,#7351,#7352,#7353,#7354,#7355,#7356,#7357,
    #7358,#7359,#7360,#7361,#7362,#7363,#7364));
#7350 = ORIENTED_EDGE('',*,*,#6907,.T.);
#7351 = ORIENTED_EDGE('',*,*,#6941,.T.);
#7352 = ORIENTED_EDGE('',*,*,#6956,.T.);
#7353 = ORIENTED_EDGE('',*,*,#7005,.T.);
#7354 = ORIENTED_EDGE('',*,*,#7033,.T.);
#7355 = ORIENTED_EDGE('',*,*,#7061,.T.);
#7356 = ORIENTED_EDGE('',*,*,#7089,.T.);
#7357 = ORIENTED_EDGE('',*,*,#7117,.T.);
#7358 = ORIENTED_EDGE('',*,*,#7145,.T.);
#7359 = ORIENTED_EDGE('',*,*,#7160,.T.);
#7360 = ORIENTED_EDGE('',*,*,#7196,.T.);
#7361 = ORIENTED_EDGE('',*,*,#7245,.T.);
#7362 = ORIENTED_EDGE('',*,*,#7260,.T.);
#7363 = ORIENTED_EDGE('',*,*,#7296,.T.);
#7364 = ORIENTED_EDGE('',*,*,#7337,.T.);
#7365 = B_SPLINE_SURFACE_WITH_KNOTS('',1,1,(
    (#7366,#7367)
    ,(#7368,#7369
    )),.UNSPECIFIED.,.F.,.F.,.F.,(2,2),(2,2),(-6.73503190295E-02,
    3.873098238372E-03),(-1.711918085971E-02,2.93579979996E-02),
  .PIECEWISE_BEZIER_KNOTS.);
#7366 = CARTESIAN_POINT('',(-0.436991951377,-1.005,0.480120538344));
#7367 = CARTESIAN_POINT('',(-0.390514772518,-1.005,0.480120538344));
#7368 = CARTESIAN_POINT('',(-0.436991951377,-1.005,0.408897121076));
#7369 = CARTESIAN_POINT('',(-0.390514772518,-1.005,0.408897121076));
#7370 = ADVANCED_FACE('',(#7371),#7388,.F.);
#7371 = FACE_BOUND('',#7372,.T.);
#7372 = EDGE_LOOP('',(#7373,#7374,#7375,#7376,#7377,#7378,#7379,#7380,
    #7381,#7382,#7383,#7384,#7385,#7386,#7387));
#7373 = ORIENTED_EDGE('',*,*,#6891,.F.);
#7374 = ORIENTED_EDGE('',*,*,#7331,.F.);
#7375 = ORIENTED_EDGE('',*,*,#7312,.F.);
#7376 = ORIENTED_EDGE('',*,*,#7276,.F.);
#7377 = ORIENTED_EDGE('',*,*,#7231,.F.);
#7378 = ORIENTED_EDGE('',*,*,#7212,.F.);
#7379 = ORIENTED_EDGE('',*,*,#7176,.F.);
#7380 = ORIENTED_EDGE('',*,*,#7131,.F.);
#7381 = ORIENTED_EDGE('',*,*,#7103,.F.);
#7382 = ORIENTED_EDGE('',*,*,#7075,.F.);
#7383 = ORIENTED_EDGE('',*,*,#7047,.F.);
#7384 = ORIENTED_EDGE('',*,*,#7019,.F.);
#7385 = ORIENTED_EDGE('',*,*,#6991,.F.);
#7386 = ORIENTED_EDGE('',*,*,#6972,.F.);
#7387 = ORIENTED_EDGE('',*,*,#6927,.F.);
#7388 = B_SPLINE_SURFACE_WITH_KNOTS('',1,1,(
    (#7389,#7390)
    ,(#7391,#7392
    )),.UNSPECIFIED.,.F.,.F.,.F.,(2,2),(2,2),(-6.73503190295E-02,
    3.873098238372E-03),(-1.711918085971E-02,2.93579979996E-02),
  .PIECEWISE_BEZIER_KNOTS.);
#7389 = CARTESIAN_POINT('',(-0.436991951377,-0.995,0.480120538344));
#7390 = CARTESIAN_POINT('',(-0.390514772518,-0.995,0.480120538344));
#7391 = CARTESIAN_POINT('',(-0.436991951377,-0.995,0.408897121076));
#7392 = CARTESIAN_POINT('',(-0.390514772518,-0.995,0.408897121076));
#7393 = MANIFOLD_SOLID_BREP('',#7394);
#7394 = CLOSED_SHELL('',(#7395,#7431,#7459,#7487,#7515,#7543,#7571,#7599
    ,#7627,#7655,#7683,#7711,#7731,#7751));
#7395 = ADVANCED_FACE('',(#7396),#7426,.F.);
#7396 = FACE_BOUND('',#7397,.T.);
#7397 = EDGE_LOOP('',(#7398,#7407,#7414,#7421));
#7398 = ORIENTED_EDGE('',*,*,#7399,.T.);
#7399 = EDGE_CURVE('',#7400,#7402,#7404,.T.);
#7400 = VERTEX_POINT('',#7401);
#7401 = CARTESIAN_POINT('',(-0.344904058589,-0.995,0.431702478041));
#7402 = VERTEX_POINT('',#7403);
#7403 = CARTESIAN_POINT('',(-0.344904058589,-0.995,0.439431345219));
#7404 = B_SPLINE_CURVE_WITH_KNOTS('',1,(#7405,#7406),.UNSPECIFIED.,.F.,
  .F.,(2,2),(-7.728867177929E-03,0.),.PIECEWISE_BEZIER_KNOTS.);
#7405 = CARTESIAN_POINT('',(-0.344904058589,-0.995,0.431702478041));
#7406 = CARTESIAN_POINT('',(-0.344904058589,-0.995,0.439431345219));
#7407 = ORIENTED_EDGE('',*,*,#7408,.F.);
#7408 = EDGE_CURVE('',#7409,#7402,#7411,.T.);
#7409 = VERTEX_POINT('',#7410);
#7410 = CARTESIAN_POINT('',(-0.344904058589,-1.005,0.439431345219));
#7411 = B_SPLINE_CURVE_WITH_KNOTS('',1,(#7412,#7413),.UNSPECIFIED.,.F.,
  .F.,(2,2),(0.,1.E-02),.PIECEWISE_BEZIER_KNOTS.);
#7412 = CARTESIAN_POINT('',(-0.344904058589,-1.005,0.439431345219));
#7413 = CARTESIAN_POINT('',(-0.344904058589,-0.995,0.439431345219));
#7414 = ORIENTED_EDGE('',*,*,#7415,.F.);
#7415 = EDGE_CURVE('',#7416,#7409,#7418,.T.);
#7416 = VERTEX_POINT('',#7417);
#7417 = CARTESIAN_POINT('',(-0.344904058589,-1.005,0.431702478041));
#7418 = B_SPLINE_CURVE_WITH_KNOTS('',1,(#7419,#7420),.UNSPECIFIED.,.F.,
  .F.,(2,2),(-7.728867177929E-03,0.),.PIECEWISE_BEZIER_KNOTS.);
#7419 = CARTESIAN_POINT('',(-0.344904058589,-1.005,0.431702478041));
#7420 = CARTESIAN_POINT('',(-0.344904058589,-1.005,0.439431345219));
#7421 = ORIENTED_EDGE('',*,*,#7422,.T.);
#7422 = EDGE_CURVE('',#7416,#7400,#7423,.T.);
#7423 = B_SPLINE_CURVE_WITH_KNOTS('',1,(#7424,#7425),.UNSPECIFIED.,.F.,
  .F.,(2,2),(0.,1.E-02),.PIECEWISE_BEZIER_KNOTS.);
#7424 = CARTESIAN_POINT('',(-0.344904058589,-1.005,0.431702478041));
#7425 = CARTESIAN_POINT('',(-0.344904058589,-0.995,0.431702478041));
#7426 = B_SPLINE_SURFACE_WITH_KNOTS('',1,1,(
    (#7427,#7428)
    ,(#7429,#7430
    )),.UNSPECIFIED.,.F.,.F.,.F.,(2,2),(2,2),(-7.728867177929E-03,0.),(
    0.,1.E-02),.PIECEWISE_BEZIER_KNOTS.);
#7427 = CARTESIAN_POINT('',(-0.344904058589,-1.005,0.431702478041));
#7428 = CARTESIAN_POINT('',(-0.344904058589,-0.995,0.431702478041));
#7429 = CARTESIAN_POINT('',(-0.344904058589,-1.005,0.439431345219));
#7430 = CARTESIAN_POINT('',(-0.344904058589,-0.995,0.439431345219));
#7431 = ADVANCED_FACE('',(#7432),#7454,.F.);
#7432 = FACE_BOUND('',#7433,.T.);
#7433 = EDGE_LOOP('',(#7434,#7441,#7448,#7453));
#7434 = ORIENTED_EDGE('',*,*,#7435,.T.);
#7435 = EDGE_CURVE('',#7402,#7436,#7438,.T.);
#7436 = VERTEX_POINT('',#7437);
#7437 = CARTESIAN_POINT('',(-0.372613607059,-0.995,0.439431345219));
#7438 = B_SPLINE_CURVE_WITH_KNOTS('',1,(#7439,#7440),.UNSPECIFIED.,.F.,
  .F.,(2,2),(-2.770954846969E-02,-0.),.PIECEWISE_BEZIER_KNOTS.);
#7439 = CARTESIAN_POINT('',(-0.344904058589,-0.995,0.439431345219));
#7440 = CARTESIAN_POINT('',(-0.372613607059,-0.995,0.439431345219));
#7441 = ORIENTED_EDGE('',*,*,#7442,.F.);
#7442 = EDGE_CURVE('',#7443,#7436,#7445,.T.);
#7443 = VERTEX_POINT('',#7444);
#7444 = CARTESIAN_POINT('',(-0.372613607059,-1.005,0.439431345219));
#7445 = B_SPLINE_CURVE_WITH_KNOTS('',1,(#7446,#7447),.UNSPECIFIED.,.F.,
  .F.,(2,2),(0.,1.E-02),.PIECEWISE_BEZIER_KNOTS.);
#7446 = CARTESIAN_POINT('',(-0.372613607059,-1.005,0.439431345219));
#7447 = CARTESIAN_POINT('',(-0.372613607059,-0.995,0.439431345219));
#7448 = ORIENTED_EDGE('',*,*,#7449,.F.);
#7449 = EDGE_CURVE('',#7409,#7443,#7450,.T.);
#7450 = B_SPLINE_CURVE_WITH_KNOTS('',1,(#7451,#7452),.UNSPECIFIED.,.F.,
  .F.,(2,2),(-2.770954846969E-02,-0.),.PIECEWISE_BEZIER_KNOTS.);
#7451 = CARTESIAN_POINT('',(-0.344904058589,-1.005,0.439431345219));
#7452 = CARTESIAN_POINT('',(-0.372613607059,-1.005,0.439431345219));
#7453 = ORIENTED_EDGE('',*,*,#7408,.T.);
#7454 = B_SPLINE_SURFACE_WITH_KNOTS('',1,1,(
    (#7455,#7456)
    ,(#7457,#7458
    )),.UNSPECIFIED.,.F.,.F.,.F.,(2,2),(2,2),(-2.770954846969E-02,0.),(
    0.,1.E-02),.PIECEWISE_BEZIER_KNOTS.);
#7455 = CARTESIAN_POINT('',(-0.344904058589,-1.005,0.439431345219));
#7456 = CARTESIAN_POINT('',(-0.344904058589,-0.995,0.439431345219));
#7457 = CARTESIAN_POINT('',(-0.372613607059,-1.005,0.439431345219));
#7458 = CARTESIAN_POINT('',(-0.372613607059,-0.995,0.439431345219));
#7459 = ADVANCED_FACE('',(#7460),#7482,.F.);
#7460 = FACE_BOUND('',#7461,.T.);
#7461 = EDGE_LOOP('',(#7462,#7469,#7476,#7481));
#7462 = ORIENTED_EDGE('',*,*,#7463,.T.);
#7463 = EDGE_CURVE('',#7436,#7464,#7466,.T.);
#7464 = VERTEX_POINT('',#7465);
#7465 = CARTESIAN_POINT('',(-0.372613607059,-0.995,0.462236702184));
#7466 = B_SPLINE_CURVE_WITH_KNOTS('',1,(#7467,#7468),.UNSPECIFIED.,.F.,
  .F.,(2,2),(-2.280535696444E-02,0.),.PIECEWISE_BEZIER_KNOTS.);
#7467 = CARTESIAN_POINT('',(-0.372613607059,-0.995,0.439431345219));
#7468 = CARTESIAN_POINT('',(-0.372613607059,-0.995,0.462236702184));
#7469 = ORIENTED_EDGE('',*,*,#7470,.F.);
#7470 = EDGE_CURVE('',#7471,#7464,#7473,.T.);
#7471 = VERTEX_POINT('',#7472);
#7472 = CARTESIAN_POINT('',(-0.372613607059,-1.005,0.462236702184));
#7473 = B_SPLINE_CURVE_WITH_KNOTS('',1,(#7474,#7475),.UNSPECIFIED.,.F.,
  .F.,(2,2),(0.,1.E-02),.PIECEWISE_BEZIER_KNOTS.);
#7474 = CARTESIAN_POINT('',(-0.372613607059,-1.005,0.462236702184));
#7475 = CARTESIAN_POINT('',(-0.372613607059,-0.995,0.462236702184));
#7476 = ORIENTED_EDGE('',*,*,#7477,.F.);
#7477 = EDGE_CURVE('',#7443,#7471,#7478,.T.);
#7478 = B_SPLINE_CURVE_WITH_KNOTS('',1,(#7479,#7480),.UNSPECIFIED.,.F.,
  .F.,(2,2),(-2.280535696444E-02,0.),.PIECEWISE_BEZIER_KNOTS.);
#7479 = CARTESIAN_POINT('',(-0.372613607059,-1.005,0.439431345219));
#7480 = CARTESIAN_POINT('',(-0.372613607059,-1.005,0.462236702184));
#7481 = ORIENTED_EDGE('',*,*,#7442,.T.);
#7482 = B_SPLINE_SURFACE_WITH_KNOTS('',1,1,(
    (#7483,#7484)
    ,(#7485,#7486
    )),.UNSPECIFIED.,.F.,.F.,.F.,(2,2),(2,2),(-2.280535696444E-02,0.),(
    0.,1.E-02),.PIECEWISE_BEZIER_KNOTS.);
#7483 = CARTESIAN_POINT('',(-0.372613607059,-1.005,0.439431345219));
#7484 = CARTESIAN_POINT('',(-0.372613607059,-0.995,0.439431345219));
#7485 = CARTESIAN_POINT('',(-0.372613607059,-1.005,0.462236702184));
#7486 = CARTESIAN_POINT('',(-0.372613607059,-0.995,0.462236702184));
#7487 = ADVANCED_FACE('',(#7488),#7510,.F.);
#7488 = FACE_BOUND('',#7489,.T.);
#7489 = EDGE_LOOP('',(#7490,#7497,#7504,#7509));
#7490 = ORIENTED_EDGE('',*,*,#7491,.T.);
#7491 = EDGE_CURVE('',#7464,#7492,#7494,.T.);
#7492 = VERTEX_POINT('',#7493);
#7493 = CARTESIAN_POINT('',(-0.34836991831,-0.995,0.462236702184));
#7494 = B_SPLINE_CURVE_WITH_KNOTS('',1,(#7495,#7496),.UNSPECIFIED.,.F.,
  .F.,(2,2),(-2.424368874843E-02,0.),.PIECEWISE_BEZIER_KNOTS.);
#7495 = CARTESIAN_POINT('',(-0.372613607059,-0.995,0.462236702184));
#7496 = CARTESIAN_POINT('',(-0.34836991831,-0.995,0.462236702184));
#7497 = ORIENTED_EDGE('',*,*,#7498,.F.);
#7498 = EDGE_CURVE('',#7499,#7492,#7501,.T.);
#7499 = VERTEX_POINT('',#7500);
#7500 = CARTESIAN_POINT('',(-0.34836991831,-1.005,0.462236702184));
#7501 = B_SPLINE_CURVE_WITH_KNOTS('',1,(#7502,#7503),.UNSPECIFIED.,.F.,
  .F.,(2,2),(0.,1.E-02),.PIECEWISE_BEZIER_KNOTS.);
#7502 = CARTESIAN_POINT('',(-0.34836991831,-1.005,0.462236702184));
#7503 = CARTESIAN_POINT('',(-0.34836991831,-0.995,0.462236702184));
#7504 = ORIENTED_EDGE('',*,*,#7505,.F.);
#7505 = EDGE_CURVE('',#7471,#7499,#7506,.T.);
#7506 = B_SPLINE_CURVE_WITH_KNOTS('',1,(#7507,#7508),.UNSPECIFIED.,.F.,
  .F.,(2,2),(-2.424368874843E-02,0.),.PIECEWISE_BEZIER_KNOTS.);
#7507 = CARTESIAN_POINT('',(-0.372613607059,-1.005,0.462236702184));
#7508 = CARTESIAN_POINT('',(-0.34836991831,-1.005,0.462236702184));
#7509 = ORIENTED_EDGE('',*,*,#7470,.T.);
#7510 = B_SPLINE_SURFACE_WITH_KNOTS('',1,1,(
    (#7511,#7512)
    ,(#7513,#7514
    )),.UNSPECIFIED.,.F.,.F.,.F.,(2,2),(2,2),(-2.424368874843E-02,0.),(
    0.,1.E-02),.PIECEWISE_BEZIER_KNOTS.);
#7511 = CARTESIAN_POINT('',(-0.372613607059,-1.005,0.462236702184));
#7512 = CARTESIAN_POINT('',(-0.372613607059,-0.995,0.462236702184));
#7513 = CARTESIAN_POINT('',(-0.34836991831,-1.005,0.462236702184));
#7514 = CARTESIAN_POINT('',(-0.34836991831,-0.995,0.462236702184));
#7515 = ADVANCED_FACE('',(#7516),#7538,.F.);
#7516 = FACE_BOUND('',#7517,.T.);
#7517 = EDGE_LOOP('',(#7518,#7525,#7532,#7537));
#7518 = ORIENTED_EDGE('',*,*,#7519,.T.);
#7519 = EDGE_CURVE('',#7492,#7520,#7522,.T.);
#7520 = VERTEX_POINT('',#7521);
#7521 = CARTESIAN_POINT('',(-0.34836991831,-0.995,0.470000227959));
#7522 = B_SPLINE_CURVE_WITH_KNOTS('',1,(#7523,#7524),.UNSPECIFIED.,.F.,
  .F.,(2,2),(-7.763525775099E-03,0.),.PIECEWISE_BEZIER_KNOTS.);
#7523 = CARTESIAN_POINT('',(-0.34836991831,-0.995,0.462236702184));
#7524 = CARTESIAN_POINT('',(-0.34836991831,-0.995,0.470000227959));
#7525 = ORIENTED_EDGE('',*,*,#7526,.F.);
#7526 = EDGE_CURVE('',#7527,#7520,#7529,.T.);
#7527 = VERTEX_POINT('',#7528);
#7528 = CARTESIAN_POINT('',(-0.34836991831,-1.005,0.470000227959));
#7529 = B_SPLINE_CURVE_WITH_KNOTS('',1,(#7530,#7531),.UNSPECIFIED.,.F.,
  .F.,(2,2),(0.,1.E-02),.PIECEWISE_BEZIER_KNOTS.);
#7530 = CARTESIAN_POINT('',(-0.34836991831,-1.005,0.470000227959));
#7531 = CARTESIAN_POINT('',(-0.34836991831,-0.995,0.470000227959));
#7532 = ORIENTED_EDGE('',*,*,#7533,.F.);
#7533 = EDGE_CURVE('',#7499,#7527,#7534,.T.);
#7534 = B_SPLINE_CURVE_WITH_KNOTS('',1,(#7535,#7536),.UNSPECIFIED.,.F.,
  .F.,(2,2),(-7.763525775099E-03,0.),.PIECEWISE_BEZIER_KNOTS.);
#7535 = CARTESIAN_POINT('',(-0.34836991831,-1.005,0.462236702184));
#7536 = CARTESIAN_POINT('',(-0.34836991831,-1.005,0.470000227959));
#7537 = ORIENTED_EDGE('',*,*,#7498,.T.);
#7538 = B_SPLINE_SURFACE_WITH_KNOTS('',1,1,(
    (#7539,#7540)
    ,(#7541,#7542
    )),.UNSPECIFIED.,.F.,.F.,.F.,(2,2),(2,2),(-7.763525775099E-03,0.),(
    0.,1.E-02),.PIECEWISE_BEZIER_KNOTS.);
#7539 = CARTESIAN_POINT('',(-0.34836991831,-1.005,0.462236702184));
#7540 = CARTESIAN_POINT('',(-0.34836991831,-0.995,0.462236702184));
#7541 = CARTESIAN_POINT('',(-0.34836991831,-1.005,0.470000227959));
#7542 = CARTESIAN_POINT('',(-0.34836991831,-0.995,0.470000227959));
#7543 = ADVANCED_FACE('',(#7544),#7566,.F.);
#7544 = FACE_BOUND('',#7545,.T.);
#7545 = EDGE_LOOP('',(#7546,#7553,#7560,#7565));
#7546 = ORIENTED_EDGE('',*,*,#7547,.T.);
#7547 = EDGE_CURVE('',#7520,#7548,#7550,.T.);
#7548 = VERTEX_POINT('',#7549);
#7549 = CARTESIAN_POINT('',(-0.372613607059,-0.995,0.470000227959));
#7550 = B_SPLINE_CURVE_WITH_KNOTS('',1,(#7551,#7552),.UNSPECIFIED.,.F.,
  .F.,(2,2),(-2.424368874843E-02,-0.),.PIECEWISE_BEZIER_KNOTS.);
#7551 = CARTESIAN_POINT('',(-0.34836991831,-0.995,0.470000227959));
#7552 = CARTESIAN_POINT('',(-0.372613607059,-0.995,0.470000227959));
#7553 = ORIENTED_EDGE('',*,*,#7554,.F.);
#7554 = EDGE_CURVE('',#7555,#7548,#7557,.T.);
#7555 = VERTEX_POINT('',#7556);
#7556 = CARTESIAN_POINT('',(-0.372613607059,-1.005,0.470000227959));
#7557 = B_SPLINE_CURVE_WITH_KNOTS('',1,(#7558,#7559),.UNSPECIFIED.,.F.,
  .F.,(2,2),(0.,1.E-02),.PIECEWISE_BEZIER_KNOTS.);
#7558 = CARTESIAN_POINT('',(-0.372613607059,-1.005,0.470000227959));
#7559 = CARTESIAN_POINT('',(-0.372613607059,-0.995,0.470000227959));
#7560 = ORIENTED_EDGE('',*,*,#7561,.F.);
#7561 = EDGE_CURVE('',#7527,#7555,#7562,.T.);
#7562 = B_SPLINE_CURVE_WITH_KNOTS('',1,(#7563,#7564),.UNSPECIFIED.,.F.,
  .F.,(2,2),(-2.424368874843E-02,-0.),.PIECEWISE_BEZIER_KNOTS.);
#7563 = CARTESIAN_POINT('',(-0.34836991831,-1.005,0.470000227959));
#7564 = CARTESIAN_POINT('',(-0.372613607059,-1.005,0.470000227959));
#7565 = ORIENTED_EDGE('',*,*,#7526,.T.);
#7566 = B_SPLINE_SURFACE_WITH_KNOTS('',1,1,(
    (#7567,#7568)
    ,(#7569,#7570
    )),.UNSPECIFIED.,.F.,.F.,.F.,(2,2),(2,2),(-2.424368874843E-02,0.),(
    0.,1.E-02),.PIECEWISE_BEZIER_KNOTS.);
#7567 = CARTESIAN_POINT('',(-0.34836991831,-1.005,0.470000227959));
#7568 = CARTESIAN_POINT('',(-0.34836991831,-0.995,0.470000227959));
#7569 = CARTESIAN_POINT('',(-0.372613607059,-1.005,0.470000227959));
#7570 = CARTESIAN_POINT('',(-0.372613607059,-0.995,0.470000227959));
#7571 = ADVANCED_FACE('',(#7572),#7594,.F.);
#7572 = FACE_BOUND('',#7573,.T.);
#7573 = EDGE_LOOP('',(#7574,#7581,#7588,#7593));
#7574 = ORIENTED_EDGE('',*,*,#7575,.T.);
#7575 = EDGE_CURVE('',#7548,#7576,#7578,.T.);
#7576 = VERTEX_POINT('',#7577);
#7577 = CARTESIAN_POINT('',(-0.372613607059,-0.995,0.491696509813));
#7578 = B_SPLINE_CURVE_WITH_KNOTS('',1,(#7579,#7580),.UNSPECIFIED.,.F.,
  .F.,(2,2),(-2.169628185404E-02,0.),.PIECEWISE_BEZIER_KNOTS.);
#7579 = CARTESIAN_POINT('',(-0.372613607059,-0.995,0.470000227959));
#7580 = CARTESIAN_POINT('',(-0.372613607059,-0.995,0.491696509813));
#7581 = ORIENTED_EDGE('',*,*,#7582,.F.);
#7582 = EDGE_CURVE('',#7583,#7576,#7585,.T.);
#7583 = VERTEX_POINT('',#7584);
#7584 = CARTESIAN_POINT('',(-0.372613607059,-1.005,0.491696509813));
#7585 = B_SPLINE_CURVE_WITH_KNOTS('',1,(#7586,#7587),.UNSPECIFIED.,.F.,
  .F.,(2,2),(0.,1.E-02),.PIECEWISE_BEZIER_KNOTS.);
#7586 = CARTESIAN_POINT('',(-0.372613607059,-1.005,0.491696509813));
#7587 = CARTESIAN_POINT('',(-0.372613607059,-0.995,0.491696509813));
#7588 = ORIENTED_EDGE('',*,*,#7589,.F.);
#7589 = EDGE_CURVE('',#7555,#7583,#7590,.T.);
#7590 = B_SPLINE_CURVE_WITH_KNOTS('',1,(#7591,#7592),.UNSPECIFIED.,.F.,
  .F.,(2,2),(-2.169628185404E-02,0.),.PIECEWISE_BEZIER_KNOTS.);
#7591 = CARTESIAN_POINT('',(-0.372613607059,-1.005,0.470000227959));
#7592 = CARTESIAN_POINT('',(-0.372613607059,-1.005,0.491696509813));
#7593 = ORIENTED_EDGE('',*,*,#7554,.T.);
#7594 = B_SPLINE_SURFACE_WITH_KNOTS('',1,1,(
    (#7595,#7596)
    ,(#7597,#7598
    )),.UNSPECIFIED.,.F.,.F.,.F.,(2,2),(2,2),(-2.169628185404E-02,0.),(
    0.,1.E-02),.PIECEWISE_BEZIER_KNOTS.);
#7595 = CARTESIAN_POINT('',(-0.372613607059,-1.005,0.470000227959));
#7596 = CARTESIAN_POINT('',(-0.372613607059,-0.995,0.470000227959));
#7597 = CARTESIAN_POINT('',(-0.372613607059,-1.005,0.491696509813));
#7598 = CARTESIAN_POINT('',(-0.372613607059,-0.995,0.491696509813));
#7599 = ADVANCED_FACE('',(#7600),#7622,.F.);
#7600 = FACE_BOUND('',#7601,.T.);
#7601 = EDGE_LOOP('',(#7602,#7609,#7616,#7621));
#7602 = ORIENTED_EDGE('',*,*,#7603,.T.);
#7603 = EDGE_CURVE('',#7576,#7604,#7606,.T.);
#7604 = VERTEX_POINT('',#7605);
#7605 = CARTESIAN_POINT('',(-0.346446366165,-0.995,0.491696509813));
#7606 = B_SPLINE_CURVE_WITH_KNOTS('',1,(#7607,#7608),.UNSPECIFIED.,.F.,
  .F.,(2,2),(-2.616724089373E-02,0.),.PIECEWISE_BEZIER_KNOTS.);
#7607 = CARTESIAN_POINT('',(-0.372613607059,-0.995,0.491696509813));
#7608 = CARTESIAN_POINT('',(-0.346446366165,-0.995,0.491696509813));
#7609 = ORIENTED_EDGE('',*,*,#7610,.F.);
#7610 = EDGE_CURVE('',#7611,#7604,#7613,.T.);
#7611 = VERTEX_POINT('',#7612);
#7612 = CARTESIAN_POINT('',(-0.346446366165,-1.005,0.491696509813));
#7613 = B_SPLINE_CURVE_WITH_KNOTS('',1,(#7614,#7615),.UNSPECIFIED.,.F.,
  .F.,(2,2),(0.,1.E-02),.PIECEWISE_BEZIER_KNOTS.);
#7614 = CARTESIAN_POINT('',(-0.346446366165,-1.005,0.491696509813));
#7615 = CARTESIAN_POINT('',(-0.346446366165,-0.995,0.491696509813));
#7616 = ORIENTED_EDGE('',*,*,#7617,.F.);
#7617 = EDGE_CURVE('',#7583,#7611,#7618,.T.);
#7618 = B_SPLINE_CURVE_WITH_KNOTS('',1,(#7619,#7620),.UNSPECIFIED.,.F.,
  .F.,(2,2),(-2.616724089373E-02,0.),.PIECEWISE_BEZIER_KNOTS.);
#7619 = CARTESIAN_POINT('',(-0.372613607059,-1.005,0.491696509813));
#7620 = CARTESIAN_POINT('',(-0.346446366165,-1.005,0.491696509813));
#7621 = ORIENTED_EDGE('',*,*,#7582,.T.);
#7622 = B_SPLINE_SURFACE_WITH_KNOTS('',1,1,(
    (#7623,#7624)
    ,(#7625,#7626
    )),.UNSPECIFIED.,.F.,.F.,.F.,(2,2),(2,2),(-2.616724089373E-02,0.),(
    0.,1.E-02),.PIECEWISE_BEZIER_KNOTS.);
#7623 = CARTESIAN_POINT('',(-0.372613607059,-1.005,0.491696509813));
#7624 = CARTESIAN_POINT('',(-0.372613607059,-0.995,0.491696509813));
#7625 = CARTESIAN_POINT('',(-0.346446366165,-1.005,0.491696509813));
#7626 = CARTESIAN_POINT('',(-0.346446366165,-0.995,0.491696509813));
#7627 = ADVANCED_FACE('',(#7628),#7650,.F.);
#7628 = FACE_BOUND('',#7629,.T.);
#7629 = EDGE_LOOP('',(#7630,#7637,#7644,#7649));
#7630 = ORIENTED_EDGE('',*,*,#7631,.T.);
#7631 = EDGE_CURVE('',#7604,#7632,#7634,.T.);
#7632 = VERTEX_POINT('',#7633);
#7633 = CARTESIAN_POINT('',(-0.346446366165,-0.995,0.499494694185));
#7634 = B_SPLINE_CURVE_WITH_KNOTS('',1,(#7635,#7636),.UNSPECIFIED.,.F.,
  .F.,(2,2),(-7.79818437227E-03,0.),.PIECEWISE_BEZIER_KNOTS.);
#7635 = CARTESIAN_POINT('',(-0.346446366165,-0.995,0.491696509813));
#7636 = CARTESIAN_POINT('',(-0.346446366165,-0.995,0.499494694185));
#7637 = ORIENTED_EDGE('',*,*,#7638,.F.);
#7638 = EDGE_CURVE('',#7639,#7632,#7641,.T.);
#7639 = VERTEX_POINT('',#7640);
#7640 = CARTESIAN_POINT('',(-0.346446366165,-1.005,0.499494694185));
#7641 = B_SPLINE_CURVE_WITH_KNOTS('',1,(#7642,#7643),.UNSPECIFIED.,.F.,
  .F.,(2,2),(0.,1.E-02),.PIECEWISE_BEZIER_KNOTS.);
#7642 = CARTESIAN_POINT('',(-0.346446366165,-1.005,0.499494694185));
#7643 = CARTESIAN_POINT('',(-0.346446366165,-0.995,0.499494694185));
#7644 = ORIENTED_EDGE('',*,*,#7645,.F.);
#7645 = EDGE_CURVE('',#7611,#7639,#7646,.T.);
#7646 = B_SPLINE_CURVE_WITH_KNOTS('',1,(#7647,#7648),.UNSPECIFIED.,.F.,
  .F.,(2,2),(-7.79818437227E-03,0.),.PIECEWISE_BEZIER_KNOTS.);
#7647 = CARTESIAN_POINT('',(-0.346446366165,-1.005,0.491696509813));
#7648 = CARTESIAN_POINT('',(-0.346446366165,-1.005,0.499494694185));
#7649 = ORIENTED_EDGE('',*,*,#7610,.T.);
#7650 = B_SPLINE_SURFACE_WITH_KNOTS('',1,1,(
    (#7651,#7652)
    ,(#7653,#7654
    )),.UNSPECIFIED.,.F.,.F.,.F.,(2,2),(2,2),(-7.79818437227E-03,0.),(0.
    ,1.E-02),.PIECEWISE_BEZIER_KNOTS.);
#7651 = CARTESIAN_POINT('',(-0.346446366165,-1.005,0.491696509813));
#7652 = CARTESIAN_POINT('',(-0.346446366165,-0.995,0.491696509813));
#7653 = CARTESIAN_POINT('',(-0.346446366165,-1.005,0.499494694185));
#7654 = CARTESIAN_POINT('',(-0.346446366165,-0.995,0.499494694185));
#7655 = ADVANCED_FACE('',(#7656),#7678,.F.);
#7656 = FACE_BOUND('',#7657,.T.);
#7657 = EDGE_LOOP('',(#7658,#7665,#7672,#7677));
#7658 = ORIENTED_EDGE('',*,*,#7659,.T.);
#7659 = EDGE_CURVE('',#7632,#7660,#7662,.T.);
#7660 = VERTEX_POINT('',#7661);
#7661 = CARTESIAN_POINT('',(-0.381364902854,-0.995,0.499494694185));
#7662 = B_SPLINE_CURVE_WITH_KNOTS('',1,(#7663,#7664),.UNSPECIFIED.,.F.,
  .F.,(2,2),(-3.491853668959E-02,-0.),.PIECEWISE_BEZIER_KNOTS.);
#7663 = CARTESIAN_POINT('',(-0.346446366165,-0.995,0.499494694185));
#7664 = CARTESIAN_POINT('',(-0.381364902854,-0.995,0.499494694185));
#7665 = ORIENTED_EDGE('',*,*,#7666,.F.);
#7666 = EDGE_CURVE('',#7667,#7660,#7669,.T.);
#7667 = VERTEX_POINT('',#7668);
#7668 = CARTESIAN_POINT('',(-0.381364902854,-1.005,0.499494694185));
#7669 = B_SPLINE_CURVE_WITH_KNOTS('',1,(#7670,#7671),.UNSPECIFIED.,.F.,
  .F.,(2,2),(0.,1.E-02),.PIECEWISE_BEZIER_KNOTS.);
#7670 = CARTESIAN_POINT('',(-0.381364902854,-1.005,0.499494694185));
#7671 = CARTESIAN_POINT('',(-0.381364902854,-0.995,0.499494694185));
#7672 = ORIENTED_EDGE('',*,*,#7673,.F.);
#7673 = EDGE_CURVE('',#7639,#7667,#7674,.T.);
#7674 = B_SPLINE_CURVE_WITH_KNOTS('',1,(#7675,#7676),.UNSPECIFIED.,.F.,
  .F.,(2,2),(-3.491853668959E-02,-0.),.PIECEWISE_BEZIER_KNOTS.);
#7675 = CARTESIAN_POINT('',(-0.346446366165,-1.005,0.499494694185));
#7676 = CARTESIAN_POINT('',(-0.381364902854,-1.005,0.499494694185));
#7677 = ORIENTED_EDGE('',*,*,#7638,.T.);
#7678 = B_SPLINE_SURFACE_WITH_KNOTS('',1,1,(
    (#7679,#7680)
    ,(#7681,#7682
    )),.UNSPECIFIED.,.F.,.F.,.F.,(2,2),(2,2),(-3.491853668959E-02,0.),(
    0.,1.E-02),.PIECEWISE_BEZIER_KNOTS.);
#7679 = CARTESIAN_POINT('',(-0.346446366165,-1.005,0.499494694185));
#7680 = CARTESIAN_POINT('',(-0.346446366165,-0.995,0.499494694185));
#7681 = CARTESIAN_POINT('',(-0.381364902854,-1.005,0.499494694185));
#7682 = CARTESIAN_POINT('',(-0.381364902854,-0.995,0.499494694185));
#7683 = ADVANCED_FACE('',(#7684),#7706,.F.);
#7684 = FACE_BOUND('',#7685,.T.);
#7685 = EDGE_LOOP('',(#7686,#7693,#7700,#7705));
#7686 = ORIENTED_EDGE('',*,*,#7687,.T.);
#7687 = EDGE_CURVE('',#7660,#7688,#7690,.T.);
#7688 = VERTEX_POINT('',#7689);
#7689 = CARTESIAN_POINT('',(-0.381364902854,-0.995,0.431702478041));
#7690 = B_SPLINE_CURVE_WITH_KNOTS('',1,(#7691,#7692),.UNSPECIFIED.,.F.,
  .F.,(2,2),(-6.779221614378E-02,-0.),.PIECEWISE_BEZIER_KNOTS.);
#7691 = CARTESIAN_POINT('',(-0.381364902854,-0.995,0.499494694185));
#7692 = CARTESIAN_POINT('',(-0.381364902854,-0.995,0.431702478041));
#7693 = ORIENTED_EDGE('',*,*,#7694,.F.);
#7694 = EDGE_CURVE('',#7695,#7688,#7697,.T.);
#7695 = VERTEX_POINT('',#7696);
#7696 = CARTESIAN_POINT('',(-0.381364902854,-1.005,0.431702478041));
#7697 = B_SPLINE_CURVE_WITH_KNOTS('',1,(#7698,#7699),.UNSPECIFIED.,.F.,
  .F.,(2,2),(0.,1.E-02),.PIECEWISE_BEZIER_KNOTS.);
#7698 = CARTESIAN_POINT('',(-0.381364902854,-1.005,0.431702478041));
#7699 = CARTESIAN_POINT('',(-0.381364902854,-0.995,0.431702478041));
#7700 = ORIENTED_EDGE('',*,*,#7701,.F.);
#7701 = EDGE_CURVE('',#7667,#7695,#7702,.T.);
#7702 = B_SPLINE_CURVE_WITH_KNOTS('',1,(#7703,#7704),.UNSPECIFIED.,.F.,
  .F.,(2,2),(-6.779221614378E-02,-0.),.PIECEWISE_BEZIER_KNOTS.);
#7703 = CARTESIAN_POINT('',(-0.381364902854,-1.005,0.499494694185));
#7704 = CARTESIAN_POINT('',(-0.381364902854,-1.005,0.431702478041));
#7705 = ORIENTED_EDGE('',*,*,#7666,.T.);
#7706 = B_SPLINE_SURFACE_WITH_KNOTS('',1,1,(
    (#7707,#7708)
    ,(#7709,#7710
    )),.UNSPECIFIED.,.F.,.F.,.F.,(2,2),(2,2),(-6.779221614378E-02,0.),(
    0.,1.E-02),.PIECEWISE_BEZIER_KNOTS.);
#7707 = CARTESIAN_POINT('',(-0.381364902854,-1.005,0.499494694185));
#7708 = CARTESIAN_POINT('',(-0.381364902854,-0.995,0.499494694185));
#7709 = CARTESIAN_POINT('',(-0.381364902854,-1.005,0.431702478041));
#7710 = CARTESIAN_POINT('',(-0.381364902854,-0.995,0.431702478041));
#7711 = ADVANCED_FACE('',(#7712),#7726,.F.);
#7712 = FACE_BOUND('',#7713,.T.);
#7713 = EDGE_LOOP('',(#7714,#7719,#7720,#7725));
#7714 = ORIENTED_EDGE('',*,*,#7715,.T.);
#7715 = EDGE_CURVE('',#7688,#7400,#7716,.T.);
#7716 = B_SPLINE_CURVE_WITH_KNOTS('',1,(#7717,#7718),.UNSPECIFIED.,.F.,
  .F.,(2,2),(-3.646084426555E-02,0.),.PIECEWISE_BEZIER_KNOTS.);
#7717 = CARTESIAN_POINT('',(-0.381364902854,-0.995,0.431702478041));
#7718 = CARTESIAN_POINT('',(-0.344904058589,-0.995,0.431702478041));
#7719 = ORIENTED_EDGE('',*,*,#7422,.F.);
#7720 = ORIENTED_EDGE('',*,*,#7721,.F.);
#7721 = EDGE_CURVE('',#7695,#7416,#7722,.T.);
#7722 = B_SPLINE_CURVE_WITH_KNOTS('',1,(#7723,#7724),.UNSPECIFIED.,.F.,
  .F.,(2,2),(-3.646084426555E-02,0.),.PIECEWISE_BEZIER_KNOTS.);
#7723 = CARTESIAN_POINT('',(-0.381364902854,-1.005,0.431702478041));
#7724 = CARTESIAN_POINT('',(-0.344904058589,-1.005,0.431702478041));
#7725 = ORIENTED_EDGE('',*,*,#7694,.T.);
#7726 = B_SPLINE_SURFACE_WITH_KNOTS('',1,1,(
    (#7727,#7728)
    ,(#7729,#7730
    )),.UNSPECIFIED.,.F.,.F.,.F.,(2,2),(2,2),(-3.646084426555E-02,0.),(
    0.,1.E-02),.PIECEWISE_BEZIER_KNOTS.);
#7727 = CARTESIAN_POINT('',(-0.381364902854,-1.005,0.431702478041));
#7728 = CARTESIAN_POINT('',(-0.381364902854,-0.995,0.431702478041));
#7729 = CARTESIAN_POINT('',(-0.344904058589,-1.005,0.431702478041));
#7730 = CARTESIAN_POINT('',(-0.344904058589,-0.995,0.431702478041));
#7731 = ADVANCED_FACE('',(#7732),#7746,.F.);
#7732 = FACE_BOUND('',#7733,.T.);
#7733 = EDGE_LOOP('',(#7734,#7735,#7736,#7737,#7738,#7739,#7740,#7741,
    #7742,#7743,#7744,#7745));
#7734 = ORIENTED_EDGE('',*,*,#7415,.T.);
#7735 = ORIENTED_EDGE('',*,*,#7449,.T.);
#7736 = ORIENTED_EDGE('',*,*,#7477,.T.);
#7737 = ORIENTED_EDGE('',*,*,#7505,.T.);
#7738 = ORIENTED_EDGE('',*,*,#7533,.T.);
#7739 = ORIENTED_EDGE('',*,*,#7561,.T.);
#7740 = ORIENTED_EDGE('',*,*,#7589,.T.);
#7741 = ORIENTED_EDGE('',*,*,#7617,.T.);
#7742 = ORIENTED_EDGE('',*,*,#7645,.T.);
#7743 = ORIENTED_EDGE('',*,*,#7673,.T.);
#7744 = ORIENTED_EDGE('',*,*,#7701,.T.);
#7745 = ORIENTED_EDGE('',*,*,#7721,.T.);
#7746 = B_SPLINE_SURFACE_WITH_KNOTS('',1,1,(
    (#7747,#7748)
    ,(#7749,#7750
    )),.UNSPECIFIED.,.F.,.F.,.F.,(2,2),(2,2),(0.421702378041,
    0.489494594185),(-0.381364902854,-0.344904058589),
  .PIECEWISE_BEZIER_KNOTS.);
#7747 = CARTESIAN_POINT('',(-0.381364902854,-1.005,0.431702478041));
#7748 = CARTESIAN_POINT('',(-0.344904058589,-1.005,0.431702478041));
#7749 = CARTESIAN_POINT('',(-0.381364902854,-1.005,0.499494694185));
#7750 = CARTESIAN_POINT('',(-0.344904058589,-1.005,0.499494694185));
#7751 = ADVANCED_FACE('',(#7752),#7766,.T.);
#7752 = FACE_BOUND('',#7753,.T.);
#7753 = EDGE_LOOP('',(#7754,#7755,#7756,#7757,#7758,#7759,#7760,#7761,
    #7762,#7763,#7764,#7765));
#7754 = ORIENTED_EDGE('',*,*,#7399,.F.);
#7755 = ORIENTED_EDGE('',*,*,#7715,.F.);
#7756 = ORIENTED_EDGE('',*,*,#7687,.F.);
#7757 = ORIENTED_EDGE('',*,*,#7659,.F.);
#7758 = ORIENTED_EDGE('',*,*,#7631,.F.);
#7759 = ORIENTED_EDGE('',*,*,#7603,.F.);
#7760 = ORIENTED_EDGE('',*,*,#7575,.F.);
#7761 = ORIENTED_EDGE('',*,*,#7547,.F.);
#7762 = ORIENTED_EDGE('',*,*,#7519,.F.);
#7763 = ORIENTED_EDGE('',*,*,#7491,.F.);
#7764 = ORIENTED_EDGE('',*,*,#7463,.F.);
#7765 = ORIENTED_EDGE('',*,*,#7435,.F.);
#7766 = B_SPLINE_SURFACE_WITH_KNOTS('',1,1,(
    (#7767,#7768)
    ,(#7769,#7770
    )),.UNSPECIFIED.,.F.,.F.,.F.,(2,2),(2,2),(0.421702378041,
    0.489494594185),(-0.381364902854,-0.344904058589),
  .PIECEWISE_BEZIER_KNOTS.);
#7767 = CARTESIAN_POINT('',(-0.381364902854,-0.995,0.431702478041));
#7768 = CARTESIAN_POINT('',(-0.344904058589,-0.995,0.431702478041));
#7769 = CARTESIAN_POINT('',(-0.381364902854,-0.995,0.499494694185));
#7770 = CARTESIAN_POINT('',(-0.344904058589,-0.995,0.499494694185));
#7771 = MANIFOLD_SOLID_BREP('',#7772);
#7772 = CLOSED_SHELL('',(#7773,#7897,#8021,#8041,#8061,#8081,#8101,#8121
    ,#8137,#8149,#8169,#8185,#8201,#8221,#8241,#8261));
#7773 = ADVANCED_FACE('',(#7774,#7833),#7892,.T.);
#7774 = FACE_BOUND('',#7775,.T.);
#7775 = EDGE_LOOP('',(#7776,#7785,#7794,#7803,#7812,#7821,#7828));
#7776 = ORIENTED_EDGE('',*,*,#7777,.T.);
#7777 = EDGE_CURVE('',#7778,#7780,#7782,.T.);
#7778 = VERTEX_POINT('',#7779);
#7779 = CARTESIAN_POINT('',(-0.332097706919,-1.005,0.431702478041));
#7780 = VERTEX_POINT('',#7781);
#7781 = CARTESIAN_POINT('',(-0.31345138162,-1.005,0.431702478041));
#7782 = B_SPLINE_CURVE_WITH_KNOTS('',1,(#7783,#7784),.UNSPECIFIED.,.F.,
  .F.,(2,2),(-1.864632529929E-02,-5.551115123126E-17),
  .PIECEWISE_BEZIER_KNOTS.);
#7783 = CARTESIAN_POINT('',(-0.332097706919,-1.005,0.431702478041));
#7784 = CARTESIAN_POINT('',(-0.31345138162,-1.005,0.431702478041));
#7785 = ORIENTED_EDGE('',*,*,#7786,.T.);
#7786 = EDGE_CURVE('',#7780,#7787,#7789,.T.);
#7787 = VERTEX_POINT('',#7788);
#7788 = CARTESIAN_POINT('',(-0.287128177039,-1.005,0.441198933677));
#7789 = B_SPLINE_CURVE_WITH_KNOTS('',3,(#7790,#7791,#7792,#7793),
  .UNSPECIFIED.,.F.,.F.,(4,4),(5.,6.),.PIECEWISE_BEZIER_KNOTS.);
#7790 = CARTESIAN_POINT('',(-0.31345138162,-1.005,0.431702478041));
#7791 = CARTESIAN_POINT('',(-0.302724545784,-1.005,0.431702478041));
#7792 = CARTESIAN_POINT('',(-0.293938591391,-1.005,0.434856410387));
#7793 = CARTESIAN_POINT('',(-0.287128177039,-1.005,0.441198933677));
#7794 = ORIENTED_EDGE('',*,*,#7795,.T.);
#7795 = EDGE_CURVE('',#7787,#7796,#7798,.T.);
#7796 = VERTEX_POINT('',#7797);
#7797 = CARTESIAN_POINT('',(-0.276903890862,-1.005,0.466465051043));
#7798 = B_SPLINE_CURVE_WITH_KNOTS('',3,(#7799,#7800,#7801,#7802),
  .UNSPECIFIED.,.F.,.F.,(4,4),(4.,5.),.PIECEWISE_BEZIER_KNOTS.);
#7799 = CARTESIAN_POINT('',(-0.287128177039,-1.005,0.441198933677));
#7800 = CARTESIAN_POINT('',(-0.280317762687,-1.005,0.447541456966));
#7801 = CARTESIAN_POINT('',(-0.276903890862,-1.005,0.455963496088));
#7802 = CARTESIAN_POINT('',(-0.276903890862,-1.005,0.466465051043));
#7803 = ORIENTED_EDGE('',*,*,#7804,.T.);
#7804 = EDGE_CURVE('',#7796,#7805,#7807,.T.);
#7805 = VERTEX_POINT('',#7806);
#7806 = CARTESIAN_POINT('',(-0.287128177039,-1.005,0.490518117508));
#7807 = B_SPLINE_CURVE_WITH_KNOTS('',3,(#7808,#7809,#7810,#7811),
  .UNSPECIFIED.,.F.,.F.,(4,4),(3.,4.),.PIECEWISE_BEZIER_KNOTS.);
#7808 = CARTESIAN_POINT('',(-0.276903890862,-1.005,0.466465051043));
#7809 = CARTESIAN_POINT('',(-0.276903890862,-1.005,0.476516044234));
#7810 = CARTESIAN_POINT('',(-0.280317762687,-1.005,0.48452218019));
#7811 = CARTESIAN_POINT('',(-0.287128177039,-1.005,0.490518117508));
#7812 = ORIENTED_EDGE('',*,*,#7813,.T.);
#7813 = EDGE_CURVE('',#7805,#7814,#7816,.T.);
#7814 = VERTEX_POINT('',#7815);
#7815 = CARTESIAN_POINT('',(-0.312758209676,-1.005,0.499494694185));
#7816 = B_SPLINE_CURVE_WITH_KNOTS('',3,(#7817,#7818,#7819,#7820),
  .UNSPECIFIED.,.F.,.F.,(4,4),(2.,3.),.PIECEWISE_BEZIER_KNOTS.);
#7817 = CARTESIAN_POINT('',(-0.287128177039,-1.005,0.490518117508));
#7818 = CARTESIAN_POINT('',(-0.293938591391,-1.005,0.496514054825));
#7819 = CARTESIAN_POINT('',(-0.302481935603,-1.005,0.499494694185));
#7820 = CARTESIAN_POINT('',(-0.312758209676,-1.005,0.499494694185));
#7821 = ORIENTED_EDGE('',*,*,#7822,.T.);
#7822 = EDGE_CURVE('',#7814,#7823,#7825,.T.);
#7823 = VERTEX_POINT('',#7824);
#7824 = CARTESIAN_POINT('',(-0.332097706919,-1.005,0.499494694185));
#7825 = B_SPLINE_CURVE_WITH_KNOTS('',1,(#7826,#7827),.UNSPECIFIED.,.F.,
  .F.,(2,2),(-1.933949724317E-02,-0.),.PIECEWISE_BEZIER_KNOTS.);
#7826 = CARTESIAN_POINT('',(-0.312758209676,-1.005,0.499494694185));
#7827 = CARTESIAN_POINT('',(-0.332097706919,-1.005,0.499494694185));
#7828 = ORIENTED_EDGE('',*,*,#7829,.T.);
#7829 = EDGE_CURVE('',#7823,#7778,#7830,.T.);
#7830 = B_SPLINE_CURVE_WITH_KNOTS('',1,(#7831,#7832),.UNSPECIFIED.,.F.,
  .F.,(2,2),(-6.779221614378E-02,-0.),.PIECEWISE_BEZIER_KNOTS.);
#7831 = CARTESIAN_POINT('',(-0.332097706919,-1.005,0.499494694185));
#7832 = CARTESIAN_POINT('',(-0.332097706919,-1.005,0.431702478041));
#7833 = FACE_BOUND('',#7834,.T.);
#7834 = EDGE_LOOP('',(#7835,#7844,#7851,#7860,#7869,#7878,#7887));
#7835 = ORIENTED_EDGE('',*,*,#7836,.F.);
#7836 = EDGE_CURVE('',#7837,#7839,#7841,.T.);
#7837 = VERTEX_POINT('',#7838);
#7838 = CARTESIAN_POINT('',(-0.323346411124,-1.005,0.491696509813));
#7839 = VERTEX_POINT('',#7840);
#7840 = CARTESIAN_POINT('',(-0.323346411124,-1.005,0.439431345219));
#7841 = B_SPLINE_CURVE_WITH_KNOTS('',1,(#7842,#7843),.UNSPECIFIED.,.F.,
  .F.,(2,2),(0.,5.226516459358E-02),.PIECEWISE_BEZIER_KNOTS.);
#7842 = CARTESIAN_POINT('',(-0.323346411124,-1.005,0.491696509813));
#7843 = CARTESIAN_POINT('',(-0.323346411124,-1.005,0.439431345219));
#7844 = ORIENTED_EDGE('',*,*,#7845,.F.);
#7845 = EDGE_CURVE('',#7846,#7837,#7848,.T.);
#7846 = VERTEX_POINT('',#7847);
#7847 = CARTESIAN_POINT('',(-0.313104795648,-1.005,0.491696509813));
#7848 = B_SPLINE_CURVE_WITH_KNOTS('',1,(#7849,#7850),.UNSPECIFIED.,.F.,
  .F.,(2,2),(0.,1.02416154756E-02),.PIECEWISE_BEZIER_KNOTS.);
#7849 = CARTESIAN_POINT('',(-0.313104795648,-1.005,0.491696509813));
#7850 = CARTESIAN_POINT('',(-0.323346411124,-1.005,0.491696509813));
#7851 = ORIENTED_EDGE('',*,*,#7852,.F.);
#7852 = EDGE_CURVE('',#7853,#7846,#7855,.T.);
#7853 = VERTEX_POINT('',#7854);
#7854 = CARTESIAN_POINT('',(-0.293540017523,-1.005,0.485319327926));
#7855 = B_SPLINE_CURVE_WITH_KNOTS('',3,(#7856,#7857,#7858,#7859),
  .UNSPECIFIED.,.F.,.F.,(4,4),(5.,6.),.PIECEWISE_BEZIER_KNOTS.);
#7856 = CARTESIAN_POINT('',(-0.293540017523,-1.005,0.485319327926));
#7857 = CARTESIAN_POINT('',(-0.298496196924,-1.005,0.489582335383));
#7858 = CARTESIAN_POINT('',(-0.305029342498,-1.005,0.491696509813));
#7859 = CARTESIAN_POINT('',(-0.313104795648,-1.005,0.491696509813));
#7860 = ORIENTED_EDGE('',*,*,#7861,.F.);
#7861 = EDGE_CURVE('',#7862,#7853,#7864,.T.);
#7862 = VERTEX_POINT('',#7863);
#7863 = CARTESIAN_POINT('',(-0.286105748422,-1.005,0.466222440863));
#7864 = B_SPLINE_CURVE_WITH_KNOTS('',3,(#7865,#7866,#7867,#7868),
  .UNSPECIFIED.,.F.,.F.,(4,4),(4.,5.),.PIECEWISE_BEZIER_KNOTS.);
#7865 = CARTESIAN_POINT('',(-0.286105748422,-1.005,0.466222440863));
#7866 = CARTESIAN_POINT('',(-0.286105748422,-1.005,0.474679138582));
#7867 = CARTESIAN_POINT('',(-0.288583838122,-1.005,0.481056320469));
#7868 = CARTESIAN_POINT('',(-0.293540017523,-1.005,0.485319327926));
#7869 = ORIENTED_EDGE('',*,*,#7870,.F.);
#7870 = EDGE_CURVE('',#7871,#7862,#7873,.T.);
#7871 = VERTEX_POINT('',#7872);
#7872 = CARTESIAN_POINT('',(-0.293349395238,-1.005,0.44650169905));
#7873 = B_SPLINE_CURVE_WITH_KNOTS('',3,(#7874,#7875,#7876,#7877),
  .UNSPECIFIED.,.F.,.F.,(4,4),(3.,4.),.PIECEWISE_BEZIER_KNOTS.);
#7874 = CARTESIAN_POINT('',(-0.293349395238,-1.005,0.44650169905));
#7875 = CARTESIAN_POINT('',(-0.288514520927,-1.005,0.451180609674));
#7876 = CARTESIAN_POINT('',(-0.286105748422,-1.005,0.457765743143));
#7877 = CARTESIAN_POINT('',(-0.286105748422,-1.005,0.466222440863));
#7878 = ORIENTED_EDGE('',*,*,#7879,.F.);
#7879 = EDGE_CURVE('',#7880,#7871,#7882,.T.);
#7880 = VERTEX_POINT('',#7881);
#7881 = CARTESIAN_POINT('',(-0.313503369516,-1.005,0.439431345219));
#7882 = B_SPLINE_CURVE_WITH_KNOTS('',3,(#7883,#7884,#7885,#7886),
  .UNSPECIFIED.,.F.,.F.,(4,4),(2.,3.),.PIECEWISE_BEZIER_KNOTS.);
#7883 = CARTESIAN_POINT('',(-0.313503369516,-1.005,0.439431345219));
#7884 = CARTESIAN_POINT('',(-0.30489070811,-1.005,0.439431345219));
#7885 = CARTESIAN_POINT('',(-0.29816694025,-1.005,0.441788129829));
#7886 = CARTESIAN_POINT('',(-0.293349395238,-1.005,0.44650169905));
#7887 = ORIENTED_EDGE('',*,*,#7888,.F.);
#7888 = EDGE_CURVE('',#7839,#7880,#7889,.T.);
#7889 = B_SPLINE_CURVE_WITH_KNOTS('',1,(#7890,#7891),.UNSPECIFIED.,.F.,
  .F.,(2,2),(0.,9.843041607675E-03),.PIECEWISE_BEZIER_KNOTS.);
#7890 = CARTESIAN_POINT('',(-0.323346411124,-1.005,0.439431345219));
#7891 = CARTESIAN_POINT('',(-0.313503369516,-1.005,0.439431345219));
#7892 = B_SPLINE_SURFACE_WITH_KNOTS('',1,1,(
    (#7893,#7894)
    ,(#7895,#7896
    )),.UNSPECIFIED.,.F.,.F.,.F.,(2,2),(2,2),(-2.239811844837E-03,
    6.555240429894E-02),(-3.345421095721E-02,2.173960510056E-02),
  .PIECEWISE_BEZIER_KNOTS.);
#7893 = CARTESIAN_POINT('',(-0.332097706919,-1.005,0.499494694185));
#7894 = CARTESIAN_POINT('',(-0.276903890862,-1.005,0.499494694185));
#7895 = CARTESIAN_POINT('',(-0.332097706919,-1.005,0.431702478041));
#7896 = CARTESIAN_POINT('',(-0.276903890862,-1.005,0.431702478041));
#7897 = ADVANCED_FACE('',(#7898,#7957),#8016,.F.);
#7898 = FACE_BOUND('',#7899,.T.);
#7899 = EDGE_LOOP('',(#7900,#7909,#7916,#7923,#7932,#7941,#7950));
#7900 = ORIENTED_EDGE('',*,*,#7901,.F.);
#7901 = EDGE_CURVE('',#7902,#7904,#7906,.T.);
#7902 = VERTEX_POINT('',#7903);
#7903 = CARTESIAN_POINT('',(-0.332097706919,-0.995,0.431702478041));
#7904 = VERTEX_POINT('',#7905);
#7905 = CARTESIAN_POINT('',(-0.31345138162,-0.995,0.431702478041));
#7906 = B_SPLINE_CURVE_WITH_KNOTS('',1,(#7907,#7908),.UNSPECIFIED.,.F.,
  .F.,(2,2),(-1.864632529929E-02,-5.551115123126E-17),
  .PIECEWISE_BEZIER_KNOTS.);
#7907 = CARTESIAN_POINT('',(-0.332097706919,-0.995,0.431702478041));
#7908 = CARTESIAN_POINT('',(-0.31345138162,-0.995,0.431702478041));
#7909 = ORIENTED_EDGE('',*,*,#7910,.F.);
#7910 = EDGE_CURVE('',#7911,#7902,#7913,.T.);
#7911 = VERTEX_POINT('',#7912);
#7912 = CARTESIAN_POINT('',(-0.332097706919,-0.995,0.499494694185));
#7913 = B_SPLINE_CURVE_WITH_KNOTS('',1,(#7914,#7915),.UNSPECIFIED.,.F.,
  .F.,(2,2),(-6.779221614378E-02,-0.),.PIECEWISE_BEZIER_KNOTS.);
#7914 = CARTESIAN_POINT('',(-0.332097706919,-0.995,0.499494694185));
#7915 = CARTESIAN_POINT('',(-0.332097706919,-0.995,0.431702478041));
#7916 = ORIENTED_EDGE('',*,*,#7917,.F.);
#7917 = EDGE_CURVE('',#7918,#7911,#7920,.T.);
#7918 = VERTEX_POINT('',#7919);
#7919 = CARTESIAN_POINT('',(-0.312758209676,-0.995,0.499494694185));
#7920 = B_SPLINE_CURVE_WITH_KNOTS('',1,(#7921,#7922),.UNSPECIFIED.,.F.,
  .F.,(2,2),(-1.933949724317E-02,-0.),.PIECEWISE_BEZIER_KNOTS.);
#7921 = CARTESIAN_POINT('',(-0.312758209676,-0.995,0.499494694185));
#7922 = CARTESIAN_POINT('',(-0.332097706919,-0.995,0.499494694185));
#7923 = ORIENTED_EDGE('',*,*,#7924,.F.);
#7924 = EDGE_CURVE('',#7925,#7918,#7927,.T.);
#7925 = VERTEX_POINT('',#7926);
#7926 = CARTESIAN_POINT('',(-0.287128177039,-0.995,0.490518117508));
#7927 = B_SPLINE_CURVE_WITH_KNOTS('',3,(#7928,#7929,#7930,#7931),
  .UNSPECIFIED.,.F.,.F.,(4,4),(2.,3.),.PIECEWISE_BEZIER_KNOTS.);
#7928 = CARTESIAN_POINT('',(-0.287128177039,-0.995,0.490518117508));
#7929 = CARTESIAN_POINT('',(-0.293938591391,-0.995,0.496514054825));
#7930 = CARTESIAN_POINT('',(-0.302481935603,-0.995,0.499494694185));
#7931 = CARTESIAN_POINT('',(-0.312758209676,-0.995,0.499494694185));
#7932 = ORIENTED_EDGE('',*,*,#7933,.F.);
#7933 = EDGE_CURVE('',#7934,#7925,#7936,.T.);
#7934 = VERTEX_POINT('',#7935);
#7935 = CARTESIAN_POINT('',(-0.276903890862,-0.995,0.466465051043));
#7936 = B_SPLINE_CURVE_WITH_KNOTS('',3,(#7937,#7938,#7939,#7940),
  .UNSPECIFIED.,.F.,.F.,(4,4),(3.,4.),.PIECEWISE_BEZIER_KNOTS.);
#7937 = CARTESIAN_POINT('',(-0.276903890862,-0.995,0.466465051043));
#7938 = CARTESIAN_POINT('',(-0.276903890862,-0.995,0.476516044234));
#7939 = CARTESIAN_POINT('',(-0.280317762687,-0.995,0.48452218019));
#7940 = CARTESIAN_POINT('',(-0.287128177039,-0.995,0.490518117508));
#7941 = ORIENTED_EDGE('',*,*,#7942,.F.);
#7942 = EDGE_CURVE('',#7943,#7934,#7945,.T.);
#7943 = VERTEX_POINT('',#7944);
#7944 = CARTESIAN_POINT('',(-0.287128177039,-0.995,0.441198933677));
#7945 = B_SPLINE_CURVE_WITH_KNOTS('',3,(#7946,#7947,#7948,#7949),
  .UNSPECIFIED.,.F.,.F.,(4,4),(4.,5.),.PIECEWISE_BEZIER_KNOTS.);
#7946 = CARTESIAN_POINT('',(-0.287128177039,-0.995,0.441198933677));
#7947 = CARTESIAN_POINT('',(-0.280317762687,-0.995,0.447541456966));
#7948 = CARTESIAN_POINT('',(-0.276903890862,-0.995,0.455963496088));
#7949 = CARTESIAN_POINT('',(-0.276903890862,-0.995,0.466465051043));
#7950 = ORIENTED_EDGE('',*,*,#7951,.F.);
#7951 = EDGE_CURVE('',#7904,#7943,#7952,.T.);
#7952 = B_SPLINE_CURVE_WITH_KNOTS('',3,(#7953,#7954,#7955,#7956),
  .UNSPECIFIED.,.F.,.F.,(4,4),(5.,6.),.PIECEWISE_BEZIER_KNOTS.);
#7953 = CARTESIAN_POINT('',(-0.31345138162,-0.995,0.431702478041));
#7954 = CARTESIAN_POINT('',(-0.302724545784,-0.995,0.431702478041));
#7955 = CARTESIAN_POINT('',(-0.293938591391,-0.995,0.434856410387));
#7956 = CARTESIAN_POINT('',(-0.287128177039,-0.995,0.441198933677));
#7957 = FACE_BOUND('',#7958,.T.);
#7958 = EDGE_LOOP('',(#7959,#7968,#7975,#7982,#7991,#8000,#8009));
#7959 = ORIENTED_EDGE('',*,*,#7960,.T.);
#7960 = EDGE_CURVE('',#7961,#7963,#7965,.T.);
#7961 = VERTEX_POINT('',#7962);
#7962 = CARTESIAN_POINT('',(-0.313104795648,-0.995,0.491696509813));
#7963 = VERTEX_POINT('',#7964);
#7964 = CARTESIAN_POINT('',(-0.323346411124,-0.995,0.491696509813));
#7965 = B_SPLINE_CURVE_WITH_KNOTS('',1,(#7966,#7967),.UNSPECIFIED.,.F.,
  .F.,(2,2),(0.,1.02416154756E-02),.PIECEWISE_BEZIER_KNOTS.);
#7966 = CARTESIAN_POINT('',(-0.313104795648,-0.995,0.491696509813));
#7967 = CARTESIAN_POINT('',(-0.323346411124,-0.995,0.491696509813));
#7968 = ORIENTED_EDGE('',*,*,#7969,.T.);
#7969 = EDGE_CURVE('',#7963,#7970,#7972,.T.);
#7970 = VERTEX_POINT('',#7971);
#7971 = CARTESIAN_POINT('',(-0.323346411124,-0.995,0.439431345219));
#7972 = B_SPLINE_CURVE_WITH_KNOTS('',1,(#7973,#7974),.UNSPECIFIED.,.F.,
  .F.,(2,2),(0.,5.226516459358E-02),.PIECEWISE_BEZIER_KNOTS.);
#7973 = CARTESIAN_POINT('',(-0.323346411124,-0.995,0.491696509813));
#7974 = CARTESIAN_POINT('',(-0.323346411124,-0.995,0.439431345219));
#7975 = ORIENTED_EDGE('',*,*,#7976,.T.);
#7976 = EDGE_CURVE('',#7970,#7977,#7979,.T.);
#7977 = VERTEX_POINT('',#7978);
#7978 = CARTESIAN_POINT('',(-0.313503369516,-0.995,0.439431345219));
#7979 = B_SPLINE_CURVE_WITH_KNOTS('',1,(#7980,#7981),.UNSPECIFIED.,.F.,
  .F.,(2,2),(0.,9.843041607675E-03),.PIECEWISE_BEZIER_KNOTS.);
#7980 = CARTESIAN_POINT('',(-0.323346411124,-0.995,0.439431345219));
#7981 = CARTESIAN_POINT('',(-0.313503369516,-0.995,0.439431345219));
#7982 = ORIENTED_EDGE('',*,*,#7983,.T.);
#7983 = EDGE_CURVE('',#7977,#7984,#7986,.T.);
#7984 = VERTEX_POINT('',#7985);
#7985 = CARTESIAN_POINT('',(-0.293349395238,-0.995,0.44650169905));
#7986 = B_SPLINE_CURVE_WITH_KNOTS('',3,(#7987,#7988,#7989,#7990),
  .UNSPECIFIED.,.F.,.F.,(4,4),(2.,3.),.PIECEWISE_BEZIER_KNOTS.);
#7987 = CARTESIAN_POINT('',(-0.313503369516,-0.995,0.439431345219));
#7988 = CARTESIAN_POINT('',(-0.30489070811,-0.995,0.439431345219));
#7989 = CARTESIAN_POINT('',(-0.29816694025,-0.995,0.441788129829));
#7990 = CARTESIAN_POINT('',(-0.293349395238,-0.995,0.44650169905));
#7991 = ORIENTED_EDGE('',*,*,#7992,.T.);
#7992 = EDGE_CURVE('',#7984,#7993,#7995,.T.);
#7993 = VERTEX_POINT('',#7994);
#7994 = CARTESIAN_POINT('',(-0.286105748422,-0.995,0.466222440863));
#7995 = B_SPLINE_CURVE_WITH_KNOTS('',3,(#7996,#7997,#7998,#7999),
  .UNSPECIFIED.,.F.,.F.,(4,4),(3.,4.),.PIECEWISE_BEZIER_KNOTS.);
#7996 = CARTESIAN_POINT('',(-0.293349395238,-0.995,0.44650169905));
#7997 = CARTESIAN_POINT('',(-0.288514520927,-0.995,0.451180609674));
#7998 = CARTESIAN_POINT('',(-0.286105748422,-0.995,0.457765743143));
#7999 = CARTESIAN_POINT('',(-0.286105748422,-0.995,0.466222440863));
#8000 = ORIENTED_EDGE('',*,*,#8001,.T.);
#8001 = EDGE_CURVE('',#7993,#8002,#8004,.T.);
#8002 = VERTEX_POINT('',#8003);
#8003 = CARTESIAN_POINT('',(-0.293540017523,-0.995,0.485319327926));
#8004 = B_SPLINE_CURVE_WITH_KNOTS('',3,(#8005,#8006,#8007,#8008),
  .UNSPECIFIED.,.F.,.F.,(4,4),(4.,5.),.PIECEWISE_BEZIER_KNOTS.);
#8005 = CARTESIAN_POINT('',(-0.286105748422,-0.995,0.466222440863));
#8006 = CARTESIAN_POINT('',(-0.286105748422,-0.995,0.474679138582));
#8007 = CARTESIAN_POINT('',(-0.288583838122,-0.995,0.481056320469));
#8008 = CARTESIAN_POINT('',(-0.293540017523,-0.995,0.485319327926));
#8009 = ORIENTED_EDGE('',*,*,#8010,.T.);
#8010 = EDGE_CURVE('',#8002,#7961,#8011,.T.);
#8011 = B_SPLINE_CURVE_WITH_KNOTS('',3,(#8012,#8013,#8014,#8015),
  .UNSPECIFIED.,.F.,.F.,(4,4),(5.,6.),.PIECEWISE_BEZIER_KNOTS.);
#8012 = CARTESIAN_POINT('',(-0.293540017523,-0.995,0.485319327926));
#8013 = CARTESIAN_POINT('',(-0.298496196924,-0.995,0.489582335383));
#8014 = CARTESIAN_POINT('',(-0.305029342498,-0.995,0.491696509813));
#8015 = CARTESIAN_POINT('',(-0.313104795648,-0.995,0.491696509813));
#8016 = B_SPLINE_SURFACE_WITH_KNOTS('',1,1,(
    (#8017,#8018)
    ,(#8019,#8020
    )),.UNSPECIFIED.,.F.,.F.,.F.,(2,2),(2,2),(-2.239811844837E-03,
    6.555240429894E-02),(-3.345421095721E-02,2.173960510056E-02),
  .PIECEWISE_BEZIER_KNOTS.);
#8017 = CARTESIAN_POINT('',(-0.332097706919,-0.995,0.499494694185));
#8018 = CARTESIAN_POINT('',(-0.276903890862,-0.995,0.499494694185));
#8019 = CARTESIAN_POINT('',(-0.332097706919,-0.995,0.431702478041));
#8020 = CARTESIAN_POINT('',(-0.276903890862,-0.995,0.431702478041));
#8021 = ADVANCED_FACE('',(#8022),#8036,.F.);
#8022 = FACE_BOUND('',#8023,.T.);
#8023 = EDGE_LOOP('',(#8024,#8025,#8030,#8031));
#8024 = ORIENTED_EDGE('',*,*,#7901,.T.);
#8025 = ORIENTED_EDGE('',*,*,#8026,.F.);
#8026 = EDGE_CURVE('',#7780,#7904,#8027,.T.);
#8027 = B_SPLINE_CURVE_WITH_KNOTS('',1,(#8028,#8029),.UNSPECIFIED.,.F.,
  .F.,(2,2),(0.,1.E-02),.PIECEWISE_BEZIER_KNOTS.);
#8028 = CARTESIAN_POINT('',(-0.31345138162,-1.005,0.431702478041));
#8029 = CARTESIAN_POINT('',(-0.31345138162,-0.995,0.431702478041));
#8030 = ORIENTED_EDGE('',*,*,#7777,.F.);
#8031 = ORIENTED_EDGE('',*,*,#8032,.T.);
#8032 = EDGE_CURVE('',#7778,#7902,#8033,.T.);
#8033 = B_SPLINE_CURVE_WITH_KNOTS('',1,(#8034,#8035),.UNSPECIFIED.,.F.,
  .F.,(2,2),(0.,1.E-02),.PIECEWISE_BEZIER_KNOTS.);
#8034 = CARTESIAN_POINT('',(-0.332097706919,-1.005,0.431702478041));
#8035 = CARTESIAN_POINT('',(-0.332097706919,-0.995,0.431702478041));
#8036 = B_SPLINE_SURFACE_WITH_KNOTS('',1,1,(
    (#8037,#8038)
    ,(#8039,#8040
    )),.UNSPECIFIED.,.F.,.F.,.F.,(2,2),(2,2),(-1.864632529929E-02,
    -5.551115123126E-17),(0.,1.E-02),.PIECEWISE_BEZIER_KNOTS.);
#8037 = CARTESIAN_POINT('',(-0.332097706919,-1.005,0.431702478041));
#8038 = CARTESIAN_POINT('',(-0.332097706919,-0.995,0.431702478041));
#8039 = CARTESIAN_POINT('',(-0.31345138162,-1.005,0.431702478041));
#8040 = CARTESIAN_POINT('',(-0.31345138162,-0.995,0.431702478041));
#8041 = ADVANCED_FACE('',(#8042),#8052,.F.);
#8042 = FACE_BOUND('',#8043,.F.);
#8043 = EDGE_LOOP('',(#8044,#8045,#8046,#8051));
#8044 = ORIENTED_EDGE('',*,*,#8026,.F.);
#8045 = ORIENTED_EDGE('',*,*,#7786,.T.);
#8046 = ORIENTED_EDGE('',*,*,#8047,.T.);
#8047 = EDGE_CURVE('',#7787,#7943,#8048,.T.);
#8048 = B_SPLINE_CURVE_WITH_KNOTS('',1,(#8049,#8050),.UNSPECIFIED.,.F.,
  .F.,(2,2),(0.,1.E-02),.PIECEWISE_BEZIER_KNOTS.);
#8049 = CARTESIAN_POINT('',(-0.287128177039,-1.005,0.441198933677));
#8050 = CARTESIAN_POINT('',(-0.287128177039,-0.995,0.441198933677));
#8051 = ORIENTED_EDGE('',*,*,#7951,.F.);
#8052 = B_SPLINE_SURFACE_WITH_KNOTS('',3,1,(
    (#8053,#8054)
    ,(#8055,#8056)
    ,(#8057,#8058)
    ,(#8059,#8060
    )),.UNSPECIFIED.,.F.,.F.,.F.,(4,4),(2,2),(5.,6.),(0.,1.),
  .PIECEWISE_BEZIER_KNOTS.);
#8053 = CARTESIAN_POINT('',(-0.31345138162,-1.005,0.431702478041));
#8054 = CARTESIAN_POINT('',(-0.31345138162,-0.995,0.431702478041));
#8055 = CARTESIAN_POINT('',(-0.302724545784,-1.005,0.431702478041));
#8056 = CARTESIAN_POINT('',(-0.302724545784,-0.995,0.431702478041));
#8057 = CARTESIAN_POINT('',(-0.293938591391,-1.005,0.434856410387));
#8058 = CARTESIAN_POINT('',(-0.293938591391,-0.995,0.434856410387));
#8059 = CARTESIAN_POINT('',(-0.287128177039,-1.005,0.441198933677));
#8060 = CARTESIAN_POINT('',(-0.287128177039,-0.995,0.441198933677));
#8061 = ADVANCED_FACE('',(#8062),#8072,.F.);
#8062 = FACE_BOUND('',#8063,.F.);
#8063 = EDGE_LOOP('',(#8064,#8065,#8066,#8071));
#8064 = ORIENTED_EDGE('',*,*,#8047,.F.);
#8065 = ORIENTED_EDGE('',*,*,#7795,.T.);
#8066 = ORIENTED_EDGE('',*,*,#8067,.T.);
#8067 = EDGE_CURVE('',#7796,#7934,#8068,.T.);
#8068 = B_SPLINE_CURVE_WITH_KNOTS('',1,(#8069,#8070),.UNSPECIFIED.,.F.,
  .F.,(2,2),(0.,1.E-02),.PIECEWISE_BEZIER_KNOTS.);
#8069 = CARTESIAN_POINT('',(-0.276903890862,-1.005,0.466465051043));
#8070 = CARTESIAN_POINT('',(-0.276903890862,-0.995,0.466465051043));
#8071 = ORIENTED_EDGE('',*,*,#7942,.F.);
#8072 = B_SPLINE_SURFACE_WITH_KNOTS('',3,1,(
    (#8073,#8074)
    ,(#8075,#8076)
    ,(#8077,#8078)
    ,(#8079,#8080
    )),.UNSPECIFIED.,.F.,.F.,.F.,(4,4),(2,2),(4.,5.),(0.,1.),
  .PIECEWISE_BEZIER_KNOTS.);
#8073 = CARTESIAN_POINT('',(-0.287128177039,-1.005,0.441198933677));
#8074 = CARTESIAN_POINT('',(-0.287128177039,-0.995,0.441198933677));
#8075 = CARTESIAN_POINT('',(-0.280317762687,-1.005,0.447541456966));
#8076 = CARTESIAN_POINT('',(-0.280317762687,-0.995,0.447541456966));
#8077 = CARTESIAN_POINT('',(-0.276903890862,-1.005,0.455963496088));
#8078 = CARTESIAN_POINT('',(-0.276903890862,-0.995,0.455963496088));
#8079 = CARTESIAN_POINT('',(-0.276903890862,-1.005,0.466465051043));
#8080 = CARTESIAN_POINT('',(-0.276903890862,-0.995,0.466465051043));
#8081 = ADVANCED_FACE('',(#8082),#8092,.F.);
#8082 = FACE_BOUND('',#8083,.F.);
#8083 = EDGE_LOOP('',(#8084,#8085,#8086,#8091));
#8084 = ORIENTED_EDGE('',*,*,#8067,.F.);
#8085 = ORIENTED_EDGE('',*,*,#7804,.T.);
#8086 = ORIENTED_EDGE('',*,*,#8087,.T.);
#8087 = EDGE_CURVE('',#7805,#7925,#8088,.T.);
#8088 = B_SPLINE_CURVE_WITH_KNOTS('',1,(#8089,#8090),.UNSPECIFIED.,.F.,
  .F.,(2,2),(0.,1.E-02),.PIECEWISE_BEZIER_KNOTS.);
#8089 = CARTESIAN_POINT('',(-0.287128177039,-1.005,0.490518117508));
#8090 = CARTESIAN_POINT('',(-0.287128177039,-0.995,0.490518117508));
#8091 = ORIENTED_EDGE('',*,*,#7933,.F.);
#8092 = B_SPLINE_SURFACE_WITH_KNOTS('',3,1,(
    (#8093,#8094)
    ,(#8095,#8096)
    ,(#8097,#8098)
    ,(#8099,#8100
    )),.UNSPECIFIED.,.F.,.F.,.F.,(4,4),(2,2),(3.,4.),(0.,1.),
  .PIECEWISE_BEZIER_KNOTS.);
#8093 = CARTESIAN_POINT('',(-0.276903890862,-1.005,0.466465051043));
#8094 = CARTESIAN_POINT('',(-0.276903890862,-0.995,0.466465051043));
#8095 = CARTESIAN_POINT('',(-0.276903890862,-1.005,0.476516044234));
#8096 = CARTESIAN_POINT('',(-0.276903890862,-0.995,0.476516044234));
#8097 = CARTESIAN_POINT('',(-0.280317762687,-1.005,0.48452218019));
#8098 = CARTESIAN_POINT('',(-0.280317762687,-0.995,0.48452218019));
#8099 = CARTESIAN_POINT('',(-0.287128177039,-1.005,0.490518117508));
#8100 = CARTESIAN_POINT('',(-0.287128177039,-0.995,0.490518117508));
#8101 = ADVANCED_FACE('',(#8102),#8112,.F.);
#8102 = FACE_BOUND('',#8103,.F.);
#8103 = EDGE_LOOP('',(#8104,#8105,#8106,#8111));
#8104 = ORIENTED_EDGE('',*,*,#8087,.F.);
#8105 = ORIENTED_EDGE('',*,*,#7813,.T.);
#8106 = ORIENTED_EDGE('',*,*,#8107,.T.);
#8107 = EDGE_CURVE('',#7814,#7918,#8108,.T.);
#8108 = B_SPLINE_CURVE_WITH_KNOTS('',1,(#8109,#8110),.UNSPECIFIED.,.F.,
  .F.,(2,2),(0.,1.E-02),.PIECEWISE_BEZIER_KNOTS.);
#8109 = CARTESIAN_POINT('',(-0.312758209676,-1.005,0.499494694185));
#8110 = CARTESIAN_POINT('',(-0.312758209676,-0.995,0.499494694185));
#8111 = ORIENTED_EDGE('',*,*,#7924,.F.);
#8112 = B_SPLINE_SURFACE_WITH_KNOTS('',3,1,(
    (#8113,#8114)
    ,(#8115,#8116)
    ,(#8117,#8118)
    ,(#8119,#8120
    )),.UNSPECIFIED.,.F.,.F.,.F.,(4,4),(2,2),(2.,3.),(0.,1.),
  .PIECEWISE_BEZIER_KNOTS.);
#8113 = CARTESIAN_POINT('',(-0.287128177039,-1.005,0.490518117508));
#8114 = CARTESIAN_POINT('',(-0.287128177039,-0.995,0.490518117508));
#8115 = CARTESIAN_POINT('',(-0.293938591391,-1.005,0.496514054825));
#8116 = CARTESIAN_POINT('',(-0.293938591391,-0.995,0.496514054825));
#8117 = CARTESIAN_POINT('',(-0.302481935603,-1.005,0.499494694185));
#8118 = CARTESIAN_POINT('',(-0.302481935603,-0.995,0.499494694185));
#8119 = CARTESIAN_POINT('',(-0.312758209676,-1.005,0.499494694185));
#8120 = CARTESIAN_POINT('',(-0.312758209676,-0.995,0.499494694185));
#8121 = ADVANCED_FACE('',(#8122),#8132,.F.);
#8122 = FACE_BOUND('',#8123,.T.);
#8123 = EDGE_LOOP('',(#8124,#8125,#8130,#8131));
#8124 = ORIENTED_EDGE('',*,*,#7917,.T.);
#8125 = ORIENTED_EDGE('',*,*,#8126,.F.);
#8126 = EDGE_CURVE('',#7823,#7911,#8127,.T.);
#8127 = B_SPLINE_CURVE_WITH_KNOTS('',1,(#8128,#8129),.UNSPECIFIED.,.F.,
  .F.,(2,2),(0.,1.E-02),.PIECEWISE_BEZIER_KNOTS.);
#8128 = CARTESIAN_POINT('',(-0.332097706919,-1.005,0.499494694185));
#8129 = CARTESIAN_POINT('',(-0.332097706919,-0.995,0.499494694185));
#8130 = ORIENTED_EDGE('',*,*,#7822,.F.);
#8131 = ORIENTED_EDGE('',*,*,#8107,.T.);
#8132 = B_SPLINE_SURFACE_WITH_KNOTS('',1,1,(
    (#8133,#8134)
    ,(#8135,#8136
    )),.UNSPECIFIED.,.F.,.F.,.F.,(2,2),(2,2),(-1.933949724317E-02,0.),(
    0.,1.E-02),.PIECEWISE_BEZIER_KNOTS.);
#8133 = CARTESIAN_POINT('',(-0.312758209676,-1.005,0.499494694185));
#8134 = CARTESIAN_POINT('',(-0.312758209676,-0.995,0.499494694185));
#8135 = CARTESIAN_POINT('',(-0.332097706919,-1.005,0.499494694185));
#8136 = CARTESIAN_POINT('',(-0.332097706919,-0.995,0.499494694185));
#8137 = ADVANCED_FACE('',(#8138),#8144,.F.);
#8138 = FACE_BOUND('',#8139,.T.);
#8139 = EDGE_LOOP('',(#8140,#8141,#8142,#8143));
#8140 = ORIENTED_EDGE('',*,*,#7910,.T.);
#8141 = ORIENTED_EDGE('',*,*,#8032,.F.);
#8142 = ORIENTED_EDGE('',*,*,#7829,.F.);
#8143 = ORIENTED_EDGE('',*,*,#8126,.T.);
#8144 = B_SPLINE_SURFACE_WITH_KNOTS('',1,1,(
    (#8145,#8146)
    ,(#8147,#8148
    )),.UNSPECIFIED.,.F.,.F.,.F.,(2,2),(2,2),(-6.779221614378E-02,0.),(
    0.,1.E-02),.PIECEWISE_BEZIER_KNOTS.);
#8145 = CARTESIAN_POINT('',(-0.332097706919,-1.005,0.499494694185));
#8146 = CARTESIAN_POINT('',(-0.332097706919,-0.995,0.499494694185));
#8147 = CARTESIAN_POINT('',(-0.332097706919,-1.005,0.431702478041));
#8148 = CARTESIAN_POINT('',(-0.332097706919,-0.995,0.431702478041));
#8149 = ADVANCED_FACE('',(#8150),#8164,.T.);
#8150 = FACE_BOUND('',#8151,.T.);
#8151 = EDGE_LOOP('',(#8152,#8153,#8158,#8159));
#8152 = ORIENTED_EDGE('',*,*,#7960,.F.);
#8153 = ORIENTED_EDGE('',*,*,#8154,.F.);
#8154 = EDGE_CURVE('',#7846,#7961,#8155,.T.);
#8155 = B_SPLINE_CURVE_WITH_KNOTS('',1,(#8156,#8157),.UNSPECIFIED.,.F.,
  .F.,(2,2),(0.,1.E-02),.PIECEWISE_BEZIER_KNOTS.);
#8156 = CARTESIAN_POINT('',(-0.313104795648,-1.005,0.491696509813));
#8157 = CARTESIAN_POINT('',(-0.313104795648,-0.995,0.491696509813));
#8158 = ORIENTED_EDGE('',*,*,#7845,.T.);
#8159 = ORIENTED_EDGE('',*,*,#8160,.T.);
#8160 = EDGE_CURVE('',#7837,#7963,#8161,.T.);
#8161 = B_SPLINE_CURVE_WITH_KNOTS('',1,(#8162,#8163),.UNSPECIFIED.,.F.,
  .F.,(2,2),(0.,1.E-02),.PIECEWISE_BEZIER_KNOTS.);
#8162 = CARTESIAN_POINT('',(-0.323346411124,-1.005,0.491696509813));
#8163 = CARTESIAN_POINT('',(-0.323346411124,-0.995,0.491696509813));
#8164 = B_SPLINE_SURFACE_WITH_KNOTS('',1,1,(
    (#8165,#8166)
    ,(#8167,#8168
    )),.UNSPECIFIED.,.F.,.F.,.F.,(2,2),(2,2),(0.,1.02416154756E-02),(0.,
    1.E-02),.PIECEWISE_BEZIER_KNOTS.);
#8165 = CARTESIAN_POINT('',(-0.313104795648,-1.005,0.491696509813));
#8166 = CARTESIAN_POINT('',(-0.313104795648,-0.995,0.491696509813));
#8167 = CARTESIAN_POINT('',(-0.323346411124,-1.005,0.491696509813));
#8168 = CARTESIAN_POINT('',(-0.323346411124,-0.995,0.491696509813));
#8169 = ADVANCED_FACE('',(#8170),#8180,.T.);
#8170 = FACE_BOUND('',#8171,.T.);
#8171 = EDGE_LOOP('',(#8172,#8173,#8174,#8175));
#8172 = ORIENTED_EDGE('',*,*,#7969,.F.);
#8173 = ORIENTED_EDGE('',*,*,#8160,.F.);
#8174 = ORIENTED_EDGE('',*,*,#7836,.T.);
#8175 = ORIENTED_EDGE('',*,*,#8176,.T.);
#8176 = EDGE_CURVE('',#7839,#7970,#8177,.T.);
#8177 = B_SPLINE_CURVE_WITH_KNOTS('',1,(#8178,#8179),.UNSPECIFIED.,.F.,
  .F.,(2,2),(0.,1.E-02),.PIECEWISE_BEZIER_KNOTS.);
#8178 = CARTESIAN_POINT('',(-0.323346411124,-1.005,0.439431345219));
#8179 = CARTESIAN_POINT('',(-0.323346411124,-0.995,0.439431345219));
#8180 = B_SPLINE_SURFACE_WITH_KNOTS('',1,1,(
    (#8181,#8182)
    ,(#8183,#8184
    )),.UNSPECIFIED.,.F.,.F.,.F.,(2,2),(2,2),(0.,5.226516459358E-02),(0.
    ,1.E-02),.PIECEWISE_BEZIER_KNOTS.);
#8181 = CARTESIAN_POINT('',(-0.323346411124,-1.005,0.491696509813));
#8182 = CARTESIAN_POINT('',(-0.323346411124,-0.995,0.491696509813));
#8183 = CARTESIAN_POINT('',(-0.323346411124,-1.005,0.439431345219));
#8184 = CARTESIAN_POINT('',(-0.323346411124,-0.995,0.439431345219));
#8185 = ADVANCED_FACE('',(#8186),#8196,.T.);
#8186 = FACE_BOUND('',#8187,.T.);
#8187 = EDGE_LOOP('',(#8188,#8189,#8190,#8191));
#8188 = ORIENTED_EDGE('',*,*,#7976,.F.);
#8189 = ORIENTED_EDGE('',*,*,#8176,.F.);
#8190 = ORIENTED_EDGE('',*,*,#7888,.T.);
#8191 = ORIENTED_EDGE('',*,*,#8192,.T.);
#8192 = EDGE_CURVE('',#7880,#7977,#8193,.T.);
#8193 = B_SPLINE_CURVE_WITH_KNOTS('',1,(#8194,#8195),.UNSPECIFIED.,.F.,
  .F.,(2,2),(0.,1.E-02),.PIECEWISE_BEZIER_KNOTS.);
#8194 = CARTESIAN_POINT('',(-0.313503369516,-1.005,0.439431345219));
#8195 = CARTESIAN_POINT('',(-0.313503369516,-0.995,0.439431345219));
#8196 = B_SPLINE_SURFACE_WITH_KNOTS('',1,1,(
    (#8197,#8198)
    ,(#8199,#8200
    )),.UNSPECIFIED.,.F.,.F.,.F.,(2,2),(2,2),(0.,9.843041607675E-03),(0.
    ,1.E-02),.PIECEWISE_BEZIER_KNOTS.);
#8197 = CARTESIAN_POINT('',(-0.323346411124,-1.005,0.439431345219));
#8198 = CARTESIAN_POINT('',(-0.323346411124,-0.995,0.439431345219));
#8199 = CARTESIAN_POINT('',(-0.313503369516,-1.005,0.439431345219));
#8200 = CARTESIAN_POINT('',(-0.313503369516,-0.995,0.439431345219));
#8201 = ADVANCED_FACE('',(#8202),#8212,.T.);
#8202 = FACE_BOUND('',#8203,.T.);
#8203 = EDGE_LOOP('',(#8204,#8205,#8206,#8207));
#8204 = ORIENTED_EDGE('',*,*,#7983,.F.);
#8205 = ORIENTED_EDGE('',*,*,#8192,.F.);
#8206 = ORIENTED_EDGE('',*,*,#7879,.T.);
#8207 = ORIENTED_EDGE('',*,*,#8208,.T.);
#8208 = EDGE_CURVE('',#7871,#7984,#8209,.T.);
#8209 = B_SPLINE_CURVE_WITH_KNOTS('',1,(#8210,#8211),.UNSPECIFIED.,.F.,
  .F.,(2,2),(0.,1.E-02),.PIECEWISE_BEZIER_KNOTS.);
#8210 = CARTESIAN_POINT('',(-0.293349395238,-1.005,0.44650169905));
#8211 = CARTESIAN_POINT('',(-0.293349395238,-0.995,0.44650169905));
#8212 = B_SPLINE_SURFACE_WITH_KNOTS('',3,1,(
    (#8213,#8214)
    ,(#8215,#8216)
    ,(#8217,#8218)
    ,(#8219,#8220
    )),.UNSPECIFIED.,.F.,.F.,.F.,(4,4),(2,2),(2.,3.),(0.,1.),
  .PIECEWISE_BEZIER_KNOTS.);
#8213 = CARTESIAN_POINT('',(-0.313503369516,-1.005,0.439431345219));
#8214 = CARTESIAN_POINT('',(-0.313503369516,-0.995,0.439431345219));
#8215 = CARTESIAN_POINT('',(-0.30489070811,-1.005,0.439431345219));
#8216 = CARTESIAN_POINT('',(-0.30489070811,-0.995,0.439431345219));
#8217 = CARTESIAN_POINT('',(-0.29816694025,-1.005,0.441788129829));
#8218 = CARTESIAN_POINT('',(-0.29816694025,-0.995,0.441788129829));
#8219 = CARTESIAN_POINT('',(-0.293349395238,-1.005,0.44650169905));
#8220 = CARTESIAN_POINT('',(-0.293349395238,-0.995,0.44650169905));
#8221 = ADVANCED_FACE('',(#8222),#8232,.T.);
#8222 = FACE_BOUND('',#8223,.T.);
#8223 = EDGE_LOOP('',(#8224,#8225,#8226,#8227));
#8224 = ORIENTED_EDGE('',*,*,#7992,.F.);
#8225 = ORIENTED_EDGE('',*,*,#8208,.F.);
#8226 = ORIENTED_EDGE('',*,*,#7870,.T.);
#8227 = ORIENTED_EDGE('',*,*,#8228,.T.);
#8228 = EDGE_CURVE('',#7862,#7993,#8229,.T.);
#8229 = B_SPLINE_CURVE_WITH_KNOTS('',1,(#8230,#8231),.UNSPECIFIED.,.F.,
  .F.,(2,2),(0.,1.E-02),.PIECEWISE_BEZIER_KNOTS.);
#8230 = CARTESIAN_POINT('',(-0.286105748422,-1.005,0.466222440863));
#8231 = CARTESIAN_POINT('',(-0.286105748422,-0.995,0.466222440863));
#8232 = B_SPLINE_SURFACE_WITH_KNOTS('',3,1,(
    (#8233,#8234)
    ,(#8235,#8236)
    ,(#8237,#8238)
    ,(#8239,#8240
    )),.UNSPECIFIED.,.F.,.F.,.F.,(4,4),(2,2),(3.,4.),(0.,1.),
  .PIECEWISE_BEZIER_KNOTS.);
#8233 = CARTESIAN_POINT('',(-0.293349395238,-1.005,0.44650169905));
#8234 = CARTESIAN_POINT('',(-0.293349395238,-0.995,0.44650169905));
#8235 = CARTESIAN_POINT('',(-0.288514520927,-1.005,0.451180609674));
#8236 = CARTESIAN_POINT('',(-0.288514520927,-0.995,0.451180609674));
#8237 = CARTESIAN_POINT('',(-0.286105748422,-1.005,0.457765743143));
#8238 = CARTESIAN_POINT('',(-0.286105748422,-0.995,0.457765743143));
#8239 = CARTESIAN_POINT('',(-0.286105748422,-1.005,0.466222440863));
#8240 = CARTESIAN_POINT('',(-0.286105748422,-0.995,0.466222440863));
#8241 = ADVANCED_FACE('',(#8242),#8252,.T.);
#8242 = FACE_BOUND('',#8243,.T.);
#8243 = EDGE_LOOP('',(#8244,#8245,#8246,#8247));
#8244 = ORIENTED_EDGE('',*,*,#8001,.F.);
#8245 = ORIENTED_EDGE('',*,*,#8228,.F.);
#8246 = ORIENTED_EDGE('',*,*,#7861,.T.);
#8247 = ORIENTED_EDGE('',*,*,#8248,.T.);
#8248 = EDGE_CURVE('',#7853,#8002,#8249,.T.);
#8249 = B_SPLINE_CURVE_WITH_KNOTS('',1,(#8250,#8251),.UNSPECIFIED.,.F.,
  .F.,(2,2),(0.,1.E-02),.PIECEWISE_BEZIER_KNOTS.);
#8250 = CARTESIAN_POINT('',(-0.293540017523,-1.005,0.485319327926));
#8251 = CARTESIAN_POINT('',(-0.293540017523,-0.995,0.485319327926));
#8252 = B_SPLINE_SURFACE_WITH_KNOTS('',3,1,(
    (#8253,#8254)
    ,(#8255,#8256)
    ,(#8257,#8258)
    ,(#8259,#8260
    )),.UNSPECIFIED.,.F.,.F.,.F.,(4,4),(2,2),(4.,5.),(0.,1.),
  .PIECEWISE_BEZIER_KNOTS.);
#8253 = CARTESIAN_POINT('',(-0.286105748422,-1.005,0.466222440863));
#8254 = CARTESIAN_POINT('',(-0.286105748422,-0.995,0.466222440863));
#8255 = CARTESIAN_POINT('',(-0.286105748422,-1.005,0.474679138582));
#8256 = CARTESIAN_POINT('',(-0.286105748422,-0.995,0.474679138582));
#8257 = CARTESIAN_POINT('',(-0.288583838122,-1.005,0.481056320469));
#8258 = CARTESIAN_POINT('',(-0.288583838122,-0.995,0.481056320469));
#8259 = CARTESIAN_POINT('',(-0.293540017523,-1.005,0.485319327926));
#8260 = CARTESIAN_POINT('',(-0.293540017523,-0.995,0.485319327926));
#8261 = ADVANCED_FACE('',(#8262),#8268,.T.);
#8262 = FACE_BOUND('',#8263,.T.);
#8263 = EDGE_LOOP('',(#8264,#8265,#8266,#8267));
#8264 = ORIENTED_EDGE('',*,*,#8010,.F.);
#8265 = ORIENTED_EDGE('',*,*,#8248,.F.);
#8266 = ORIENTED_EDGE('',*,*,#7852,.T.);
#8267 = ORIENTED_EDGE('',*,*,#8154,.T.);
#8268 = B_SPLINE_SURFACE_WITH_KNOTS('',3,1,(
    (#8269,#8270)
    ,(#8271,#8272)
    ,(#8273,#8274)
    ,(#8275,#8276
    )),.UNSPECIFIED.,.F.,.F.,.F.,(4,4),(2,2),(5.,6.),(0.,1.),
  .PIECEWISE_BEZIER_KNOTS.);
#8269 = CARTESIAN_POINT('',(-0.293540017523,-1.005,0.485319327926));
#8270 = CARTESIAN_POINT('',(-0.293540017523,-0.995,0.485319327926));
#8271 = CARTESIAN_POINT('',(-0.298496196924,-1.005,0.489582335383));
#8272 = CARTESIAN_POINT('',(-0.298496196924,-0.995,0.489582335383));
#8273 = CARTESIAN_POINT('',(-0.305029342498,-1.005,0.491696509813));
#8274 = CARTESIAN_POINT('',(-0.305029342498,-0.995,0.491696509813));
#8275 = CARTESIAN_POINT('',(-0.313104795648,-1.005,0.491696509813));
#8276 = CARTESIAN_POINT('',(-0.313104795648,-0.995,0.491696509813));
#8277 = MANIFOLD_SOLID_BREP('',#8278);
#8278 = CLOSED_SHELL('',(#8279,#8391,#8503,#8523,#8539,#8555,#8571,#8587
    ,#8603,#8619,#8631,#8651,#8667,#8687,#8703,#8723));
#8279 = ADVANCED_FACE('',(#8280,#8338),#8386,.F.);
#8280 = FACE_BOUND('',#8281,.T.);
#8281 = EDGE_LOOP('',(#8282,#8291,#8298,#8305,#8312,#8319,#8326,#8333));
#8282 = ORIENTED_EDGE('',*,*,#8283,.T.);
#8283 = EDGE_CURVE('',#8284,#8286,#8288,.T.);
#8284 = VERTEX_POINT('',#8285);
#8285 = CARTESIAN_POINT('',(-0.212144301974,-1.005,0.431702478041));
#8286 = VERTEX_POINT('',#8287);
#8287 = CARTESIAN_POINT('',(-0.237964956895,-1.005,0.499494694185));
#8288 = B_SPLINE_CURVE_WITH_KNOTS('',1,(#8289,#8290),.UNSPECIFIED.,.F.,
  .F.,(2,2),(-7.254302716501E-02,0.),.PIECEWISE_BEZIER_KNOTS.);
#8289 = CARTESIAN_POINT('',(-0.212144301974,-1.005,0.431702478041));
#8290 = CARTESIAN_POINT('',(-0.237964956895,-1.005,0.499494694185));
#8291 = ORIENTED_EDGE('',*,*,#8292,.T.);
#8292 = EDGE_CURVE('',#8286,#8293,#8295,.T.);
#8293 = VERTEX_POINT('',#8294);
#8294 = CARTESIAN_POINT('',(-0.247322778143,-1.005,0.499494694185));
#8295 = B_SPLINE_CURVE_WITH_KNOTS('',1,(#8296,#8297),.UNSPECIFIED.,.F.,
  .F.,(2,2),(-9.357821247279E-03,-0.),.PIECEWISE_BEZIER_KNOTS.);
#8296 = CARTESIAN_POINT('',(-0.237964956895,-1.005,0.499494694185));
#8297 = CARTESIAN_POINT('',(-0.247322778143,-1.005,0.499494694185));
#8298 = ORIENTED_EDGE('',*,*,#8299,.T.);
#8299 = EDGE_CURVE('',#8293,#8300,#8302,.T.);
#8300 = VERTEX_POINT('',#8301);
#8301 = CARTESIAN_POINT('',(-0.273143433065,-1.005,0.431702478041));
#8302 = B_SPLINE_CURVE_WITH_KNOTS('',1,(#8303,#8304),.UNSPECIFIED.,.F.,
  .F.,(2,2),(-7.254302716517E-02,-0.),.PIECEWISE_BEZIER_KNOTS.);
#8303 = CARTESIAN_POINT('',(-0.247322778143,-1.005,0.499494694185));
#8304 = CARTESIAN_POINT('',(-0.273143433065,-1.005,0.431702478041));
#8305 = ORIENTED_EDGE('',*,*,#8306,.T.);
#8306 = EDGE_CURVE('',#8300,#8307,#8309,.T.);
#8307 = VERTEX_POINT('',#8308);
#8308 = CARTESIAN_POINT('',(-0.263473684443,-1.005,0.431702478041));
#8309 = B_SPLINE_CURVE_WITH_KNOTS('',1,(#8310,#8311),.UNSPECIFIED.,.F.,
  .F.,(2,2),(-9.669748621818E-03,0.),.PIECEWISE_BEZIER_KNOTS.);
#8310 = CARTESIAN_POINT('',(-0.273143433065,-1.005,0.431702478041));
#8311 = CARTESIAN_POINT('',(-0.263473684443,-1.005,0.431702478041));
#8312 = ORIENTED_EDGE('',*,*,#8313,.T.);
#8313 = EDGE_CURVE('',#8307,#8314,#8316,.T.);
#8314 = VERTEX_POINT('',#8315);
#8315 = CARTESIAN_POINT('',(-0.256957868167,-1.005,0.450244827549));
#8316 = B_SPLINE_CURVE_WITH_KNOTS('',1,(#8317,#8318),.UNSPECIFIED.,.F.,
  .F.,(2,2),(-1.965386951692E-02,0.),.PIECEWISE_BEZIER_KNOTS.);
#8317 = CARTESIAN_POINT('',(-0.263473684443,-1.005,0.431702478041));
#8318 = CARTESIAN_POINT('',(-0.256957868167,-1.005,0.450244827549));
#8319 = ORIENTED_EDGE('',*,*,#8320,.T.);
#8320 = EDGE_CURVE('',#8314,#8321,#8323,.T.);
#8321 = VERTEX_POINT('',#8322);
#8322 = CARTESIAN_POINT('',(-0.228728440739,-1.005,0.450244827549));
#8323 = B_SPLINE_CURVE_WITH_KNOTS('',1,(#8324,#8325),.UNSPECIFIED.,.F.,
  .F.,(2,2),(-2.822942742818E-02,0.),.PIECEWISE_BEZIER_KNOTS.);
#8324 = CARTESIAN_POINT('',(-0.256957868167,-1.005,0.450244827549));
#8325 = CARTESIAN_POINT('',(-0.228728440739,-1.005,0.450244827549));
#8326 = ORIENTED_EDGE('',*,*,#8327,.T.);
#8327 = EDGE_CURVE('',#8321,#8328,#8330,.T.);
#8328 = VERTEX_POINT('',#8329);
#8329 = CARTESIAN_POINT('',(-0.221814050595,-1.005,0.431702478041));
#8330 = B_SPLINE_CURVE_WITH_KNOTS('',1,(#8331,#8332),.UNSPECIFIED.,.F.,
  .F.,(2,2),(-1.978958100401E-02,0.),.PIECEWISE_BEZIER_KNOTS.);
#8331 = CARTESIAN_POINT('',(-0.228728440739,-1.005,0.450244827549));
#8332 = CARTESIAN_POINT('',(-0.221814050595,-1.005,0.431702478041));
#8333 = ORIENTED_EDGE('',*,*,#8334,.T.);
#8334 = EDGE_CURVE('',#8328,#8284,#8335,.T.);
#8335 = B_SPLINE_CURVE_WITH_KNOTS('',1,(#8336,#8337),.UNSPECIFIED.,.F.,
  .F.,(2,2),(-9.669748621356E-03,0.),.PIECEWISE_BEZIER_KNOTS.);
#8336 = CARTESIAN_POINT('',(-0.221814050595,-1.005,0.431702478041));
#8337 = CARTESIAN_POINT('',(-0.212144301974,-1.005,0.431702478041));
#8338 = FACE_BOUND('',#8339,.T.);
#8339 = EDGE_LOOP('',(#8340,#8349,#8356,#8365,#8372,#8381));
#8340 = ORIENTED_EDGE('',*,*,#8341,.F.);
#8341 = EDGE_CURVE('',#8342,#8344,#8346,.T.);
#8342 = VERTEX_POINT('',#8343);
#8343 = CARTESIAN_POINT('',(-0.25418518039,-1.005,0.457904377532));
#8344 = VERTEX_POINT('',#8345);
#8345 = CARTESIAN_POINT('',(-0.231431811321,-1.005,0.457904377532));
#8346 = B_SPLINE_CURVE_WITH_KNOTS('',1,(#8347,#8348),.UNSPECIFIED.,.F.,
  .F.,(2,2),(0.,2.275336906869E-02),.PIECEWISE_BEZIER_KNOTS.);
#8347 = CARTESIAN_POINT('',(-0.25418518039,-1.005,0.457904377532));
#8348 = CARTESIAN_POINT('',(-0.231431811321,-1.005,0.457904377532));
#8349 = ORIENTED_EDGE('',*,*,#8350,.F.);
#8350 = EDGE_CURVE('',#8351,#8342,#8353,.T.);
#8351 = VERTEX_POINT('',#8352);
#8352 = CARTESIAN_POINT('',(-0.244047540706,-1.005,0.486081817065));
#8353 = B_SPLINE_CURVE_WITH_KNOTS('',1,(#8354,#8355),.UNSPECIFIED.,.F.,
  .F.,(2,2),(0.,2.994561465321E-02),.PIECEWISE_BEZIER_KNOTS.);
#8354 = CARTESIAN_POINT('',(-0.244047540706,-1.005,0.486081817065));
#8355 = CARTESIAN_POINT('',(-0.25418518039,-1.005,0.457904377532));
#8356 = ORIENTED_EDGE('',*,*,#8357,.F.);
#8357 = EDGE_CURVE('',#8358,#8351,#8360,.T.);
#8358 = VERTEX_POINT('',#8359);
#8359 = CARTESIAN_POINT('',(-0.242938465596,-1.005,0.490830044882));
#8360 = B_SPLINE_CURVE_WITH_KNOTS('',3,(#8361,#8362,#8363,#8364),
  .UNSPECIFIED.,.F.,.F.,(4,4),(3.,4.),.PIECEWISE_BEZIER_KNOTS.);
#8361 = CARTESIAN_POINT('',(-0.242938465596,-1.005,0.490830044882));
#8362 = CARTESIAN_POINT('',(-0.243267722269,-1.005,0.488785187647));
#8363 = CARTESIAN_POINT('',(-0.243631637539,-1.005,0.487190892175));
#8364 = CARTESIAN_POINT('',(-0.244047540706,-1.005,0.486081817065));
#8365 = ORIENTED_EDGE('',*,*,#8366,.F.);
#8366 = EDGE_CURVE('',#8367,#8358,#8369,.T.);
#8367 = VERTEX_POINT('',#8368);
#8368 = CARTESIAN_POINT('',(-0.242730514012,-1.005,0.490830044882));
#8369 = B_SPLINE_CURVE_WITH_KNOTS('',1,(#8370,#8371),.UNSPECIFIED.,.F.,
  .F.,(2,2),(5.551115123126E-17,2.07951583489E-04),
  .PIECEWISE_BEZIER_KNOTS.);
#8370 = CARTESIAN_POINT('',(-0.242730514012,-1.005,0.490830044882));
#8371 = CARTESIAN_POINT('',(-0.242938465596,-1.005,0.490830044882));
#8372 = ORIENTED_EDGE('',*,*,#8373,.F.);
#8373 = EDGE_CURVE('',#8374,#8367,#8376,.T.);
#8374 = VERTEX_POINT('',#8375);
#8375 = CARTESIAN_POINT('',(-0.241673426797,-1.005,0.486081817065));
#8376 = B_SPLINE_CURVE_WITH_KNOTS('',3,(#8377,#8378,#8379,#8380),
  .UNSPECIFIED.,.F.,.F.,(4,4),(1.,2.),.PIECEWISE_BEZIER_KNOTS.);
#8377 = CARTESIAN_POINT('',(-0.241673426797,-1.005,0.486081817065));
#8378 = CARTESIAN_POINT('',(-0.242002683471,-1.005,0.487017599189));
#8379 = CARTESIAN_POINT('',(-0.242349269443,-1.005,0.488577236064));
#8380 = CARTESIAN_POINT('',(-0.242730514012,-1.005,0.490830044882));
#8381 = ORIENTED_EDGE('',*,*,#8382,.F.);
#8382 = EDGE_CURVE('',#8344,#8374,#8383,.T.);
#8383 = B_SPLINE_CURVE_WITH_KNOTS('',1,(#8384,#8385),.UNSPECIFIED.,.F.,
  .F.,(2,2),(0.,2.998097373607E-02),.PIECEWISE_BEZIER_KNOTS.);
#8384 = CARTESIAN_POINT('',(-0.231431811321,-1.005,0.457904377532));
#8385 = CARTESIAN_POINT('',(-0.241673426797,-1.005,0.486081817065));
#8386 = B_SPLINE_SURFACE_WITH_KNOTS('',1,1,(
    (#8387,#8388)
    ,(#8389,#8390
    )),.UNSPECIFIED.,.F.,.F.,.F.,(2,2),(2,2),(0.421702378041,
    0.489494594185),(-0.273143433065,-0.212144301974),
  .PIECEWISE_BEZIER_KNOTS.);
#8387 = CARTESIAN_POINT('',(-0.273143433065,-1.005,0.431702478041));
#8388 = CARTESIAN_POINT('',(-0.212144301974,-1.005,0.431702478041));
#8389 = CARTESIAN_POINT('',(-0.273143433065,-1.005,0.499494694185));
#8390 = CARTESIAN_POINT('',(-0.212144301974,-1.005,0.499494694185));
#8391 = ADVANCED_FACE('',(#8392,#8450),#8498,.T.);
#8392 = FACE_BOUND('',#8393,.T.);
#8393 = EDGE_LOOP('',(#8394,#8403,#8410,#8417,#8424,#8431,#8438,#8445));
#8394 = ORIENTED_EDGE('',*,*,#8395,.F.);
#8395 = EDGE_CURVE('',#8396,#8398,#8400,.T.);
#8396 = VERTEX_POINT('',#8397);
#8397 = CARTESIAN_POINT('',(-0.212144301974,-0.995,0.431702478041));
#8398 = VERTEX_POINT('',#8399);
#8399 = CARTESIAN_POINT('',(-0.237964956895,-0.995,0.499494694185));
#8400 = B_SPLINE_CURVE_WITH_KNOTS('',1,(#8401,#8402),.UNSPECIFIED.,.F.,
  .F.,(2,2),(-7.254302716501E-02,0.),.PIECEWISE_BEZIER_KNOTS.);
#8401 = CARTESIAN_POINT('',(-0.212144301974,-0.995,0.431702478041));
#8402 = CARTESIAN_POINT('',(-0.237964956895,-0.995,0.499494694185));
#8403 = ORIENTED_EDGE('',*,*,#8404,.F.);
#8404 = EDGE_CURVE('',#8405,#8396,#8407,.T.);
#8405 = VERTEX_POINT('',#8406);
#8406 = CARTESIAN_POINT('',(-0.221814050595,-0.995,0.431702478041));
#8407 = B_SPLINE_CURVE_WITH_KNOTS('',1,(#8408,#8409),.UNSPECIFIED.,.F.,
  .F.,(2,2),(-9.669748621356E-03,0.),.PIECEWISE_BEZIER_KNOTS.);
#8408 = CARTESIAN_POINT('',(-0.221814050595,-0.995,0.431702478041));
#8409 = CARTESIAN_POINT('',(-0.212144301974,-0.995,0.431702478041));
#8410 = ORIENTED_EDGE('',*,*,#8411,.F.);
#8411 = EDGE_CURVE('',#8412,#8405,#8414,.T.);
#8412 = VERTEX_POINT('',#8413);
#8413 = CARTESIAN_POINT('',(-0.228728440739,-0.995,0.450244827549));
#8414 = B_SPLINE_CURVE_WITH_KNOTS('',1,(#8415,#8416),.UNSPECIFIED.,.F.,
  .F.,(2,2),(-1.978958100401E-02,0.),.PIECEWISE_BEZIER_KNOTS.);
#8415 = CARTESIAN_POINT('',(-0.228728440739,-0.995,0.450244827549));
#8416 = CARTESIAN_POINT('',(-0.221814050595,-0.995,0.431702478041));
#8417 = ORIENTED_EDGE('',*,*,#8418,.F.);
#8418 = EDGE_CURVE('',#8419,#8412,#8421,.T.);
#8419 = VERTEX_POINT('',#8420);
#8420 = CARTESIAN_POINT('',(-0.256957868167,-0.995,0.450244827549));
#8421 = B_SPLINE_CURVE_WITH_KNOTS('',1,(#8422,#8423),.UNSPECIFIED.,.F.,
  .F.,(2,2),(-2.822942742818E-02,0.),.PIECEWISE_BEZIER_KNOTS.);
#8422 = CARTESIAN_POINT('',(-0.256957868167,-0.995,0.450244827549));
#8423 = CARTESIAN_POINT('',(-0.228728440739,-0.995,0.450244827549));
#8424 = ORIENTED_EDGE('',*,*,#8425,.F.);
#8425 = EDGE_CURVE('',#8426,#8419,#8428,.T.);
#8426 = VERTEX_POINT('',#8427);
#8427 = CARTESIAN_POINT('',(-0.263473684443,-0.995,0.431702478041));
#8428 = B_SPLINE_CURVE_WITH_KNOTS('',1,(#8429,#8430),.UNSPECIFIED.,.F.,
  .F.,(2,2),(-1.965386951692E-02,0.),.PIECEWISE_BEZIER_KNOTS.);
#8429 = CARTESIAN_POINT('',(-0.263473684443,-0.995,0.431702478041));
#8430 = CARTESIAN_POINT('',(-0.256957868167,-0.995,0.450244827549));
#8431 = ORIENTED_EDGE('',*,*,#8432,.F.);
#8432 = EDGE_CURVE('',#8433,#8426,#8435,.T.);
#8433 = VERTEX_POINT('',#8434);
#8434 = CARTESIAN_POINT('',(-0.273143433065,-0.995,0.431702478041));
#8435 = B_SPLINE_CURVE_WITH_KNOTS('',1,(#8436,#8437),.UNSPECIFIED.,.F.,
  .F.,(2,2),(-9.669748621818E-03,0.),.PIECEWISE_BEZIER_KNOTS.);
#8436 = CARTESIAN_POINT('',(-0.273143433065,-0.995,0.431702478041));
#8437 = CARTESIAN_POINT('',(-0.263473684443,-0.995,0.431702478041));
#8438 = ORIENTED_EDGE('',*,*,#8439,.F.);
#8439 = EDGE_CURVE('',#8440,#8433,#8442,.T.);
#8440 = VERTEX_POINT('',#8441);
#8441 = CARTESIAN_POINT('',(-0.247322778143,-0.995,0.499494694185));
#8442 = B_SPLINE_CURVE_WITH_KNOTS('',1,(#8443,#8444),.UNSPECIFIED.,.F.,
  .F.,(2,2),(-7.254302716517E-02,-0.),.PIECEWISE_BEZIER_KNOTS.);
#8443 = CARTESIAN_POINT('',(-0.247322778143,-0.995,0.499494694185));
#8444 = CARTESIAN_POINT('',(-0.273143433065,-0.995,0.431702478041));
#8445 = ORIENTED_EDGE('',*,*,#8446,.F.);
#8446 = EDGE_CURVE('',#8398,#8440,#8447,.T.);
#8447 = B_SPLINE_CURVE_WITH_KNOTS('',1,(#8448,#8449),.UNSPECIFIED.,.F.,
  .F.,(2,2),(-9.357821247279E-03,-0.),.PIECEWISE_BEZIER_KNOTS.);
#8448 = CARTESIAN_POINT('',(-0.237964956895,-0.995,0.499494694185));
#8449 = CARTESIAN_POINT('',(-0.247322778143,-0.995,0.499494694185));
#8450 = FACE_BOUND('',#8451,.T.);
#8451 = EDGE_LOOP('',(#8452,#8461,#8468,#8475,#8484,#8491));
#8452 = ORIENTED_EDGE('',*,*,#8453,.T.);
#8453 = EDGE_CURVE('',#8454,#8456,#8458,.T.);
#8454 = VERTEX_POINT('',#8455);
#8455 = CARTESIAN_POINT('',(-0.244047540706,-0.995,0.486081817065));
#8456 = VERTEX_POINT('',#8457);
#8457 = CARTESIAN_POINT('',(-0.25418518039,-0.995,0.457904377532));
#8458 = B_SPLINE_CURVE_WITH_KNOTS('',1,(#8459,#8460),.UNSPECIFIED.,.F.,
  .F.,(2,2),(2.81887042288E-17,2.994561465321E-02),
  .PIECEWISE_BEZIER_KNOTS.);
#8459 = CARTESIAN_POINT('',(-0.244047540706,-0.995,0.486081817065));
#8460 = CARTESIAN_POINT('',(-0.25418518039,-0.995,0.457904377532));
#8461 = ORIENTED_EDGE('',*,*,#8462,.T.);
#8462 = EDGE_CURVE('',#8456,#8463,#8465,.T.);
#8463 = VERTEX_POINT('',#8464);
#8464 = CARTESIAN_POINT('',(-0.231431811321,-0.995,0.457904377532));
#8465 = B_SPLINE_CURVE_WITH_KNOTS('',1,(#8466,#8467),.UNSPECIFIED.,.F.,
  .F.,(2,2),(5.551115123126E-17,2.275336906869E-02),
  .PIECEWISE_BEZIER_KNOTS.);
#8466 = CARTESIAN_POINT('',(-0.25418518039,-0.995,0.457904377532));
#8467 = CARTESIAN_POINT('',(-0.231431811321,-0.995,0.457904377532));
#8468 = ORIENTED_EDGE('',*,*,#8469,.T.);
#8469 = EDGE_CURVE('',#8463,#8470,#8472,.T.);
#8470 = VERTEX_POINT('',#8471);
#8471 = CARTESIAN_POINT('',(-0.241673426797,-0.995,0.486081817065));
#8472 = B_SPLINE_CURVE_WITH_KNOTS('',1,(#8473,#8474),.UNSPECIFIED.,.F.,
  .F.,(2,2),(0.,2.998097373607E-02),.PIECEWISE_BEZIER_KNOTS.);
#8473 = CARTESIAN_POINT('',(-0.231431811321,-0.995,0.457904377532));
#8474 = CARTESIAN_POINT('',(-0.241673426797,-0.995,0.486081817065));
#8475 = ORIENTED_EDGE('',*,*,#8476,.T.);
#8476 = EDGE_CURVE('',#8470,#8477,#8479,.T.);
#8477 = VERTEX_POINT('',#8478);
#8478 = CARTESIAN_POINT('',(-0.242730514012,-0.995,0.490830044882));
#8479 = B_SPLINE_CURVE_WITH_KNOTS('',3,(#8480,#8481,#8482,#8483),
  .UNSPECIFIED.,.F.,.F.,(4,4),(1.,2.),.PIECEWISE_BEZIER_KNOTS.);
#8480 = CARTESIAN_POINT('',(-0.241673426797,-0.995,0.486081817065));
#8481 = CARTESIAN_POINT('',(-0.242002683471,-0.995,0.487017599189));
#8482 = CARTESIAN_POINT('',(-0.242349269443,-0.995,0.488577236064));
#8483 = CARTESIAN_POINT('',(-0.242730514012,-0.995,0.490830044882));
#8484 = ORIENTED_EDGE('',*,*,#8485,.T.);
#8485 = EDGE_CURVE('',#8477,#8486,#8488,.T.);
#8486 = VERTEX_POINT('',#8487);
#8487 = CARTESIAN_POINT('',(-0.242938465596,-0.995,0.490830044882));
#8488 = B_SPLINE_CURVE_WITH_KNOTS('',1,(#8489,#8490),.UNSPECIFIED.,.F.,
  .F.,(2,2),(5.551115123126E-17,2.07951583489E-04),
  .PIECEWISE_BEZIER_KNOTS.);
#8489 = CARTESIAN_POINT('',(-0.242730514012,-0.995,0.490830044882));
#8490 = CARTESIAN_POINT('',(-0.242938465596,-0.995,0.490830044882));
#8491 = ORIENTED_EDGE('',*,*,#8492,.T.);
#8492 = EDGE_CURVE('',#8486,#8454,#8493,.T.);
#8493 = B_SPLINE_CURVE_WITH_KNOTS('',3,(#8494,#8495,#8496,#8497),
  .UNSPECIFIED.,.F.,.F.,(4,4),(3.,4.),.PIECEWISE_BEZIER_KNOTS.);
#8494 = CARTESIAN_POINT('',(-0.242938465596,-0.995,0.490830044882));
#8495 = CARTESIAN_POINT('',(-0.243267722269,-0.995,0.488785187647));
#8496 = CARTESIAN_POINT('',(-0.243631637539,-0.995,0.487190892175));
#8497 = CARTESIAN_POINT('',(-0.244047540706,-0.995,0.486081817065));
#8498 = B_SPLINE_SURFACE_WITH_KNOTS('',1,1,(
    (#8499,#8500)
    ,(#8501,#8502
    )),.UNSPECIFIED.,.F.,.F.,.F.,(2,2),(2,2),(0.421702378041,
    0.489494594185),(-0.273143433065,-0.212144301974),
  .PIECEWISE_BEZIER_KNOTS.);
#8499 = CARTESIAN_POINT('',(-0.273143433065,-0.995,0.431702478041));
#8500 = CARTESIAN_POINT('',(-0.212144301974,-0.995,0.431702478041));
#8501 = CARTESIAN_POINT('',(-0.273143433065,-0.995,0.499494694185));
#8502 = CARTESIAN_POINT('',(-0.212144301974,-0.995,0.499494694185));
#8503 = ADVANCED_FACE('',(#8504),#8518,.F.);
#8504 = FACE_BOUND('',#8505,.T.);
#8505 = EDGE_LOOP('',(#8506,#8507,#8512,#8513));
#8506 = ORIENTED_EDGE('',*,*,#8395,.T.);
#8507 = ORIENTED_EDGE('',*,*,#8508,.F.);
#8508 = EDGE_CURVE('',#8286,#8398,#8509,.T.);
#8509 = B_SPLINE_CURVE_WITH_KNOTS('',1,(#8510,#8511),.UNSPECIFIED.,.F.,
  .F.,(2,2),(0.,1.E-02),.PIECEWISE_BEZIER_KNOTS.);
#8510 = CARTESIAN_POINT('',(-0.237964956895,-1.005,0.499494694185));
#8511 = CARTESIAN_POINT('',(-0.237964956895,-0.995,0.499494694185));
#8512 = ORIENTED_EDGE('',*,*,#8283,.F.);
#8513 = ORIENTED_EDGE('',*,*,#8514,.T.);
#8514 = EDGE_CURVE('',#8284,#8396,#8515,.T.);
#8515 = B_SPLINE_CURVE_WITH_KNOTS('',1,(#8516,#8517),.UNSPECIFIED.,.F.,
  .F.,(2,2),(0.,1.E-02),.PIECEWISE_BEZIER_KNOTS.);
#8516 = CARTESIAN_POINT('',(-0.212144301974,-1.005,0.431702478041));
#8517 = CARTESIAN_POINT('',(-0.212144301974,-0.995,0.431702478041));
#8518 = B_SPLINE_SURFACE_WITH_KNOTS('',1,1,(
    (#8519,#8520)
    ,(#8521,#8522
    )),.UNSPECIFIED.,.F.,.F.,.F.,(2,2),(2,2),(-7.254302716501E-02,0.),(
    0.,1.E-02),.PIECEWISE_BEZIER_KNOTS.);
#8519 = CARTESIAN_POINT('',(-0.212144301974,-1.005,0.431702478041));
#8520 = CARTESIAN_POINT('',(-0.212144301974,-0.995,0.431702478041));
#8521 = CARTESIAN_POINT('',(-0.237964956895,-1.005,0.499494694185));
#8522 = CARTESIAN_POINT('',(-0.237964956895,-0.995,0.499494694185));
#8523 = ADVANCED_FACE('',(#8524),#8534,.F.);
#8524 = FACE_BOUND('',#8525,.T.);
#8525 = EDGE_LOOP('',(#8526,#8527,#8532,#8533));
#8526 = ORIENTED_EDGE('',*,*,#8446,.T.);
#8527 = ORIENTED_EDGE('',*,*,#8528,.F.);
#8528 = EDGE_CURVE('',#8293,#8440,#8529,.T.);
#8529 = B_SPLINE_CURVE_WITH_KNOTS('',1,(#8530,#8531),.UNSPECIFIED.,.F.,
  .F.,(2,2),(0.,1.E-02),.PIECEWISE_BEZIER_KNOTS.);
#8530 = CARTESIAN_POINT('',(-0.247322778143,-1.005,0.499494694185));
#8531 = CARTESIAN_POINT('',(-0.247322778143,-0.995,0.499494694185));
#8532 = ORIENTED_EDGE('',*,*,#8292,.F.);
#8533 = ORIENTED_EDGE('',*,*,#8508,.T.);
#8534 = B_SPLINE_SURFACE_WITH_KNOTS('',1,1,(
    (#8535,#8536)
    ,(#8537,#8538
    )),.UNSPECIFIED.,.F.,.F.,.F.,(2,2),(2,2),(-9.357821247279E-03,0.),(
    0.,1.E-02),.PIECEWISE_BEZIER_KNOTS.);
#8535 = CARTESIAN_POINT('',(-0.237964956895,-1.005,0.499494694185));
#8536 = CARTESIAN_POINT('',(-0.237964956895,-0.995,0.499494694185));
#8537 = CARTESIAN_POINT('',(-0.247322778143,-1.005,0.499494694185));
#8538 = CARTESIAN_POINT('',(-0.247322778143,-0.995,0.499494694185));
#8539 = ADVANCED_FACE('',(#8540),#8550,.F.);
#8540 = FACE_BOUND('',#8541,.T.);
#8541 = EDGE_LOOP('',(#8542,#8543,#8548,#8549));
#8542 = ORIENTED_EDGE('',*,*,#8439,.T.);
#8543 = ORIENTED_EDGE('',*,*,#8544,.F.);
#8544 = EDGE_CURVE('',#8300,#8433,#8545,.T.);
#8545 = B_SPLINE_CURVE_WITH_KNOTS('',1,(#8546,#8547),.UNSPECIFIED.,.F.,
  .F.,(2,2),(0.,1.E-02),.PIECEWISE_BEZIER_KNOTS.);
#8546 = CARTESIAN_POINT('',(-0.273143433065,-1.005,0.431702478041));
#8547 = CARTESIAN_POINT('',(-0.273143433065,-0.995,0.431702478041));
#8548 = ORIENTED_EDGE('',*,*,#8299,.F.);
#8549 = ORIENTED_EDGE('',*,*,#8528,.T.);
#8550 = B_SPLINE_SURFACE_WITH_KNOTS('',1,1,(
    (#8551,#8552)
    ,(#8553,#8554
    )),.UNSPECIFIED.,.F.,.F.,.F.,(2,2),(2,2),(-7.254302716517E-02,0.),(
    0.,1.E-02),.PIECEWISE_BEZIER_KNOTS.);
#8551 = CARTESIAN_POINT('',(-0.247322778143,-1.005,0.499494694185));
#8552 = CARTESIAN_POINT('',(-0.247322778143,-0.995,0.499494694185));
#8553 = CARTESIAN_POINT('',(-0.273143433065,-1.005,0.431702478041));
#8554 = CARTESIAN_POINT('',(-0.273143433065,-0.995,0.431702478041));
#8555 = ADVANCED_FACE('',(#8556),#8566,.F.);
#8556 = FACE_BOUND('',#8557,.T.);
#8557 = EDGE_LOOP('',(#8558,#8559,#8564,#8565));
#8558 = ORIENTED_EDGE('',*,*,#8432,.T.);
#8559 = ORIENTED_EDGE('',*,*,#8560,.F.);
#8560 = EDGE_CURVE('',#8307,#8426,#8561,.T.);
#8561 = B_SPLINE_CURVE_WITH_KNOTS('',1,(#8562,#8563),.UNSPECIFIED.,.F.,
  .F.,(2,2),(0.,1.E-02),.PIECEWISE_BEZIER_KNOTS.);
#8562 = CARTESIAN_POINT('',(-0.263473684443,-1.005,0.431702478041));
#8563 = CARTESIAN_POINT('',(-0.263473684443,-0.995,0.431702478041));
#8564 = ORIENTED_EDGE('',*,*,#8306,.F.);
#8565 = ORIENTED_EDGE('',*,*,#8544,.T.);
#8566 = B_SPLINE_SURFACE_WITH_KNOTS('',1,1,(
    (#8567,#8568)
    ,(#8569,#8570
    )),.UNSPECIFIED.,.F.,.F.,.F.,(2,2),(2,2),(-9.669748621818E-03,0.),(
    0.,1.E-02),.PIECEWISE_BEZIER_KNOTS.);
#8567 = CARTESIAN_POINT('',(-0.273143433065,-1.005,0.431702478041));
#8568 = CARTESIAN_POINT('',(-0.273143433065,-0.995,0.431702478041));
#8569 = CARTESIAN_POINT('',(-0.263473684443,-1.005,0.431702478041));
#8570 = CARTESIAN_POINT('',(-0.263473684443,-0.995,0.431702478041));
#8571 = ADVANCED_FACE('',(#8572),#8582,.F.);
#8572 = FACE_BOUND('',#8573,.T.);
#8573 = EDGE_LOOP('',(#8574,#8575,#8580,#8581));
#8574 = ORIENTED_EDGE('',*,*,#8425,.T.);
#8575 = ORIENTED_EDGE('',*,*,#8576,.F.);
#8576 = EDGE_CURVE('',#8314,#8419,#8577,.T.);
#8577 = B_SPLINE_CURVE_WITH_KNOTS('',1,(#8578,#8579),.UNSPECIFIED.,.F.,
  .F.,(2,2),(0.,1.E-02),.PIECEWISE_BEZIER_KNOTS.);
#8578 = CARTESIAN_POINT('',(-0.256957868167,-1.005,0.450244827549));
#8579 = CARTESIAN_POINT('',(-0.256957868167,-0.995,0.450244827549));
#8580 = ORIENTED_EDGE('',*,*,#8313,.F.);
#8581 = ORIENTED_EDGE('',*,*,#8560,.T.);
#8582 = B_SPLINE_SURFACE_WITH_KNOTS('',1,1,(
    (#8583,#8584)
    ,(#8585,#8586
    )),.UNSPECIFIED.,.F.,.F.,.F.,(2,2),(2,2),(-1.965386951692E-02,0.),(
    0.,1.E-02),.PIECEWISE_BEZIER_KNOTS.);
#8583 = CARTESIAN_POINT('',(-0.263473684443,-1.005,0.431702478041));
#8584 = CARTESIAN_POINT('',(-0.263473684443,-0.995,0.431702478041));
#8585 = CARTESIAN_POINT('',(-0.256957868167,-1.005,0.450244827549));
#8586 = CARTESIAN_POINT('',(-0.256957868167,-0.995,0.450244827549));
#8587 = ADVANCED_FACE('',(#8588),#8598,.F.);
#8588 = FACE_BOUND('',#8589,.T.);
#8589 = EDGE_LOOP('',(#8590,#8591,#8596,#8597));
#8590 = ORIENTED_EDGE('',*,*,#8418,.T.);
#8591 = ORIENTED_EDGE('',*,*,#8592,.F.);
#8592 = EDGE_CURVE('',#8321,#8412,#8593,.T.);
#8593 = B_SPLINE_CURVE_WITH_KNOTS('',1,(#8594,#8595),.UNSPECIFIED.,.F.,
  .F.,(2,2),(0.,1.E-02),.PIECEWISE_BEZIER_KNOTS.);
#8594 = CARTESIAN_POINT('',(-0.228728440739,-1.005,0.450244827549));
#8595 = CARTESIAN_POINT('',(-0.228728440739,-0.995,0.450244827549));
#8596 = ORIENTED_EDGE('',*,*,#8320,.F.);
#8597 = ORIENTED_EDGE('',*,*,#8576,.T.);
#8598 = B_SPLINE_SURFACE_WITH_KNOTS('',1,1,(
    (#8599,#8600)
    ,(#8601,#8602
    )),.UNSPECIFIED.,.F.,.F.,.F.,(2,2),(2,2),(-2.822942742818E-02,0.),(
    0.,1.E-02),.PIECEWISE_BEZIER_KNOTS.);
#8599 = CARTESIAN_POINT('',(-0.256957868167,-1.005,0.450244827549));
#8600 = CARTESIAN_POINT('',(-0.256957868167,-0.995,0.450244827549));
#8601 = CARTESIAN_POINT('',(-0.228728440739,-1.005,0.450244827549));
#8602 = CARTESIAN_POINT('',(-0.228728440739,-0.995,0.450244827549));
#8603 = ADVANCED_FACE('',(#8604),#8614,.F.);
#8604 = FACE_BOUND('',#8605,.T.);
#8605 = EDGE_LOOP('',(#8606,#8607,#8612,#8613));
#8606 = ORIENTED_EDGE('',*,*,#8411,.T.);
#8607 = ORIENTED_EDGE('',*,*,#8608,.F.);
#8608 = EDGE_CURVE('',#8328,#8405,#8609,.T.);
#8609 = B_SPLINE_CURVE_WITH_KNOTS('',1,(#8610,#8611),.UNSPECIFIED.,.F.,
  .F.,(2,2),(0.,1.E-02),.PIECEWISE_BEZIER_KNOTS.);
#8610 = CARTESIAN_POINT('',(-0.221814050595,-1.005,0.431702478041));
#8611 = CARTESIAN_POINT('',(-0.221814050595,-0.995,0.431702478041));
#8612 = ORIENTED_EDGE('',*,*,#8327,.F.);
#8613 = ORIENTED_EDGE('',*,*,#8592,.T.);
#8614 = B_SPLINE_SURFACE_WITH_KNOTS('',1,1,(
    (#8615,#8616)
    ,(#8617,#8618
    )),.UNSPECIFIED.,.F.,.F.,.F.,(2,2),(2,2),(-1.978958100401E-02,0.),(
    0.,1.E-02),.PIECEWISE_BEZIER_KNOTS.);
#8615 = CARTESIAN_POINT('',(-0.228728440739,-1.005,0.450244827549));
#8616 = CARTESIAN_POINT('',(-0.228728440739,-0.995,0.450244827549));
#8617 = CARTESIAN_POINT('',(-0.221814050595,-1.005,0.431702478041));
#8618 = CARTESIAN_POINT('',(-0.221814050595,-0.995,0.431702478041));
#8619 = ADVANCED_FACE('',(#8620),#8626,.F.);
#8620 = FACE_BOUND('',#8621,.T.);
#8621 = EDGE_LOOP('',(#8622,#8623,#8624,#8625));
#8622 = ORIENTED_EDGE('',*,*,#8404,.T.);
#8623 = ORIENTED_EDGE('',*,*,#8514,.F.);
#8624 = ORIENTED_EDGE('',*,*,#8334,.F.);
#8625 = ORIENTED_EDGE('',*,*,#8608,.T.);
#8626 = B_SPLINE_SURFACE_WITH_KNOTS('',1,1,(
    (#8627,#8628)
    ,(#8629,#8630
    )),.UNSPECIFIED.,.F.,.F.,.F.,(2,2),(2,2),(-9.669748621356E-03,0.),(
    0.,1.E-02),.PIECEWISE_BEZIER_KNOTS.);
#8627 = CARTESIAN_POINT('',(-0.221814050595,-1.005,0.431702478041));
#8628 = CARTESIAN_POINT('',(-0.221814050595,-0.995,0.431702478041));
#8629 = CARTESIAN_POINT('',(-0.212144301974,-1.005,0.431702478041));
#8630 = CARTESIAN_POINT('',(-0.212144301974,-0.995,0.431702478041));
#8631 = ADVANCED_FACE('',(#8632),#8646,.T.);
#8632 = FACE_BOUND('',#8633,.T.);
#8633 = EDGE_LOOP('',(#8634,#8635,#8640,#8641));
#8634 = ORIENTED_EDGE('',*,*,#8462,.F.);
#8635 = ORIENTED_EDGE('',*,*,#8636,.F.);
#8636 = EDGE_CURVE('',#8342,#8456,#8637,.T.);
#8637 = B_SPLINE_CURVE_WITH_KNOTS('',1,(#8638,#8639),.UNSPECIFIED.,.F.,
  .F.,(2,2),(0.,1.E-02),.PIECEWISE_BEZIER_KNOTS.);
#8638 = CARTESIAN_POINT('',(-0.25418518039,-1.005,0.457904377532));
#8639 = CARTESIAN_POINT('',(-0.25418518039,-0.995,0.457904377532));
#8640 = ORIENTED_EDGE('',*,*,#8341,.T.);
#8641 = ORIENTED_EDGE('',*,*,#8642,.T.);
#8642 = EDGE_CURVE('',#8344,#8463,#8643,.T.);
#8643 = B_SPLINE_CURVE_WITH_KNOTS('',1,(#8644,#8645),.UNSPECIFIED.,.F.,
  .F.,(2,2),(0.,1.E-02),.PIECEWISE_BEZIER_KNOTS.);
#8644 = CARTESIAN_POINT('',(-0.231431811321,-1.005,0.457904377532));
#8645 = CARTESIAN_POINT('',(-0.231431811321,-0.995,0.457904377532));
#8646 = B_SPLINE_SURFACE_WITH_KNOTS('',1,1,(
    (#8647,#8648)
    ,(#8649,#8650
    )),.UNSPECIFIED.,.F.,.F.,.F.,(2,2),(2,2),(0.,2.275336906869E-02),(0.
    ,1.E-02),.PIECEWISE_BEZIER_KNOTS.);
#8647 = CARTESIAN_POINT('',(-0.25418518039,-1.005,0.457904377532));
#8648 = CARTESIAN_POINT('',(-0.25418518039,-0.995,0.457904377532));
#8649 = CARTESIAN_POINT('',(-0.231431811321,-1.005,0.457904377532));
#8650 = CARTESIAN_POINT('',(-0.231431811321,-0.995,0.457904377532));
#8651 = ADVANCED_FACE('',(#8652),#8662,.T.);
#8652 = FACE_BOUND('',#8653,.T.);
#8653 = EDGE_LOOP('',(#8654,#8655,#8656,#8657));
#8654 = ORIENTED_EDGE('',*,*,#8469,.F.);
#8655 = ORIENTED_EDGE('',*,*,#8642,.F.);
#8656 = ORIENTED_EDGE('',*,*,#8382,.T.);
#8657 = ORIENTED_EDGE('',*,*,#8658,.T.);
#8658 = EDGE_CURVE('',#8374,#8470,#8659,.T.);
#8659 = B_SPLINE_CURVE_WITH_KNOTS('',1,(#8660,#8661),.UNSPECIFIED.,.F.,
  .F.,(2,2),(0.,1.E-02),.PIECEWISE_BEZIER_KNOTS.);
#8660 = CARTESIAN_POINT('',(-0.241673426797,-1.005,0.486081817065));
#8661 = CARTESIAN_POINT('',(-0.241673426797,-0.995,0.486081817065));
#8662 = B_SPLINE_SURFACE_WITH_KNOTS('',1,1,(
    (#8663,#8664)
    ,(#8665,#8666
    )),.UNSPECIFIED.,.F.,.F.,.F.,(2,2),(2,2),(0.,2.998097373607E-02),(0.
    ,1.E-02),.PIECEWISE_BEZIER_KNOTS.);
#8663 = CARTESIAN_POINT('',(-0.231431811321,-1.005,0.457904377532));
#8664 = CARTESIAN_POINT('',(-0.231431811321,-0.995,0.457904377532));
#8665 = CARTESIAN_POINT('',(-0.241673426797,-1.005,0.486081817065));
#8666 = CARTESIAN_POINT('',(-0.241673426797,-0.995,0.486081817065));
#8667 = ADVANCED_FACE('',(#8668),#8678,.T.);
#8668 = FACE_BOUND('',#8669,.T.);
#8669 = EDGE_LOOP('',(#8670,#8671,#8672,#8673));
#8670 = ORIENTED_EDGE('',*,*,#8476,.F.);
#8671 = ORIENTED_EDGE('',*,*,#8658,.F.);
#8672 = ORIENTED_EDGE('',*,*,#8373,.T.);
#8673 = ORIENTED_EDGE('',*,*,#8674,.T.);
#8674 = EDGE_CURVE('',#8367,#8477,#8675,.T.);
#8675 = B_SPLINE_CURVE_WITH_KNOTS('',1,(#8676,#8677),.UNSPECIFIED.,.F.,
  .F.,(2,2),(0.,1.E-02),.PIECEWISE_BEZIER_KNOTS.);
#8676 = CARTESIAN_POINT('',(-0.242730514012,-1.005,0.490830044882));
#8677 = CARTESIAN_POINT('',(-0.242730514012,-0.995,0.490830044882));
#8678 = B_SPLINE_SURFACE_WITH_KNOTS('',3,1,(
    (#8679,#8680)
    ,(#8681,#8682)
    ,(#8683,#8684)
    ,(#8685,#8686
    )),.UNSPECIFIED.,.F.,.F.,.F.,(4,4),(2,2),(1.,2.),(0.,1.),
  .PIECEWISE_BEZIER_KNOTS.);
#8679 = CARTESIAN_POINT('',(-0.241673426797,-1.005,0.486081817065));
#8680 = CARTESIAN_POINT('',(-0.241673426797,-0.995,0.486081817065));
#8681 = CARTESIAN_POINT('',(-0.242002683471,-1.005,0.487017599189));
#8682 = CARTESIAN_POINT('',(-0.242002683471,-0.995,0.487017599189));
#8683 = CARTESIAN_POINT('',(-0.242349269443,-1.005,0.488577236064));
#8684 = CARTESIAN_POINT('',(-0.242349269443,-0.995,0.488577236064));
#8685 = CARTESIAN_POINT('',(-0.242730514012,-1.005,0.490830044882));
#8686 = CARTESIAN_POINT('',(-0.242730514012,-0.995,0.490830044882));
#8687 = ADVANCED_FACE('',(#8688),#8698,.T.);
#8688 = FACE_BOUND('',#8689,.T.);
#8689 = EDGE_LOOP('',(#8690,#8691,#8692,#8693));
#8690 = ORIENTED_EDGE('',*,*,#8485,.F.);
#8691 = ORIENTED_EDGE('',*,*,#8674,.F.);
#8692 = ORIENTED_EDGE('',*,*,#8366,.T.);
#8693 = ORIENTED_EDGE('',*,*,#8694,.T.);
#8694 = EDGE_CURVE('',#8358,#8486,#8695,.T.);
#8695 = B_SPLINE_CURVE_WITH_KNOTS('',1,(#8696,#8697),.UNSPECIFIED.,.F.,
  .F.,(2,2),(0.,1.E-02),.PIECEWISE_BEZIER_KNOTS.);
#8696 = CARTESIAN_POINT('',(-0.242938465596,-1.005,0.490830044882));
#8697 = CARTESIAN_POINT('',(-0.242938465596,-0.995,0.490830044882));
#8698 = B_SPLINE_SURFACE_WITH_KNOTS('',1,1,(
    (#8699,#8700)
    ,(#8701,#8702
    )),.UNSPECIFIED.,.F.,.F.,.F.,(2,2),(2,2),(5.551115123126E-17,
    2.07951583489E-04),(0.,1.E-02),.PIECEWISE_BEZIER_KNOTS.);
#8699 = CARTESIAN_POINT('',(-0.242730514012,-1.005,0.490830044882));
#8700 = CARTESIAN_POINT('',(-0.242730514012,-0.995,0.490830044882));
#8701 = CARTESIAN_POINT('',(-0.242938465596,-1.005,0.490830044882));
#8702 = CARTESIAN_POINT('',(-0.242938465596,-0.995,0.490830044882));
#8703 = ADVANCED_FACE('',(#8704),#8714,.T.);
#8704 = FACE_BOUND('',#8705,.T.);
#8705 = EDGE_LOOP('',(#8706,#8707,#8708,#8709));
#8706 = ORIENTED_EDGE('',*,*,#8492,.F.);
#8707 = ORIENTED_EDGE('',*,*,#8694,.F.);
#8708 = ORIENTED_EDGE('',*,*,#8357,.T.);
#8709 = ORIENTED_EDGE('',*,*,#8710,.T.);
#8710 = EDGE_CURVE('',#8351,#8454,#8711,.T.);
#8711 = B_SPLINE_CURVE_WITH_KNOTS('',1,(#8712,#8713),.UNSPECIFIED.,.F.,
  .F.,(2,2),(0.,1.E-02),.PIECEWISE_BEZIER_KNOTS.);
#8712 = CARTESIAN_POINT('',(-0.244047540706,-1.005,0.486081817065));
#8713 = CARTESIAN_POINT('',(-0.244047540706,-0.995,0.486081817065));
#8714 = B_SPLINE_SURFACE_WITH_KNOTS('',3,1,(
    (#8715,#8716)
    ,(#8717,#8718)
    ,(#8719,#8720)
    ,(#8721,#8722
    )),.UNSPECIFIED.,.F.,.F.,.F.,(4,4),(2,2),(3.,4.),(0.,1.),
  .PIECEWISE_BEZIER_KNOTS.);
#8715 = CARTESIAN_POINT('',(-0.242938465596,-1.005,0.490830044882));
#8716 = CARTESIAN_POINT('',(-0.242938465596,-0.995,0.490830044882));
#8717 = CARTESIAN_POINT('',(-0.243267722269,-1.005,0.488785187647));
#8718 = CARTESIAN_POINT('',(-0.243267722269,-0.995,0.488785187647));
#8719 = CARTESIAN_POINT('',(-0.243631637539,-1.005,0.487190892175));
#8720 = CARTESIAN_POINT('',(-0.243631637539,-0.995,0.487190892175));
#8721 = CARTESIAN_POINT('',(-0.244047540706,-1.005,0.486081817065));
#8722 = CARTESIAN_POINT('',(-0.244047540706,-0.995,0.486081817065));
#8723 = ADVANCED_FACE('',(#8724),#8730,.T.);
#8724 = FACE_BOUND('',#8725,.T.);
#8725 = EDGE_LOOP('',(#8726,#8727,#8728,#8729));
#8726 = ORIENTED_EDGE('',*,*,#8453,.F.);
#8727 = ORIENTED_EDGE('',*,*,#8710,.F.);
#8728 = ORIENTED_EDGE('',*,*,#8350,.T.);
#8729 = ORIENTED_EDGE('',*,*,#8636,.T.);
#8730 = B_SPLINE_SURFACE_WITH_KNOTS('',1,1,(
    (#8731,#8732)
    ,(#8733,#8734
    )),.UNSPECIFIED.,.F.,.F.,.F.,(2,2),(2,2),(0.,2.994561465321E-02),(0.
    ,1.E-02),.PIECEWISE_BEZIER_KNOTS.);
#8731 = CARTESIAN_POINT('',(-0.244047540706,-1.005,0.486081817065));
#8732 = CARTESIAN_POINT('',(-0.244047540706,-0.995,0.486081817065));
#8733 = CARTESIAN_POINT('',(-0.25418518039,-1.005,0.457904377532));
#8734 = CARTESIAN_POINT('',(-0.25418518039,-0.995,0.457904377532));
#8735 = MANIFOLD_SOLID_BREP('',#8736);
#8736 = CLOSED_SHELL('',(#8737,#9057,#9377,#9401,#9421,#9441,#9461,#9481
    ,#9501,#9521,#9541,#9561,#9581,#9601,#9621,#9637,#9653,#9669,#9685,
    #9705,#9725,#9745,#9765,#9785,#9805,#9825,#9841,#9861,#9881,#9897,
    #9917,#9937,#9957,#9973,#9993,#10009,#10039));
#8737 = ADVANCED_FACE('',(#8738,#9027),#9052,.F.);
#8738 = FACE_BOUND('',#8739,.T.);
#8739 = EDGE_LOOP('',(#8740,#8751,#8760,#8769,#8778,#8787,#8796,#8805,
    #8814,#8823,#8832,#8841,#8850,#8859,#8866,#8873,#8880,#8889,#8898,
    #8907,#8916,#8925,#8934,#8943,#8952,#8961,#8970,#8977,#8986,#8995,
    #9004,#9011,#9020));
#8740 = ORIENTED_EDGE('',*,*,#8741,.T.);
#8741 = EDGE_CURVE('',#8742,#8744,#8746,.T.);
#8742 = VERTEX_POINT('',#8743);
#8743 = CARTESIAN_POINT('',(-0.624631034043,-1.005,0.498946764854));
#8744 = VERTEX_POINT('',#8745);
#8745 = CARTESIAN_POINT('',(-0.672348599639,-1.005,0.562088188088));
#8746 = B_SPLINE_CURVE_WITH_KNOTS('',3,(#8747,#8748,#8749,#8750),
  .UNSPECIFIED.,.F.,.F.,(4,4),(35.,36.),.PIECEWISE_BEZIER_KNOTS.);
#8747 = CARTESIAN_POINT('',(-0.624631034043,-1.005,0.498946764854));
#8748 = CARTESIAN_POINT('',(-0.625113022411,-1.005,0.527866489879));
#8749 = CARTESIAN_POINT('',(-0.644874858108,-1.005,0.553412268741));
#8750 = CARTESIAN_POINT('',(-0.672348599639,-1.005,0.562088188088));
#8751 = ORIENTED_EDGE('',*,*,#8752,.T.);
#8752 = EDGE_CURVE('',#8744,#8753,#8755,.T.);
#8753 = VERTEX_POINT('',#8754);
#8754 = CARTESIAN_POINT('',(-0.698376376064,-1.005,0.600165850706));
#8755 = B_SPLINE_CURVE_WITH_KNOTS('',3,(#8756,#8757,#8758,#8759),
  .UNSPECIFIED.,.F.,.F.,(4,4),(0.,1.),.PIECEWISE_BEZIER_KNOTS.);
#8756 = CARTESIAN_POINT('',(-0.672348599639,-1.005,0.562088188088));
#8757 = CARTESIAN_POINT('',(-0.677650545243,-1.005,0.576548059793));
#8758 = CARTESIAN_POINT('',(-0.686808471345,-1.005,0.589561943409));
#8759 = CARTESIAN_POINT('',(-0.698376376064,-1.005,0.600165850706));
#8760 = ORIENTED_EDGE('',*,*,#8761,.T.);
#8761 = EDGE_CURVE('',#8753,#8762,#8764,.T.);
#8762 = VERTEX_POINT('',#8763);
#8763 = CARTESIAN_POINT('',(-0.763927787109,-1.005,0.625229629708));
#8764 = B_SPLINE_CURVE_WITH_KNOTS('',3,(#8765,#8766,#8767,#8768),
  .UNSPECIFIED.,.F.,.F.,(4,4),(1.,2.),.PIECEWISE_BEZIER_KNOTS.);
#8765 = CARTESIAN_POINT('',(-0.698376376064,-1.005,0.600165850706));
#8766 = CARTESIAN_POINT('',(-0.716692209881,-1.005,0.616071711076));
#8767 = CARTESIAN_POINT('',(-0.739828000933,-1.005,0.625229629708));
#8768 = CARTESIAN_POINT('',(-0.763927787109,-1.005,0.625229629708));
#8769 = ORIENTED_EDGE('',*,*,#8770,.T.);
#8770 = EDGE_CURVE('',#8762,#8771,#8773,.T.);
#8771 = VERTEX_POINT('',#8772);
#8772 = CARTESIAN_POINT('',(-0.821767273932,-1.005,0.606431796031));
#8773 = B_SPLINE_CURVE_WITH_KNOTS('',3,(#8774,#8775,#8776,#8777),
  .UNSPECIFIED.,.F.,.F.,(4,4),(2.,3.),.PIECEWISE_BEZIER_KNOTS.);
#8774 = CARTESIAN_POINT('',(-0.763927787109,-1.005,0.625229629708));
#8775 = CARTESIAN_POINT('',(-0.785135597105,-1.005,0.625229629708));
#8776 = CARTESIAN_POINT('',(-0.804897423609,-1.005,0.618481689694));
#8777 = CARTESIAN_POINT('',(-0.821767273932,-1.005,0.606431796031));
#8778 = ORIENTED_EDGE('',*,*,#8779,.T.);
#8779 = EDGE_CURVE('',#8771,#8780,#8782,.T.);
#8780 = VERTEX_POINT('',#8781);
#8781 = CARTESIAN_POINT('',(-0.842975083928,-1.005,0.585223983736));
#8782 = B_SPLINE_CURVE_WITH_KNOTS('',3,(#8783,#8784,#8785,#8786),
  .UNSPECIFIED.,.F.,.F.,(4,4),(3.,4.),.PIECEWISE_BEZIER_KNOTS.);
#8783 = CARTESIAN_POINT('',(-0.821767273932,-1.005,0.606431796031));
#8784 = CARTESIAN_POINT('',(-0.829961204909,-1.005,0.60064784597));
#8785 = CARTESIAN_POINT('',(-0.8367091432,-1.005,0.593417910117));
#8786 = CARTESIAN_POINT('',(-0.842975083928,-1.005,0.585223983736));
#8787 = ORIENTED_EDGE('',*,*,#8788,.T.);
#8788 = EDGE_CURVE('',#8780,#8789,#8791,.T.);
#8789 = VERTEX_POINT('',#8790);
#8790 = CARTESIAN_POINT('',(-0.854060981892,-1.005,0.586187974264));
#8791 = B_SPLINE_CURVE_WITH_KNOTS('',3,(#8792,#8793,#8794,#8795),
  .UNSPECIFIED.,.F.,.F.,(4,4),(4.,5.),.PIECEWISE_BEZIER_KNOTS.);
#8792 = CARTESIAN_POINT('',(-0.842975083928,-1.005,0.585223983736));
#8793 = CARTESIAN_POINT('',(-0.846831046039,-1.005,0.585705981298));
#8794 = CARTESIAN_POINT('',(-0.850205019781,-1.005,0.586187974264));
#8795 = CARTESIAN_POINT('',(-0.854060981892,-1.005,0.586187974264));
#8796 = ORIENTED_EDGE('',*,*,#8797,.T.);
#8797 = EDGE_CURVE('',#8789,#8798,#8800,.T.);
#8798 = VERTEX_POINT('',#8799);
#8799 = CARTESIAN_POINT('',(-0.909490490097,-1.005,0.563052178615));
#8800 = B_SPLINE_CURVE_WITH_KNOTS('',3,(#8801,#8802,#8803,#8804),
  .UNSPECIFIED.,.F.,.F.,(4,4),(5.,6.),.PIECEWISE_BEZIER_KNOTS.);
#8801 = CARTESIAN_POINT('',(-0.854060981892,-1.005,0.586187974264));
#8802 = CARTESIAN_POINT('',(-0.874786798923,-1.005,0.586187974264));
#8803 = CARTESIAN_POINT('',(-0.89454862083,-1.005,0.577994047884));
#8804 = CARTESIAN_POINT('',(-0.909490490097,-1.005,0.563052178615));
#8805 = ORIENTED_EDGE('',*,*,#8806,.T.);
#8806 = EDGE_CURVE('',#8798,#8807,#8809,.T.);
#8807 = VERTEX_POINT('',#8808);
#8808 = CARTESIAN_POINT('',(-0.932144301974,-1.005,0.508104672569));
#8809 = B_SPLINE_CURVE_WITH_KNOTS('',3,(#8810,#8811,#8812,#8813),
  .UNSPECIFIED.,.F.,.F.,(4,4),(6.,7.),.PIECEWISE_BEZIER_KNOTS.);
#8810 = CARTESIAN_POINT('',(-0.909490490097,-1.005,0.563052178615));
#8811 = CARTESIAN_POINT('',(-0.923950374444,-1.005,0.548592311506));
#8812 = CARTESIAN_POINT('',(-0.932144301974,-1.005,0.528830485003));
#8813 = CARTESIAN_POINT('',(-0.932144301974,-1.005,0.508104672569));
#8814 = ORIENTED_EDGE('',*,*,#8815,.T.);
#8815 = EDGE_CURVE('',#8807,#8816,#8818,.T.);
#8816 = VERTEX_POINT('',#8817);
#8817 = CARTESIAN_POINT('',(-0.911900482505,-1.005,0.455567149737));
#8818 = B_SPLINE_CURVE_WITH_KNOTS('',3,(#8819,#8820,#8821,#8822),
  .UNSPECIFIED.,.F.,.F.,(4,4),(7.,8.),.PIECEWISE_BEZIER_KNOTS.);
#8819 = CARTESIAN_POINT('',(-0.932144301974,-1.005,0.508104672569));
#8820 = CARTESIAN_POINT('',(-0.932144301974,-1.005,0.488824843628));
#8821 = CARTESIAN_POINT('',(-0.924914366121,-1.005,0.470027003056));
#8822 = CARTESIAN_POINT('',(-0.911900482505,-1.005,0.455567149737));
#8823 = ORIENTED_EDGE('',*,*,#8824,.T.);
#8824 = EDGE_CURVE('',#8816,#8825,#8827,.T.);
#8825 = VERTEX_POINT('',#8826);
#8826 = CARTESIAN_POINT('',(-0.873340824623,-1.005,0.432431358685));
#8827 = B_SPLINE_CURVE_WITH_KNOTS('',3,(#8828,#8829,#8830,#8831),
  .UNSPECIFIED.,.F.,.F.,(4,4),(8.,9.),.PIECEWISE_BEZIER_KNOTS.);
#8828 = CARTESIAN_POINT('',(-0.911900482505,-1.005,0.455567149737));
#8829 = CARTESIAN_POINT('',(-0.901296577507,-1.005,0.443999245017));
#8830 = CARTESIAN_POINT('',(-0.888282689294,-1.005,0.436287320796));
#8831 = CARTESIAN_POINT('',(-0.873340824623,-1.005,0.432431358685));
#8832 = ORIENTED_EDGE('',*,*,#8833,.T.);
#8833 = EDGE_CURVE('',#8825,#8834,#8836,.T.);
#8834 = VERTEX_POINT('',#8835);
#8835 = CARTESIAN_POINT('',(-0.827551226292,-1.005,0.399655653163));
#8836 = B_SPLINE_CURVE_WITH_KNOTS('',3,(#8837,#8838,#8839,#8840),
  .UNSPECIFIED.,.F.,.F.,(4,4),(9.,10.),.PIECEWISE_BEZIER_KNOTS.);
#8837 = CARTESIAN_POINT('',(-0.873340824623,-1.005,0.432431358685));
#8838 = CARTESIAN_POINT('',(-0.867074879298,-1.005,0.413151529744));
#8839 = CARTESIAN_POINT('',(-0.848759045481,-1.005,0.399655653163));
#8840 = CARTESIAN_POINT('',(-0.827551226292,-1.005,0.399655653163));
#8841 = ORIENTED_EDGE('',*,*,#8842,.T.);
#8842 = EDGE_CURVE('',#8834,#8843,#8845,.T.);
#8843 = VERTEX_POINT('',#8844);
#8844 = CARTESIAN_POINT('',(-0.779351653939,-1.005,0.447855225515));
#8845 = B_SPLINE_CURVE_WITH_KNOTS('',3,(#8846,#8847,#8848,#8849),
  .UNSPECIFIED.,.F.,.F.,(4,4),(10.,11.),.PIECEWISE_BEZIER_KNOTS.);
#8846 = CARTESIAN_POINT('',(-0.827551226292,-1.005,0.399655653163));
#8847 = CARTESIAN_POINT('',(-0.801041461498,-1.005,0.399655653163));
#8848 = CARTESIAN_POINT('',(-0.779351653939,-1.005,0.421345460721));
#8849 = CARTESIAN_POINT('',(-0.779351653939,-1.005,0.447855225515));
#8850 = ORIENTED_EDGE('',*,*,#8851,.T.);
#8851 = EDGE_CURVE('',#8843,#8852,#8854,.T.);
#8852 = VERTEX_POINT('',#8853);
#8853 = CARTESIAN_POINT('',(-0.779351653939,-1.005,0.452675182751));
#8854 = B_SPLINE_CURVE_WITH_KNOTS('',3,(#8855,#8856,#8857,#8858),
  .UNSPECIFIED.,.F.,.F.,(4,4),(11.,12.),.PIECEWISE_BEZIER_KNOTS.);
#8855 = CARTESIAN_POINT('',(-0.779351653939,-1.005,0.447855225515));
#8856 = CARTESIAN_POINT('',(-0.779351653939,-1.005,0.449301209008));
#8857 = CARTESIAN_POINT('',(-0.779351653939,-1.005,0.450747192502));
#8858 = CARTESIAN_POINT('',(-0.779351653939,-1.005,0.452675182751));
#8859 = ORIENTED_EDGE('',*,*,#8860,.T.);
#8860 = EDGE_CURVE('',#8852,#8861,#8863,.T.);
#8861 = VERTEX_POINT('',#8862);
#8862 = CARTESIAN_POINT('',(-0.711872252646,-1.005,0.488342864453));
#8863 = B_SPLINE_CURVE_WITH_KNOTS('',1,(#8864,#8865),.UNSPECIFIED.,.F.,
  .F.,(2,2),(-7.221349039528E-17,7.632596620359E-02),
  .PIECEWISE_BEZIER_KNOTS.);
#8864 = CARTESIAN_POINT('',(-0.779351653939,-1.005,0.452675182751));
#8865 = CARTESIAN_POINT('',(-0.711872252646,-1.005,0.488342864453));
#8866 = ORIENTED_EDGE('',*,*,#8867,.T.);
#8867 = EDGE_CURVE('',#8861,#8868,#8870,.T.);
#8868 = VERTEX_POINT('',#8869);
#8869 = CARTESIAN_POINT('',(-0.72681411272,-1.005,0.513888643315));
#8870 = B_SPLINE_CURVE_WITH_KNOTS('',1,(#8871,#8872),.UNSPECIFIED.,.F.,
  .F.,(2,2),(0.,2.959469547388E-02),.PIECEWISE_BEZIER_KNOTS.);
#8871 = CARTESIAN_POINT('',(-0.711872252646,-1.005,0.488342864453));
#8872 = CARTESIAN_POINT('',(-0.72681411272,-1.005,0.513888643315));
#8873 = ORIENTED_EDGE('',*,*,#8874,.T.);
#8874 = EDGE_CURVE('',#8868,#8875,#8877,.T.);
#8875 = VERTEX_POINT('',#8876);
#8876 = CARTESIAN_POINT('',(-0.791401537834,-1.005,0.480148942669));
#8877 = B_SPLINE_CURVE_WITH_KNOTS('',1,(#8878,#8879),.UNSPECIFIED.,.F.,
  .F.,(2,2),(0.,7.286908042864E-02),.PIECEWISE_BEZIER_KNOTS.);
#8878 = CARTESIAN_POINT('',(-0.72681411272,-1.005,0.513888643315));
#8879 = CARTESIAN_POINT('',(-0.791401537834,-1.005,0.480148942669));
#8880 = ORIENTED_EDGE('',*,*,#8881,.T.);
#8881 = EDGE_CURVE('',#8875,#8882,#8884,.T.);
#8882 = VERTEX_POINT('',#8883);
#8883 = CARTESIAN_POINT('',(-0.827551217098,-1.005,0.49653679543));
#8884 = B_SPLINE_CURVE_WITH_KNOTS('',3,(#8885,#8886,#8887,#8888),
  .UNSPECIFIED.,.F.,.F.,(4,4),(15.,16.),.PIECEWISE_BEZIER_KNOTS.);
#8885 = CARTESIAN_POINT('',(-0.791401537834,-1.005,0.480148942669));
#8886 = CARTESIAN_POINT('',(-0.80007745718,-1.005,0.490270854701));
#8887 = CARTESIAN_POINT('',(-0.813091345393,-1.005,0.49653679543));
#8888 = CARTESIAN_POINT('',(-0.827551217098,-1.005,0.49653679543));
#8889 = ORIENTED_EDGE('',*,*,#8890,.T.);
#8890 = EDGE_CURVE('',#8882,#8891,#8893,.T.);
#8891 = VERTEX_POINT('',#8892);
#8892 = CARTESIAN_POINT('',(-0.872858813271,-1.005,0.464725075839));
#8893 = B_SPLINE_CURVE_WITH_KNOTS('',3,(#8894,#8895,#8896,#8897),
  .UNSPECIFIED.,.F.,.F.,(4,4),(16.,17.),.PIECEWISE_BEZIER_KNOTS.);
#8894 = CARTESIAN_POINT('',(-0.827551217098,-1.005,0.49653679543));
#8895 = CARTESIAN_POINT('',(-0.848277038726,-1.005,0.49653679543));
#8896 = CARTESIAN_POINT('',(-0.86611087498,-1.005,0.483040918849));
#8897 = CARTESIAN_POINT('',(-0.872858813271,-1.005,0.464725075839));
#8898 = ORIENTED_EDGE('',*,*,#8899,.T.);
#8899 = EDGE_CURVE('',#8891,#8900,#8902,.T.);
#8900 = VERTEX_POINT('',#8901);
#8901 = CARTESIAN_POINT('',(-0.901778556682,-1.005,0.50906868608));
#8902 = B_SPLINE_CURVE_WITH_KNOTS('',3,(#8903,#8904,#8905,#8906),
  .UNSPECIFIED.,.F.,.F.,(4,4),(17.,18.),.PIECEWISE_BEZIER_KNOTS.);
#8903 = CARTESIAN_POINT('',(-0.872858813271,-1.005,0.464725075839));
#8904 = CARTESIAN_POINT('',(-0.889728663594,-1.005,0.472437009253));
#8905 = CARTESIAN_POINT('',(-0.901778556682,-1.005,0.489306859577));
#8906 = CARTESIAN_POINT('',(-0.901778556682,-1.005,0.50906868608));
#8907 = ORIENTED_EDGE('',*,*,#8908,.T.);
#8908 = EDGE_CURVE('',#8900,#8909,#8911,.T.);
#8909 = VERTEX_POINT('',#8910);
#8910 = CARTESIAN_POINT('',(-0.85357898433,-1.005,0.557268258432));
#8911 = B_SPLINE_CURVE_WITH_KNOTS('',3,(#8912,#8913,#8914,#8915),
  .UNSPECIFIED.,.F.,.F.,(4,4),(18.,19.),.PIECEWISE_BEZIER_KNOTS.);
#8912 = CARTESIAN_POINT('',(-0.901778556682,-1.005,0.50906868608));
#8913 = CARTESIAN_POINT('',(-0.901778556682,-1.005,0.535578450874));
#8914 = CARTESIAN_POINT('',(-0.880088749124,-1.005,0.557268258432));
#8915 = CARTESIAN_POINT('',(-0.85357898433,-1.005,0.557268258432));
#8916 = ORIENTED_EDGE('',*,*,#8917,.T.);
#8917 = EDGE_CURVE('',#8909,#8918,#8920,.T.);
#8918 = VERTEX_POINT('',#8919);
#8919 = CARTESIAN_POINT('',(-0.828033214661,-1.005,0.550038322579));
#8920 = B_SPLINE_CURVE_WITH_KNOTS('',3,(#8921,#8922,#8923,#8924),
  .UNSPECIFIED.,.F.,.F.,(4,4),(19.,20.),.PIECEWISE_BEZIER_KNOTS.);
#8921 = CARTESIAN_POINT('',(-0.85357898433,-1.005,0.557268258432));
#8922 = CARTESIAN_POINT('',(-0.844421067422,-1.005,0.557268258432));
#8923 = CARTESIAN_POINT('',(-0.835263150513,-1.005,0.554376282253));
#8924 = CARTESIAN_POINT('',(-0.828033214661,-1.005,0.550038322579));
#8925 = ORIENTED_EDGE('',*,*,#8926,.T.);
#8926 = EDGE_CURVE('',#8918,#8927,#8929,.T.);
#8927 = VERTEX_POINT('',#8928);
#8928 = CARTESIAN_POINT('',(-0.76344579874,-1.005,0.596309886297));
#8929 = B_SPLINE_CURVE_WITH_KNOTS('',3,(#8930,#8931,#8932,#8933),
  .UNSPECIFIED.,.F.,.F.,(4,4),(20.,21.),.PIECEWISE_BEZIER_KNOTS.);
#8930 = CARTESIAN_POINT('',(-0.828033214661,-1.005,0.550038322579));
#8931 = CARTESIAN_POINT('',(-0.818875306946,-1.005,0.577030057356));
#8932 = CARTESIAN_POINT('',(-0.793811525645,-1.005,0.596309886297));
#8933 = CARTESIAN_POINT('',(-0.76344579874,-1.005,0.596309886297));
#8934 = ORIENTED_EDGE('',*,*,#8935,.T.);
#8935 = EDGE_CURVE('',#8927,#8936,#8938,.T.);
#8936 = VERTEX_POINT('',#8937);
#8937 = CARTESIAN_POINT('',(-0.695966397447,-1.005,0.536060420856));
#8938 = B_SPLINE_CURVE_WITH_KNOTS('',3,(#8939,#8940,#8941,#8942),
  .UNSPECIFIED.,.F.,.F.,(4,4),(21.,22.),.PIECEWISE_BEZIER_KNOTS.);
#8939 = CARTESIAN_POINT('',(-0.76344579874,-1.005,0.596309886297));
#8940 = CARTESIAN_POINT('',(-0.728742102969,-1.005,0.596309886297));
#8941 = CARTESIAN_POINT('',(-0.699822359558,-1.005,0.569800121503));
#8942 = CARTESIAN_POINT('',(-0.695966397447,-1.005,0.536060420856));
#8943 = ORIENTED_EDGE('',*,*,#8944,.T.);
#8944 = EDGE_CURVE('',#8936,#8945,#8947,.T.);
#8945 = VERTEX_POINT('',#8946);
#8946 = CARTESIAN_POINT('',(-0.692110435336,-1.005,0.536060420856));
#8947 = B_SPLINE_CURVE_WITH_KNOTS('',3,(#8948,#8949,#8950,#8951),
  .UNSPECIFIED.,.F.,.F.,(4,4),(22.,23.),.PIECEWISE_BEZIER_KNOTS.);
#8948 = CARTESIAN_POINT('',(-0.695966397447,-1.005,0.536060420856));
#8949 = CARTESIAN_POINT('',(-0.694520413954,-1.005,0.536060420856));
#8950 = CARTESIAN_POINT('',(-0.693556418829,-1.005,0.536060420856));
#8951 = CARTESIAN_POINT('',(-0.692110435336,-1.005,0.536060420856));
#8952 = ORIENTED_EDGE('',*,*,#8953,.T.);
#8953 = EDGE_CURVE('',#8945,#8954,#8956,.T.);
#8954 = VERTEX_POINT('',#8955);
#8955 = CARTESIAN_POINT('',(-0.654514772578,-1.005,0.498464758099));
#8956 = B_SPLINE_CURVE_WITH_KNOTS('',3,(#8957,#8958,#8959,#8960),
  .UNSPECIFIED.,.F.,.F.,(4,4),(23.,24.),.PIECEWISE_BEZIER_KNOTS.);
#8957 = CARTESIAN_POINT('',(-0.692110435336,-1.005,0.536060420856));
#8958 = CARTESIAN_POINT('',(-0.671384622902,-1.005,0.536060420856));
#8959 = CARTESIAN_POINT('',(-0.654514772578,-1.005,0.519190570533));
#8960 = CARTESIAN_POINT('',(-0.654514772578,-1.005,0.498464758099));
#8961 = ORIENTED_EDGE('',*,*,#8962,.T.);
#8962 = EDGE_CURVE('',#8954,#8963,#8965,.T.);
#8963 = VERTEX_POINT('',#8964);
#8964 = CARTESIAN_POINT('',(-0.689218468349,-1.005,0.460869095341));
#8965 = B_SPLINE_CURVE_WITH_KNOTS('',3,(#8966,#8967,#8968,#8969),
  .UNSPECIFIED.,.F.,.F.,(4,4),(24.,25.),.PIECEWISE_BEZIER_KNOTS.);
#8966 = CARTESIAN_POINT('',(-0.654514772578,-1.005,0.498464758099));
#8967 = CARTESIAN_POINT('',(-0.654514772578,-1.005,0.478702931595));
#8968 = CARTESIAN_POINT('',(-0.669456632653,-1.005,0.462315078834));
#8969 = CARTESIAN_POINT('',(-0.689218468349,-1.005,0.460869095341));
#8970 = ORIENTED_EDGE('',*,*,#8971,.T.);
#8971 = EDGE_CURVE('',#8963,#8972,#8974,.T.);
#8972 = VERTEX_POINT('',#8973);
#8973 = CARTESIAN_POINT('',(-0.710908275908,-1.005,0.460869095341));
#8974 = B_SPLINE_CURVE_WITH_KNOTS('',1,(#8975,#8976),.UNSPECIFIED.,.F.,
  .F.,(2,2),(1.110223024625E-16,2.168980755861E-02),
  .PIECEWISE_BEZIER_KNOTS.);
#8975 = CARTESIAN_POINT('',(-0.689218468349,-1.005,0.460869095341));
#8976 = CARTESIAN_POINT('',(-0.710908275908,-1.005,0.460869095341));
#8977 = ORIENTED_EDGE('',*,*,#8978,.T.);
#8978 = EDGE_CURVE('',#8972,#8979,#8981,.T.);
#8979 = VERTEX_POINT('',#8980);
#8980 = CARTESIAN_POINT('',(-0.713800242894,-1.005,0.46135108371));
#8981 = B_SPLINE_CURVE_WITH_KNOTS('',3,(#8982,#8983,#8984,#8985),
  .UNSPECIFIED.,.F.,.F.,(4,4),(26.,27.),.PIECEWISE_BEZIER_KNOTS.);
#8982 = CARTESIAN_POINT('',(-0.710908275908,-1.005,0.460869095341));
#8983 = CARTESIAN_POINT('',(-0.711872271032,-1.005,0.460869095341));
#8984 = CARTESIAN_POINT('',(-0.712836266157,-1.005,0.46135108371));
#8985 = CARTESIAN_POINT('',(-0.713800242894,-1.005,0.46135108371));
#8986 = ORIENTED_EDGE('',*,*,#8987,.T.);
#8987 = EDGE_CURVE('',#8979,#8988,#8990,.T.);
#8988 = VERTEX_POINT('',#8989);
#8989 = CARTESIAN_POINT('',(-0.728742102969,-1.005,0.446409223635));
#8990 = B_SPLINE_CURVE_WITH_KNOTS('',3,(#8991,#8992,#8993,#8994),
  .UNSPECIFIED.,.F.,.F.,(4,4),(27.,28.),.PIECEWISE_BEZIER_KNOTS.);
#8991 = CARTESIAN_POINT('',(-0.713800242894,-1.005,0.46135108371));
#8992 = CARTESIAN_POINT('',(-0.721994173872,-1.005,0.46135108371));
#8993 = CARTESIAN_POINT('',(-0.728742102969,-1.005,0.454603136226));
#8994 = CARTESIAN_POINT('',(-0.728742102969,-1.005,0.446409223635));
#8995 = ORIENTED_EDGE('',*,*,#8996,.T.);
#8996 = EDGE_CURVE('',#8988,#8997,#8999,.T.);
#8997 = VERTEX_POINT('',#8998);
#8998 = CARTESIAN_POINT('',(-0.714764219632,-1.005,0.43146736356));
#8999 = B_SPLINE_CURVE_WITH_KNOTS('',3,(#9000,#9001,#9002,#9003),
  .UNSPECIFIED.,.F.,.F.,(4,4),(28.,29.),.PIECEWISE_BEZIER_KNOTS.);
#9000 = CARTESIAN_POINT('',(-0.728742102969,-1.005,0.446409223635));
#9001 = CARTESIAN_POINT('',(-0.728742102969,-1.005,0.438697299414));
#9002 = CARTESIAN_POINT('',(-0.722476162241,-1.005,0.431949351929));
#9003 = CARTESIAN_POINT('',(-0.714764219632,-1.005,0.43146736356));
#9004 = ORIENTED_EDGE('',*,*,#9005,.T.);
#9005 = EDGE_CURVE('',#8997,#9006,#9008,.T.);
#9006 = VERTEX_POINT('',#9007);
#9007 = CARTESIAN_POINT('',(-0.686326482976,-1.005,0.43146736356));
#9008 = B_SPLINE_CURVE_WITH_KNOTS('',1,(#9009,#9010),.UNSPECIFIED.,.F.,
  .F.,(2,2),(-1.110223024625E-16,2.843773665606E-02),
  .PIECEWISE_BEZIER_KNOTS.);
#9009 = CARTESIAN_POINT('',(-0.714764219632,-1.005,0.43146736356));
#9010 = CARTESIAN_POINT('',(-0.686326482976,-1.005,0.43146736356));
#9011 = ORIENTED_EDGE('',*,*,#9012,.T.);
#9012 = EDGE_CURVE('',#9006,#9013,#9015,.T.);
#9013 = VERTEX_POINT('',#9014);
#9014 = CARTESIAN_POINT('',(-0.64246487949,-1.005,0.453157171119));
#9015 = B_SPLINE_CURVE_WITH_KNOTS('',3,(#9016,#9017,#9018,#9019),
  .UNSPECIFIED.,.F.,.F.,(4,4),(33.,34.),.PIECEWISE_BEZIER_KNOTS.);
#9016 = CARTESIAN_POINT('',(-0.686326482976,-1.005,0.43146736356));
#9017 = CARTESIAN_POINT('',(-0.669456632653,-1.005,0.432913347054));
#9018 = CARTESIAN_POINT('',(-0.654032765823,-1.005,0.440625289662));
#9019 = CARTESIAN_POINT('',(-0.64246487949,-1.005,0.453157171119));
#9020 = ORIENTED_EDGE('',*,*,#9021,.T.);
#9021 = EDGE_CURVE('',#9013,#8742,#9022,.T.);
#9022 = B_SPLINE_CURVE_WITH_KNOTS('',3,(#9023,#9024,#9025,#9026),
  .UNSPECIFIED.,.F.,.F.,(4,4),(34.,35.),.PIECEWISE_BEZIER_KNOTS.);
#9023 = CARTESIAN_POINT('',(-0.64246487949,-1.005,0.453157171119));
#9024 = CARTESIAN_POINT('',(-0.630896974771,-1.005,0.465689052576));
#9025 = CARTESIAN_POINT('',(-0.624631034043,-1.005,0.482076914531));
#9026 = CARTESIAN_POINT('',(-0.624631034043,-1.005,0.498946764854));
#9027 = FACE_BOUND('',#9028,.T.);
#9028 = EDGE_LOOP('',(#9029,#9043));
#9029 = ORIENTED_EDGE('',*,*,#9030,.F.);
#9030 = EDGE_CURVE('',#9031,#9033,#9035,.T.);
#9031 = VERTEX_POINT('',#9032);
#9032 = CARTESIAN_POINT('',(-0.828033223854,-1.005,0.428575359801));
#9033 = VERTEX_POINT('',#9034);
#9034 = CARTESIAN_POINT('',(-0.828033223854,-1.005,0.466171040945));
#9035 = B_SPLINE_CURVE_WITH_KNOTS('',3,(#9036,#9037,#9038,#9039,#9040,
    #9041,#9042),.UNSPECIFIED.,.F.,.F.,(4,3,4),(0.,1.,2.),
  .PIECEWISE_BEZIER_KNOTS.);
#9036 = CARTESIAN_POINT('',(-0.828033223854,-1.005,0.428575359801));
#9037 = CARTESIAN_POINT('',(-0.817429323452,-1.005,0.428575359801));
#9038 = CARTESIAN_POINT('',(-0.809235392475,-1.005,0.437251297533));
#9039 = CARTESIAN_POINT('',(-0.809235392475,-1.005,0.447373200373));
#9040 = CARTESIAN_POINT('',(-0.809235392475,-1.005,0.457977109968));
#9041 = CARTESIAN_POINT('',(-0.817911311821,-1.005,0.466171040945));
#9042 = CARTESIAN_POINT('',(-0.828033223854,-1.005,0.466171040945));
#9043 = ORIENTED_EDGE('',*,*,#9044,.F.);
#9044 = EDGE_CURVE('',#9033,#9031,#9045,.T.);
#9045 = B_SPLINE_CURVE_WITH_KNOTS('',3,(#9046,#9047,#9048,#9049,#9050,
    #9051),.UNSPECIFIED.,.F.,.F.,(4,2,4),(2.,3.,4.),.UNSPECIFIED.);
#9046 = CARTESIAN_POINT('',(-0.828033223854,-1.005,0.466171040945));
#9047 = CARTESIAN_POINT('',(-0.838155135886,-1.005,0.466171040945));
#9048 = CARTESIAN_POINT('',(-0.846831055233,-1.005,0.457977109968));
#9049 = CARTESIAN_POINT('',(-0.846831055233,-1.005,0.436769290778));
#9050 = CARTESIAN_POINT('',(-0.838155135886,-1.005,0.428575359801));
#9051 = CARTESIAN_POINT('',(-0.828033223854,-1.005,0.428575359801));
#9052 = B_SPLINE_SURFACE_WITH_KNOTS('',1,1,(
    (#9053,#9054)
    ,(#9055,#9056
    )),.UNSPECIFIED.,.F.,.F.,.F.,(2,2),(2,2),(-0.138453250438,
    8.712072610774E-02),(-0.293776392569,1.373687536253E-02),
  .PIECEWISE_BEZIER_KNOTS.);
#9053 = CARTESIAN_POINT('',(-0.932144301974,-1.005,0.399655653163));
#9054 = CARTESIAN_POINT('',(-0.624631034043,-1.005,0.399655653163));
#9055 = CARTESIAN_POINT('',(-0.932144301974,-1.005,0.625229629708));
#9056 = CARTESIAN_POINT('',(-0.624631034043,-1.005,0.625229629708));
#9057 = ADVANCED_FACE('',(#9058,#9347),#9372,.T.);
#9058 = FACE_BOUND('',#9059,.T.);
#9059 = EDGE_LOOP('',(#9060,#9071,#9080,#9089,#9096,#9105,#9114,#9123,
    #9130,#9139,#9148,#9157,#9166,#9175,#9184,#9193,#9202,#9211,#9220,
    #9227,#9234,#9241,#9250,#9259,#9268,#9277,#9286,#9295,#9304,#9313,
    #9322,#9331,#9340));
#9060 = ORIENTED_EDGE('',*,*,#9061,.F.);
#9061 = EDGE_CURVE('',#9062,#9064,#9066,.T.);
#9062 = VERTEX_POINT('',#9063);
#9063 = CARTESIAN_POINT('',(-0.624631034043,-0.995,0.498946764854));
#9064 = VERTEX_POINT('',#9065);
#9065 = CARTESIAN_POINT('',(-0.672348599639,-0.995,0.562088188088));
#9066 = B_SPLINE_CURVE_WITH_KNOTS('',3,(#9067,#9068,#9069,#9070),
  .UNSPECIFIED.,.F.,.F.,(4,4),(35.,36.),.PIECEWISE_BEZIER_KNOTS.);
#9067 = CARTESIAN_POINT('',(-0.624631034043,-0.995,0.498946764854));
#9068 = CARTESIAN_POINT('',(-0.625113022411,-0.995,0.527866489879));
#9069 = CARTESIAN_POINT('',(-0.644874858108,-0.995,0.553412268741));
#9070 = CARTESIAN_POINT('',(-0.672348599639,-0.995,0.562088188088));
#9071 = ORIENTED_EDGE('',*,*,#9072,.F.);
#9072 = EDGE_CURVE('',#9073,#9062,#9075,.T.);
#9073 = VERTEX_POINT('',#9074);
#9074 = CARTESIAN_POINT('',(-0.64246487949,-0.995,0.453157171119));
#9075 = B_SPLINE_CURVE_WITH_KNOTS('',3,(#9076,#9077,#9078,#9079),
  .UNSPECIFIED.,.F.,.F.,(4,4),(34.,35.),.PIECEWISE_BEZIER_KNOTS.);
#9076 = CARTESIAN_POINT('',(-0.64246487949,-0.995,0.453157171119));
#9077 = CARTESIAN_POINT('',(-0.630896974771,-0.995,0.465689052576));
#9078 = CARTESIAN_POINT('',(-0.624631034043,-0.995,0.482076914531));
#9079 = CARTESIAN_POINT('',(-0.624631034043,-0.995,0.498946764854));
#9080 = ORIENTED_EDGE('',*,*,#9081,.F.);
#9081 = EDGE_CURVE('',#9082,#9073,#9084,.T.);
#9082 = VERTEX_POINT('',#9083);
#9083 = CARTESIAN_POINT('',(-0.686326482976,-0.995,0.43146736356));
#9084 = B_SPLINE_CURVE_WITH_KNOTS('',3,(#9085,#9086,#9087,#9088),
  .UNSPECIFIED.,.F.,.F.,(4,4),(33.,34.),.PIECEWISE_BEZIER_KNOTS.);
#9085 = CARTESIAN_POINT('',(-0.686326482976,-0.995,0.43146736356));
#9086 = CARTESIAN_POINT('',(-0.669456632653,-0.995,0.432913347054));
#9087 = CARTESIAN_POINT('',(-0.654032765823,-0.995,0.440625289662));
#9088 = CARTESIAN_POINT('',(-0.64246487949,-0.995,0.453157171119));
#9089 = ORIENTED_EDGE('',*,*,#9090,.F.);
#9090 = EDGE_CURVE('',#9091,#9082,#9093,.T.);
#9091 = VERTEX_POINT('',#9092);
#9092 = CARTESIAN_POINT('',(-0.714764219632,-0.995,0.43146736356));
#9093 = B_SPLINE_CURVE_WITH_KNOTS('',1,(#9094,#9095),.UNSPECIFIED.,.F.,
  .F.,(2,2),(-2.699175316268E-02,1.445983493376E-03),
  .PIECEWISE_BEZIER_KNOTS.);
#9094 = CARTESIAN_POINT('',(-0.714764219632,-0.995,0.43146736356));
#9095 = CARTESIAN_POINT('',(-0.686326482976,-0.995,0.43146736356));
#9096 = ORIENTED_EDGE('',*,*,#9097,.F.);
#9097 = EDGE_CURVE('',#9098,#9091,#9100,.T.);
#9098 = VERTEX_POINT('',#9099);
#9099 = CARTESIAN_POINT('',(-0.728742102969,-0.995,0.446409223635));
#9100 = B_SPLINE_CURVE_WITH_KNOTS('',3,(#9101,#9102,#9103,#9104),
  .UNSPECIFIED.,.F.,.F.,(4,4),(28.,29.),.PIECEWISE_BEZIER_KNOTS.);
#9101 = CARTESIAN_POINT('',(-0.728742102969,-0.995,0.446409223635));
#9102 = CARTESIAN_POINT('',(-0.728742102969,-0.995,0.438697299414));
#9103 = CARTESIAN_POINT('',(-0.722476162241,-0.995,0.431949351929));
#9104 = CARTESIAN_POINT('',(-0.714764219632,-0.995,0.43146736356));
#9105 = ORIENTED_EDGE('',*,*,#9106,.F.);
#9106 = EDGE_CURVE('',#9107,#9098,#9109,.T.);
#9107 = VERTEX_POINT('',#9108);
#9108 = CARTESIAN_POINT('',(-0.713800242894,-0.995,0.46135108371));
#9109 = B_SPLINE_CURVE_WITH_KNOTS('',3,(#9110,#9111,#9112,#9113),
  .UNSPECIFIED.,.F.,.F.,(4,4),(27.,28.),.PIECEWISE_BEZIER_KNOTS.);
#9110 = CARTESIAN_POINT('',(-0.713800242894,-0.995,0.46135108371));
#9111 = CARTESIAN_POINT('',(-0.721994173872,-0.995,0.46135108371));
#9112 = CARTESIAN_POINT('',(-0.728742102969,-0.995,0.454603136226));
#9113 = CARTESIAN_POINT('',(-0.728742102969,-0.995,0.446409223635));
#9114 = ORIENTED_EDGE('',*,*,#9115,.F.);
#9115 = EDGE_CURVE('',#9116,#9107,#9118,.T.);
#9116 = VERTEX_POINT('',#9117);
#9117 = CARTESIAN_POINT('',(-0.710908275908,-0.995,0.460869095341));
#9118 = B_SPLINE_CURVE_WITH_KNOTS('',3,(#9119,#9120,#9121,#9122),
  .UNSPECIFIED.,.F.,.F.,(4,4),(26.,27.),.PIECEWISE_BEZIER_KNOTS.);
#9119 = CARTESIAN_POINT('',(-0.710908275908,-0.995,0.460869095341));
#9120 = CARTESIAN_POINT('',(-0.711872271032,-0.995,0.460869095341));
#9121 = CARTESIAN_POINT('',(-0.712836266157,-0.995,0.46135108371));
#9122 = CARTESIAN_POINT('',(-0.713800242894,-0.995,0.46135108371));
#9123 = ORIENTED_EDGE('',*,*,#9124,.F.);
#9124 = EDGE_CURVE('',#9125,#9116,#9127,.T.);
#9125 = VERTEX_POINT('',#9126);
#9126 = CARTESIAN_POINT('',(-0.689218468349,-0.995,0.460869095341));
#9127 = B_SPLINE_CURVE_WITH_KNOTS('',1,(#9128,#9129),.UNSPECIFIED.,.F.,
  .F.,(2,2),(1.110223024625E-16,2.168980755861E-02),
  .PIECEWISE_BEZIER_KNOTS.);
#9128 = CARTESIAN_POINT('',(-0.689218468349,-0.995,0.460869095341));
#9129 = CARTESIAN_POINT('',(-0.710908275908,-0.995,0.460869095341));
#9130 = ORIENTED_EDGE('',*,*,#9131,.F.);
#9131 = EDGE_CURVE('',#9132,#9125,#9134,.T.);
#9132 = VERTEX_POINT('',#9133);
#9133 = CARTESIAN_POINT('',(-0.654514772578,-0.995,0.498464758099));
#9134 = B_SPLINE_CURVE_WITH_KNOTS('',3,(#9135,#9136,#9137,#9138),
  .UNSPECIFIED.,.F.,.F.,(4,4),(24.,25.),.PIECEWISE_BEZIER_KNOTS.);
#9135 = CARTESIAN_POINT('',(-0.654514772578,-0.995,0.498464758099));
#9136 = CARTESIAN_POINT('',(-0.654514772578,-0.995,0.478702931595));
#9137 = CARTESIAN_POINT('',(-0.669456632653,-0.995,0.462315078834));
#9138 = CARTESIAN_POINT('',(-0.689218468349,-0.995,0.460869095341));
#9139 = ORIENTED_EDGE('',*,*,#9140,.F.);
#9140 = EDGE_CURVE('',#9141,#9132,#9143,.T.);
#9141 = VERTEX_POINT('',#9142);
#9142 = CARTESIAN_POINT('',(-0.692110435336,-0.995,0.536060420856));
#9143 = B_SPLINE_CURVE_WITH_KNOTS('',3,(#9144,#9145,#9146,#9147),
  .UNSPECIFIED.,.F.,.F.,(4,4),(23.,24.),.PIECEWISE_BEZIER_KNOTS.);
#9144 = CARTESIAN_POINT('',(-0.692110435336,-0.995,0.536060420856));
#9145 = CARTESIAN_POINT('',(-0.671384622902,-0.995,0.536060420856));
#9146 = CARTESIAN_POINT('',(-0.654514772578,-0.995,0.519190570533));
#9147 = CARTESIAN_POINT('',(-0.654514772578,-0.995,0.498464758099));
#9148 = ORIENTED_EDGE('',*,*,#9149,.F.);
#9149 = EDGE_CURVE('',#9150,#9141,#9152,.T.);
#9150 = VERTEX_POINT('',#9151);
#9151 = CARTESIAN_POINT('',(-0.695966397447,-0.995,0.536060420856));
#9152 = B_SPLINE_CURVE_WITH_KNOTS('',3,(#9153,#9154,#9155,#9156),
  .UNSPECIFIED.,.F.,.F.,(4,4),(22.,23.),.PIECEWISE_BEZIER_KNOTS.);
#9153 = CARTESIAN_POINT('',(-0.695966397447,-0.995,0.536060420856));
#9154 = CARTESIAN_POINT('',(-0.694520413954,-0.995,0.536060420856));
#9155 = CARTESIAN_POINT('',(-0.693556418829,-0.995,0.536060420856));
#9156 = CARTESIAN_POINT('',(-0.692110435336,-0.995,0.536060420856));
#9157 = ORIENTED_EDGE('',*,*,#9158,.F.);
#9158 = EDGE_CURVE('',#9159,#9150,#9161,.T.);
#9159 = VERTEX_POINT('',#9160);
#9160 = CARTESIAN_POINT('',(-0.76344579874,-0.995,0.596309886297));
#9161 = B_SPLINE_CURVE_WITH_KNOTS('',3,(#9162,#9163,#9164,#9165),
  .UNSPECIFIED.,.F.,.F.,(4,4),(21.,22.),.PIECEWISE_BEZIER_KNOTS.);
#9162 = CARTESIAN_POINT('',(-0.76344579874,-0.995,0.596309886297));
#9163 = CARTESIAN_POINT('',(-0.728742102969,-0.995,0.596309886297));
#9164 = CARTESIAN_POINT('',(-0.699822359558,-0.995,0.569800121503));
#9165 = CARTESIAN_POINT('',(-0.695966397447,-0.995,0.536060420856));
#9166 = ORIENTED_EDGE('',*,*,#9167,.F.);
#9167 = EDGE_CURVE('',#9168,#9159,#9170,.T.);
#9168 = VERTEX_POINT('',#9169);
#9169 = CARTESIAN_POINT('',(-0.828033214661,-0.995,0.550038322579));
#9170 = B_SPLINE_CURVE_WITH_KNOTS('',3,(#9171,#9172,#9173,#9174),
  .UNSPECIFIED.,.F.,.F.,(4,4),(20.,21.),.PIECEWISE_BEZIER_KNOTS.);
#9171 = CARTESIAN_POINT('',(-0.828033214661,-0.995,0.550038322579));
#9172 = CARTESIAN_POINT('',(-0.818875306946,-0.995,0.577030057356));
#9173 = CARTESIAN_POINT('',(-0.793811525645,-0.995,0.596309886297));
#9174 = CARTESIAN_POINT('',(-0.76344579874,-0.995,0.596309886297));
#9175 = ORIENTED_EDGE('',*,*,#9176,.F.);
#9176 = EDGE_CURVE('',#9177,#9168,#9179,.T.);
#9177 = VERTEX_POINT('',#9178);
#9178 = CARTESIAN_POINT('',(-0.85357898433,-0.995,0.557268258432));
#9179 = B_SPLINE_CURVE_WITH_KNOTS('',3,(#9180,#9181,#9182,#9183),
  .UNSPECIFIED.,.F.,.F.,(4,4),(19.,20.),.PIECEWISE_BEZIER_KNOTS.);
#9180 = CARTESIAN_POINT('',(-0.85357898433,-0.995,0.557268258432));
#9181 = CARTESIAN_POINT('',(-0.844421067422,-0.995,0.557268258432));
#9182 = CARTESIAN_POINT('',(-0.835263150513,-0.995,0.554376282253));
#9183 = CARTESIAN_POINT('',(-0.828033214661,-0.995,0.550038322579));
#9184 = ORIENTED_EDGE('',*,*,#9185,.F.);
#9185 = EDGE_CURVE('',#9186,#9177,#9188,.T.);
#9186 = VERTEX_POINT('',#9187);
#9187 = CARTESIAN_POINT('',(-0.901778556682,-0.995,0.50906868608));
#9188 = B_SPLINE_CURVE_WITH_KNOTS('',3,(#9189,#9190,#9191,#9192),
  .UNSPECIFIED.,.F.,.F.,(4,4),(18.,19.),.PIECEWISE_BEZIER_KNOTS.);
#9189 = CARTESIAN_POINT('',(-0.901778556682,-0.995,0.50906868608));
#9190 = CARTESIAN_POINT('',(-0.901778556682,-0.995,0.535578450874));
#9191 = CARTESIAN_POINT('',(-0.880088749124,-0.995,0.557268258432));
#9192 = CARTESIAN_POINT('',(-0.85357898433,-0.995,0.557268258432));
#9193 = ORIENTED_EDGE('',*,*,#9194,.F.);
#9194 = EDGE_CURVE('',#9195,#9186,#9197,.T.);
#9195 = VERTEX_POINT('',#9196);
#9196 = CARTESIAN_POINT('',(-0.872858813271,-0.995,0.464725075839));
#9197 = B_SPLINE_CURVE_WITH_KNOTS('',3,(#9198,#9199,#9200,#9201),
  .UNSPECIFIED.,.F.,.F.,(4,4),(17.,18.),.PIECEWISE_BEZIER_KNOTS.);
#9198 = CARTESIAN_POINT('',(-0.872858813271,-0.995,0.464725075839));
#9199 = CARTESIAN_POINT('',(-0.889728663594,-0.995,0.472437009253));
#9200 = CARTESIAN_POINT('',(-0.901778556682,-0.995,0.489306859577));
#9201 = CARTESIAN_POINT('',(-0.901778556682,-0.995,0.50906868608));
#9202 = ORIENTED_EDGE('',*,*,#9203,.F.);
#9203 = EDGE_CURVE('',#9204,#9195,#9206,.T.);
#9204 = VERTEX_POINT('',#9205);
#9205 = CARTESIAN_POINT('',(-0.827551217098,-0.995,0.49653679543));
#9206 = B_SPLINE_CURVE_WITH_KNOTS('',3,(#9207,#9208,#9209,#9210),
  .UNSPECIFIED.,.F.,.F.,(4,4),(16.,17.),.PIECEWISE_BEZIER_KNOTS.);
#9207 = CARTESIAN_POINT('',(-0.827551217098,-0.995,0.49653679543));
#9208 = CARTESIAN_POINT('',(-0.848277038726,-0.995,0.49653679543));
#9209 = CARTESIAN_POINT('',(-0.86611087498,-0.995,0.483040918849));
#9210 = CARTESIAN_POINT('',(-0.872858813271,-0.995,0.464725075839));
#9211 = ORIENTED_EDGE('',*,*,#9212,.F.);
#9212 = EDGE_CURVE('',#9213,#9204,#9215,.T.);
#9213 = VERTEX_POINT('',#9214);
#9214 = CARTESIAN_POINT('',(-0.791401537834,-0.995,0.480148942669));
#9215 = B_SPLINE_CURVE_WITH_KNOTS('',3,(#9216,#9217,#9218,#9219),
  .UNSPECIFIED.,.F.,.F.,(4,4),(15.,16.),.PIECEWISE_BEZIER_KNOTS.);
#9216 = CARTESIAN_POINT('',(-0.791401537834,-0.995,0.480148942669));
#9217 = CARTESIAN_POINT('',(-0.80007745718,-0.995,0.490270854701));
#9218 = CARTESIAN_POINT('',(-0.813091345393,-0.995,0.49653679543));
#9219 = CARTESIAN_POINT('',(-0.827551217098,-0.995,0.49653679543));
#9220 = ORIENTED_EDGE('',*,*,#9221,.F.);
#9221 = EDGE_CURVE('',#9222,#9213,#9224,.T.);
#9222 = VERTEX_POINT('',#9223);
#9223 = CARTESIAN_POINT('',(-0.72681411272,-0.995,0.513888643315));
#9224 = B_SPLINE_CURVE_WITH_KNOTS('',1,(#9225,#9226),.UNSPECIFIED.,.F.,
  .F.,(2,2),(0.,7.286908042864E-02),.PIECEWISE_BEZIER_KNOTS.);
#9225 = CARTESIAN_POINT('',(-0.72681411272,-0.995,0.513888643315));
#9226 = CARTESIAN_POINT('',(-0.791401537834,-0.995,0.480148942669));
#9227 = ORIENTED_EDGE('',*,*,#9228,.F.);
#9228 = EDGE_CURVE('',#9229,#9222,#9231,.T.);
#9229 = VERTEX_POINT('',#9230);
#9230 = CARTESIAN_POINT('',(-0.711872252646,-0.995,0.488342864453));
#9231 = B_SPLINE_CURVE_WITH_KNOTS('',1,(#9232,#9233),.UNSPECIFIED.,.F.,
  .F.,(2,2),(0.,2.959469547388E-02),.PIECEWISE_BEZIER_KNOTS.);
#9232 = CARTESIAN_POINT('',(-0.711872252646,-0.995,0.488342864453));
#9233 = CARTESIAN_POINT('',(-0.72681411272,-0.995,0.513888643315));
#9234 = ORIENTED_EDGE('',*,*,#9235,.F.);
#9235 = EDGE_CURVE('',#9236,#9229,#9238,.T.);
#9236 = VERTEX_POINT('',#9237);
#9237 = CARTESIAN_POINT('',(-0.779351653939,-0.995,0.452675182751));
#9238 = B_SPLINE_CURVE_WITH_KNOTS('',1,(#9239,#9240),.UNSPECIFIED.,.F.,
  .F.,(2,2),(-7.221349039528E-17,7.632596620359E-02),
  .PIECEWISE_BEZIER_KNOTS.);
#9239 = CARTESIAN_POINT('',(-0.779351653939,-0.995,0.452675182751));
#9240 = CARTESIAN_POINT('',(-0.711872252646,-0.995,0.488342864453));
#9241 = ORIENTED_EDGE('',*,*,#9242,.F.);
#9242 = EDGE_CURVE('',#9243,#9236,#9245,.T.);
#9243 = VERTEX_POINT('',#9244);
#9244 = CARTESIAN_POINT('',(-0.779351653939,-0.995,0.447855225515));
#9245 = B_SPLINE_CURVE_WITH_KNOTS('',3,(#9246,#9247,#9248,#9249),
  .UNSPECIFIED.,.F.,.F.,(4,4),(11.,12.),.PIECEWISE_BEZIER_KNOTS.);
#9246 = CARTESIAN_POINT('',(-0.779351653939,-0.995,0.447855225515));
#9247 = CARTESIAN_POINT('',(-0.779351653939,-0.995,0.449301209008));
#9248 = CARTESIAN_POINT('',(-0.779351653939,-0.995,0.450747192502));
#9249 = CARTESIAN_POINT('',(-0.779351653939,-0.995,0.452675182751));
#9250 = ORIENTED_EDGE('',*,*,#9251,.F.);
#9251 = EDGE_CURVE('',#9252,#9243,#9254,.T.);
#9252 = VERTEX_POINT('',#9253);
#9253 = CARTESIAN_POINT('',(-0.827551226292,-0.995,0.399655653163));
#9254 = B_SPLINE_CURVE_WITH_KNOTS('',3,(#9255,#9256,#9257,#9258),
  .UNSPECIFIED.,.F.,.F.,(4,4),(10.,11.),.PIECEWISE_BEZIER_KNOTS.);
#9255 = CARTESIAN_POINT('',(-0.827551226292,-0.995,0.399655653163));
#9256 = CARTESIAN_POINT('',(-0.801041461498,-0.995,0.399655653163));
#9257 = CARTESIAN_POINT('',(-0.779351653939,-0.995,0.421345460721));
#9258 = CARTESIAN_POINT('',(-0.779351653939,-0.995,0.447855225515));
#9259 = ORIENTED_EDGE('',*,*,#9260,.F.);
#9260 = EDGE_CURVE('',#9261,#9252,#9263,.T.);
#9261 = VERTEX_POINT('',#9262);
#9262 = CARTESIAN_POINT('',(-0.873340824623,-0.995,0.432431358685));
#9263 = B_SPLINE_CURVE_WITH_KNOTS('',3,(#9264,#9265,#9266,#9267),
  .UNSPECIFIED.,.F.,.F.,(4,4),(9.,10.),.PIECEWISE_BEZIER_KNOTS.);
#9264 = CARTESIAN_POINT('',(-0.873340824623,-0.995,0.432431358685));
#9265 = CARTESIAN_POINT('',(-0.867074879298,-0.995,0.413151529744));
#9266 = CARTESIAN_POINT('',(-0.848759045481,-0.995,0.399655653163));
#9267 = CARTESIAN_POINT('',(-0.827551226292,-0.995,0.399655653163));
#9268 = ORIENTED_EDGE('',*,*,#9269,.F.);
#9269 = EDGE_CURVE('',#9270,#9261,#9272,.T.);
#9270 = VERTEX_POINT('',#9271);
#9271 = CARTESIAN_POINT('',(-0.911900482505,-0.995,0.455567149737));
#9272 = B_SPLINE_CURVE_WITH_KNOTS('',3,(#9273,#9274,#9275,#9276),
  .UNSPECIFIED.,.F.,.F.,(4,4),(8.,9.),.PIECEWISE_BEZIER_KNOTS.);
#9273 = CARTESIAN_POINT('',(-0.911900482505,-0.995,0.455567149737));
#9274 = CARTESIAN_POINT('',(-0.901296577507,-0.995,0.443999245017));
#9275 = CARTESIAN_POINT('',(-0.888282689294,-0.995,0.436287320796));
#9276 = CARTESIAN_POINT('',(-0.873340824623,-0.995,0.432431358685));
#9277 = ORIENTED_EDGE('',*,*,#9278,.F.);
#9278 = EDGE_CURVE('',#9279,#9270,#9281,.T.);
#9279 = VERTEX_POINT('',#9280);
#9280 = CARTESIAN_POINT('',(-0.932144301974,-0.995,0.508104672569));
#9281 = B_SPLINE_CURVE_WITH_KNOTS('',3,(#9282,#9283,#9284,#9285),
  .UNSPECIFIED.,.F.,.F.,(4,4),(7.,8.),.PIECEWISE_BEZIER_KNOTS.);
#9282 = CARTESIAN_POINT('',(-0.932144301974,-0.995,0.508104672569));
#9283 = CARTESIAN_POINT('',(-0.932144301974,-0.995,0.488824843628));
#9284 = CARTESIAN_POINT('',(-0.924914366121,-0.995,0.470027003056));
#9285 = CARTESIAN_POINT('',(-0.911900482505,-0.995,0.455567149737));
#9286 = ORIENTED_EDGE('',*,*,#9287,.F.);
#9287 = EDGE_CURVE('',#9288,#9279,#9290,.T.);
#9288 = VERTEX_POINT('',#9289);
#9289 = CARTESIAN_POINT('',(-0.909490490097,-0.995,0.563052178615));
#9290 = B_SPLINE_CURVE_WITH_KNOTS('',3,(#9291,#9292,#9293,#9294),
  .UNSPECIFIED.,.F.,.F.,(4,4),(6.,7.),.PIECEWISE_BEZIER_KNOTS.);
#9291 = CARTESIAN_POINT('',(-0.909490490097,-0.995,0.563052178615));
#9292 = CARTESIAN_POINT('',(-0.923950374444,-0.995,0.548592311506));
#9293 = CARTESIAN_POINT('',(-0.932144301974,-0.995,0.528830485003));
#9294 = CARTESIAN_POINT('',(-0.932144301974,-0.995,0.508104672569));
#9295 = ORIENTED_EDGE('',*,*,#9296,.F.);
#9296 = EDGE_CURVE('',#9297,#9288,#9299,.T.);
#9297 = VERTEX_POINT('',#9298);
#9298 = CARTESIAN_POINT('',(-0.854060981892,-0.995,0.586187974264));
#9299 = B_SPLINE_CURVE_WITH_KNOTS('',3,(#9300,#9301,#9302,#9303),
  .UNSPECIFIED.,.F.,.F.,(4,4),(5.,6.),.PIECEWISE_BEZIER_KNOTS.);
#9300 = CARTESIAN_POINT('',(-0.854060981892,-0.995,0.586187974264));
#9301 = CARTESIAN_POINT('',(-0.874786798923,-0.995,0.586187974264));
#9302 = CARTESIAN_POINT('',(-0.89454862083,-0.995,0.577994047884));
#9303 = CARTESIAN_POINT('',(-0.909490490097,-0.995,0.563052178615));
#9304 = ORIENTED_EDGE('',*,*,#9305,.F.);
#9305 = EDGE_CURVE('',#9306,#9297,#9308,.T.);
#9306 = VERTEX_POINT('',#9307);
#9307 = CARTESIAN_POINT('',(-0.842975083928,-0.995,0.585223983736));
#9308 = B_SPLINE_CURVE_WITH_KNOTS('',3,(#9309,#9310,#9311,#9312),
  .UNSPECIFIED.,.F.,.F.,(4,4),(4.,5.),.PIECEWISE_BEZIER_KNOTS.);
#9309 = CARTESIAN_POINT('',(-0.842975083928,-0.995,0.585223983736));
#9310 = CARTESIAN_POINT('',(-0.846831046039,-0.995,0.585705981298));
#9311 = CARTESIAN_POINT('',(-0.850205019781,-0.995,0.586187974264));
#9312 = CARTESIAN_POINT('',(-0.854060981892,-0.995,0.586187974264));
#9313 = ORIENTED_EDGE('',*,*,#9314,.F.);
#9314 = EDGE_CURVE('',#9315,#9306,#9317,.T.);
#9315 = VERTEX_POINT('',#9316);
#9316 = CARTESIAN_POINT('',(-0.821767273932,-0.995,0.606431796031));
#9317 = B_SPLINE_CURVE_WITH_KNOTS('',3,(#9318,#9319,#9320,#9321),
  .UNSPECIFIED.,.F.,.F.,(4,4),(3.,4.),.PIECEWISE_BEZIER_KNOTS.);
#9318 = CARTESIAN_POINT('',(-0.821767273932,-0.995,0.606431796031));
#9319 = CARTESIAN_POINT('',(-0.829961204909,-0.995,0.60064784597));
#9320 = CARTESIAN_POINT('',(-0.8367091432,-0.995,0.593417910117));
#9321 = CARTESIAN_POINT('',(-0.842975083928,-0.995,0.585223983736));
#9322 = ORIENTED_EDGE('',*,*,#9323,.F.);
#9323 = EDGE_CURVE('',#9324,#9315,#9326,.T.);
#9324 = VERTEX_POINT('',#9325);
#9325 = CARTESIAN_POINT('',(-0.763927787109,-0.995,0.625229629708));
#9326 = B_SPLINE_CURVE_WITH_KNOTS('',3,(#9327,#9328,#9329,#9330),
  .UNSPECIFIED.,.F.,.F.,(4,4),(2.,3.),.PIECEWISE_BEZIER_KNOTS.);
#9327 = CARTESIAN_POINT('',(-0.763927787109,-0.995,0.625229629708));
#9328 = CARTESIAN_POINT('',(-0.785135597105,-0.995,0.625229629708));
#9329 = CARTESIAN_POINT('',(-0.804897423609,-0.995,0.618481689694));
#9330 = CARTESIAN_POINT('',(-0.821767273932,-0.995,0.606431796031));
#9331 = ORIENTED_EDGE('',*,*,#9332,.F.);
#9332 = EDGE_CURVE('',#9333,#9324,#9335,.T.);
#9333 = VERTEX_POINT('',#9334);
#9334 = CARTESIAN_POINT('',(-0.698376376064,-0.995,0.600165850706));
#9335 = B_SPLINE_CURVE_WITH_KNOTS('',3,(#9336,#9337,#9338,#9339),
  .UNSPECIFIED.,.F.,.F.,(4,4),(1.,2.),.PIECEWISE_BEZIER_KNOTS.);
#9336 = CARTESIAN_POINT('',(-0.698376376064,-0.995,0.600165850706));
#9337 = CARTESIAN_POINT('',(-0.716692209881,-0.995,0.616071711076));
#9338 = CARTESIAN_POINT('',(-0.739828000933,-0.995,0.625229629708));
#9339 = CARTESIAN_POINT('',(-0.763927787109,-0.995,0.625229629708));
#9340 = ORIENTED_EDGE('',*,*,#9341,.F.);
#9341 = EDGE_CURVE('',#9064,#9333,#9342,.T.);
#9342 = B_SPLINE_CURVE_WITH_KNOTS('',3,(#9343,#9344,#9345,#9346),
  .UNSPECIFIED.,.F.,.F.,(4,4),(0.,1.),.PIECEWISE_BEZIER_KNOTS.);
#9343 = CARTESIAN_POINT('',(-0.672348599639,-0.995,0.562088188088));
#9344 = CARTESIAN_POINT('',(-0.677650545243,-0.995,0.576548059793));
#9345 = CARTESIAN_POINT('',(-0.686808471345,-0.995,0.589561943409));
#9346 = CARTESIAN_POINT('',(-0.698376376064,-0.995,0.600165850706));
#9347 = FACE_BOUND('',#9348,.T.);
#9348 = EDGE_LOOP('',(#9349,#9362));
#9349 = ORIENTED_EDGE('',*,*,#9350,.T.);
#9350 = EDGE_CURVE('',#9351,#9353,#9355,.T.);
#9351 = VERTEX_POINT('',#9352);
#9352 = CARTESIAN_POINT('',(-0.828033223854,-0.995,0.466171040945));
#9353 = VERTEX_POINT('',#9354);
#9354 = CARTESIAN_POINT('',(-0.828033223854,-0.995,0.428575359801));
#9355 = B_SPLINE_CURVE_WITH_KNOTS('',3,(#9356,#9357,#9358,#9359,#9360,
    #9361),.UNSPECIFIED.,.F.,.F.,(4,2,4),(2.,3.,4.),.UNSPECIFIED.);
#9356 = CARTESIAN_POINT('',(-0.828033223854,-0.995,0.466171040945));
#9357 = CARTESIAN_POINT('',(-0.838155135886,-0.995,0.466171040945));
#9358 = CARTESIAN_POINT('',(-0.846831055233,-0.995,0.457977109968));
#9359 = CARTESIAN_POINT('',(-0.846831055233,-0.995,0.436769290778));
#9360 = CARTESIAN_POINT('',(-0.838155135886,-0.995,0.428575359801));
#9361 = CARTESIAN_POINT('',(-0.828033223854,-0.995,0.428575359801));
#9362 = ORIENTED_EDGE('',*,*,#9363,.T.);
#9363 = EDGE_CURVE('',#9353,#9351,#9364,.T.);
#9364 = B_SPLINE_CURVE_WITH_KNOTS('',3,(#9365,#9366,#9367,#9368,#9369,
    #9370,#9371),.UNSPECIFIED.,.F.,.F.,(4,3,4),(0.,1.,2.),
  .PIECEWISE_BEZIER_KNOTS.);
#9365 = CARTESIAN_POINT('',(-0.828033223854,-0.995,0.428575359801));
#9366 = CARTESIAN_POINT('',(-0.817429323452,-0.995,0.428575359801));
#9367 = CARTESIAN_POINT('',(-0.809235392475,-0.995,0.437251297533));
#9368 = CARTESIAN_POINT('',(-0.809235392475,-0.995,0.447373200373));
#9369 = CARTESIAN_POINT('',(-0.809235392475,-0.995,0.457977109968));
#9370 = CARTESIAN_POINT('',(-0.817911311821,-0.995,0.466171040945));
#9371 = CARTESIAN_POINT('',(-0.828033223854,-0.995,0.466171040945));
#9372 = B_SPLINE_SURFACE_WITH_KNOTS('',1,1,(
    (#9373,#9374)
    ,(#9375,#9376
    )),.UNSPECIFIED.,.F.,.F.,.F.,(2,2),(2,2),(-0.138453250438,
    8.712072610774E-02),(-0.293776392569,1.373687536253E-02),
  .PIECEWISE_BEZIER_KNOTS.);
#9373 = CARTESIAN_POINT('',(-0.932144301974,-0.995,0.399655653163));
#9374 = CARTESIAN_POINT('',(-0.624631034043,-0.995,0.399655653163));
#9375 = CARTESIAN_POINT('',(-0.932144301974,-0.995,0.625229629708));
#9376 = CARTESIAN_POINT('',(-0.624631034043,-0.995,0.625229629708));
#9377 = ADVANCED_FACE('',(#9378),#9392,.F.);
#9378 = FACE_BOUND('',#9379,.F.);
#9379 = EDGE_LOOP('',(#9380,#9385,#9386,#9391));
#9380 = ORIENTED_EDGE('',*,*,#9381,.F.);
#9381 = EDGE_CURVE('',#8742,#9062,#9382,.T.);
#9382 = B_SPLINE_CURVE_WITH_KNOTS('',1,(#9383,#9384),.UNSPECIFIED.,.F.,
  .F.,(2,2),(0.,1.E-02),.PIECEWISE_BEZIER_KNOTS.);
#9383 = CARTESIAN_POINT('',(-0.624631034043,-1.005,0.498946764854));
#9384 = CARTESIAN_POINT('',(-0.624631034043,-0.995,0.498946764854));
#9385 = ORIENTED_EDGE('',*,*,#8741,.T.);
#9386 = ORIENTED_EDGE('',*,*,#9387,.T.);
#9387 = EDGE_CURVE('',#8744,#9064,#9388,.T.);
#9388 = B_SPLINE_CURVE_WITH_KNOTS('',1,(#9389,#9390),.UNSPECIFIED.,.F.,
  .F.,(2,2),(0.,1.E-02),.PIECEWISE_BEZIER_KNOTS.);
#9389 = CARTESIAN_POINT('',(-0.672348599639,-1.005,0.562088188088));
#9390 = CARTESIAN_POINT('',(-0.672348599639,-0.995,0.562088188088));
#9391 = ORIENTED_EDGE('',*,*,#9061,.F.);
#9392 = B_SPLINE_SURFACE_WITH_KNOTS('',3,1,(
    (#9393,#9394)
    ,(#9395,#9396)
    ,(#9397,#9398)
    ,(#9399,#9400
    )),.UNSPECIFIED.,.F.,.F.,.F.,(4,4),(2,2),(35.,36.),(0.,1.),
  .PIECEWISE_BEZIER_KNOTS.);
#9393 = CARTESIAN_POINT('',(-0.624631034043,-1.005,0.498946764854));
#9394 = CARTESIAN_POINT('',(-0.624631034043,-0.995,0.498946764854));
#9395 = CARTESIAN_POINT('',(-0.625113022411,-1.005,0.527866489879));
#9396 = CARTESIAN_POINT('',(-0.625113022411,-0.995,0.527866489879));
#9397 = CARTESIAN_POINT('',(-0.644874858108,-1.005,0.553412268741));
#9398 = CARTESIAN_POINT('',(-0.644874858108,-0.995,0.553412268741));
#9399 = CARTESIAN_POINT('',(-0.672348599639,-1.005,0.562088188088));
#9400 = CARTESIAN_POINT('',(-0.672348599639,-0.995,0.562088188088));
#9401 = ADVANCED_FACE('',(#9402),#9412,.F.);
#9402 = FACE_BOUND('',#9403,.F.);
#9403 = EDGE_LOOP('',(#9404,#9405,#9406,#9411));
#9404 = ORIENTED_EDGE('',*,*,#9387,.F.);
#9405 = ORIENTED_EDGE('',*,*,#8752,.T.);
#9406 = ORIENTED_EDGE('',*,*,#9407,.T.);
#9407 = EDGE_CURVE('',#8753,#9333,#9408,.T.);
#9408 = B_SPLINE_CURVE_WITH_KNOTS('',1,(#9409,#9410),.UNSPECIFIED.,.F.,
  .F.,(2,2),(0.,1.E-02),.PIECEWISE_BEZIER_KNOTS.);
#9409 = CARTESIAN_POINT('',(-0.698376376064,-1.005,0.600165850706));
#9410 = CARTESIAN_POINT('',(-0.698376376064,-0.995,0.600165850706));
#9411 = ORIENTED_EDGE('',*,*,#9341,.F.);
#9412 = B_SPLINE_SURFACE_WITH_KNOTS('',3,1,(
    (#9413,#9414)
    ,(#9415,#9416)
    ,(#9417,#9418)
    ,(#9419,#9420
    )),.UNSPECIFIED.,.F.,.F.,.F.,(4,4),(2,2),(0.,1.),(0.,1.),
  .PIECEWISE_BEZIER_KNOTS.);
#9413 = CARTESIAN_POINT('',(-0.672348599639,-1.005,0.562088188088));
#9414 = CARTESIAN_POINT('',(-0.672348599639,-0.995,0.562088188088));
#9415 = CARTESIAN_POINT('',(-0.677650545243,-1.005,0.576548059793));
#9416 = CARTESIAN_POINT('',(-0.677650545243,-0.995,0.576548059793));
#9417 = CARTESIAN_POINT('',(-0.686808471345,-1.005,0.589561943409));
#9418 = CARTESIAN_POINT('',(-0.686808471345,-0.995,0.589561943409));
#9419 = CARTESIAN_POINT('',(-0.698376376064,-1.005,0.600165850706));
#9420 = CARTESIAN_POINT('',(-0.698376376064,-0.995,0.600165850706));
#9421 = ADVANCED_FACE('',(#9422),#9432,.F.);
#9422 = FACE_BOUND('',#9423,.F.);
#9423 = EDGE_LOOP('',(#9424,#9425,#9426,#9431));
#9424 = ORIENTED_EDGE('',*,*,#9407,.F.);
#9425 = ORIENTED_EDGE('',*,*,#8761,.T.);
#9426 = ORIENTED_EDGE('',*,*,#9427,.T.);
#9427 = EDGE_CURVE('',#8762,#9324,#9428,.T.);
#9428 = B_SPLINE_CURVE_WITH_KNOTS('',1,(#9429,#9430),.UNSPECIFIED.,.F.,
  .F.,(2,2),(0.,1.E-02),.PIECEWISE_BEZIER_KNOTS.);
#9429 = CARTESIAN_POINT('',(-0.763927787109,-1.005,0.625229629708));
#9430 = CARTESIAN_POINT('',(-0.763927787109,-0.995,0.625229629708));
#9431 = ORIENTED_EDGE('',*,*,#9332,.F.);
#9432 = B_SPLINE_SURFACE_WITH_KNOTS('',3,1,(
    (#9433,#9434)
    ,(#9435,#9436)
    ,(#9437,#9438)
    ,(#9439,#9440
    )),.UNSPECIFIED.,.F.,.F.,.F.,(4,4),(2,2),(1.,2.),(0.,1.),
  .PIECEWISE_BEZIER_KNOTS.);
#9433 = CARTESIAN_POINT('',(-0.698376376064,-1.005,0.600165850706));
#9434 = CARTESIAN_POINT('',(-0.698376376064,-0.995,0.600165850706));
#9435 = CARTESIAN_POINT('',(-0.716692209881,-1.005,0.616071711076));
#9436 = CARTESIAN_POINT('',(-0.716692209881,-0.995,0.616071711076));
#9437 = CARTESIAN_POINT('',(-0.739828000933,-1.005,0.625229629708));
#9438 = CARTESIAN_POINT('',(-0.739828000933,-0.995,0.625229629708));
#9439 = CARTESIAN_POINT('',(-0.763927787109,-1.005,0.625229629708));
#9440 = CARTESIAN_POINT('',(-0.763927787109,-0.995,0.625229629708));
#9441 = ADVANCED_FACE('',(#9442),#9452,.F.);
#9442 = FACE_BOUND('',#9443,.F.);
#9443 = EDGE_LOOP('',(#9444,#9445,#9446,#9451));
#9444 = ORIENTED_EDGE('',*,*,#9427,.F.);
#9445 = ORIENTED_EDGE('',*,*,#8770,.T.);
#9446 = ORIENTED_EDGE('',*,*,#9447,.T.);
#9447 = EDGE_CURVE('',#8771,#9315,#9448,.T.);
#9448 = B_SPLINE_CURVE_WITH_KNOTS('',1,(#9449,#9450),.UNSPECIFIED.,.F.,
  .F.,(2,2),(0.,1.E-02),.PIECEWISE_BEZIER_KNOTS.);
#9449 = CARTESIAN_POINT('',(-0.821767273932,-1.005,0.606431796031));
#9450 = CARTESIAN_POINT('',(-0.821767273932,-0.995,0.606431796031));
#9451 = ORIENTED_EDGE('',*,*,#9323,.F.);
#9452 = B_SPLINE_SURFACE_WITH_KNOTS('',3,1,(
    (#9453,#9454)
    ,(#9455,#9456)
    ,(#9457,#9458)
    ,(#9459,#9460
    )),.UNSPECIFIED.,.F.,.F.,.F.,(4,4),(2,2),(2.,3.),(0.,1.),
  .PIECEWISE_BEZIER_KNOTS.);
#9453 = CARTESIAN_POINT('',(-0.763927787109,-1.005,0.625229629708));
#9454 = CARTESIAN_POINT('',(-0.763927787109,-0.995,0.625229629708));
#9455 = CARTESIAN_POINT('',(-0.785135597105,-1.005,0.625229629708));
#9456 = CARTESIAN_POINT('',(-0.785135597105,-0.995,0.625229629708));
#9457 = CARTESIAN_POINT('',(-0.804897423609,-1.005,0.618481689694));
#9458 = CARTESIAN_POINT('',(-0.804897423609,-0.995,0.618481689694));
#9459 = CARTESIAN_POINT('',(-0.821767273932,-1.005,0.606431796031));
#9460 = CARTESIAN_POINT('',(-0.821767273932,-0.995,0.606431796031));
#9461 = ADVANCED_FACE('',(#9462),#9472,.F.);
#9462 = FACE_BOUND('',#9463,.F.);
#9463 = EDGE_LOOP('',(#9464,#9465,#9466,#9471));
#9464 = ORIENTED_EDGE('',*,*,#9447,.F.);
#9465 = ORIENTED_EDGE('',*,*,#8779,.T.);
#9466 = ORIENTED_EDGE('',*,*,#9467,.T.);
#9467 = EDGE_CURVE('',#8780,#9306,#9468,.T.);
#9468 = B_SPLINE_CURVE_WITH_KNOTS('',1,(#9469,#9470),.UNSPECIFIED.,.F.,
  .F.,(2,2),(0.,1.E-02),.PIECEWISE_BEZIER_KNOTS.);
#9469 = CARTESIAN_POINT('',(-0.842975083928,-1.005,0.585223983736));
#9470 = CARTESIAN_POINT('',(-0.842975083928,-0.995,0.585223983736));
#9471 = ORIENTED_EDGE('',*,*,#9314,.F.);
#9472 = B_SPLINE_SURFACE_WITH_KNOTS('',3,1,(
    (#9473,#9474)
    ,(#9475,#9476)
    ,(#9477,#9478)
    ,(#9479,#9480
    )),.UNSPECIFIED.,.F.,.F.,.F.,(4,4),(2,2),(3.,4.),(0.,1.),
  .PIECEWISE_BEZIER_KNOTS.);
#9473 = CARTESIAN_POINT('',(-0.821767273932,-1.005,0.606431796031));
#9474 = CARTESIAN_POINT('',(-0.821767273932,-0.995,0.606431796031));
#9475 = CARTESIAN_POINT('',(-0.829961204909,-1.005,0.60064784597));
#9476 = CARTESIAN_POINT('',(-0.829961204909,-0.995,0.60064784597));
#9477 = CARTESIAN_POINT('',(-0.8367091432,-1.005,0.593417910117));
#9478 = CARTESIAN_POINT('',(-0.8367091432,-0.995,0.593417910117));
#9479 = CARTESIAN_POINT('',(-0.842975083928,-1.005,0.585223983736));
#9480 = CARTESIAN_POINT('',(-0.842975083928,-0.995,0.585223983736));
#9481 = ADVANCED_FACE('',(#9482),#9492,.F.);
#9482 = FACE_BOUND('',#9483,.F.);
#9483 = EDGE_LOOP('',(#9484,#9485,#9486,#9491));
#9484 = ORIENTED_EDGE('',*,*,#9467,.F.);
#9485 = ORIENTED_EDGE('',*,*,#8788,.T.);
#9486 = ORIENTED_EDGE('',*,*,#9487,.T.);
#9487 = EDGE_CURVE('',#8789,#9297,#9488,.T.);
#9488 = B_SPLINE_CURVE_WITH_KNOTS('',1,(#9489,#9490),.UNSPECIFIED.,.F.,
  .F.,(2,2),(0.,1.E-02),.PIECEWISE_BEZIER_KNOTS.);
#9489 = CARTESIAN_POINT('',(-0.854060981892,-1.005,0.586187974264));
#9490 = CARTESIAN_POINT('',(-0.854060981892,-0.995,0.586187974264));
#9491 = ORIENTED_EDGE('',*,*,#9305,.F.);
#9492 = B_SPLINE_SURFACE_WITH_KNOTS('',3,1,(
    (#9493,#9494)
    ,(#9495,#9496)
    ,(#9497,#9498)
    ,(#9499,#9500
    )),.UNSPECIFIED.,.F.,.F.,.F.,(4,4),(2,2),(4.,5.),(0.,1.),
  .PIECEWISE_BEZIER_KNOTS.);
#9493 = CARTESIAN_POINT('',(-0.842975083928,-1.005,0.585223983736));
#9494 = CARTESIAN_POINT('',(-0.842975083928,-0.995,0.585223983736));
#9495 = CARTESIAN_POINT('',(-0.846831046039,-1.005,0.585705981298));
#9496 = CARTESIAN_POINT('',(-0.846831046039,-0.995,0.585705981298));
#9497 = CARTESIAN_POINT('',(-0.850205019781,-1.005,0.586187974264));
#9498 = CARTESIAN_POINT('',(-0.850205019781,-0.995,0.586187974264));
#9499 = CARTESIAN_POINT('',(-0.854060981892,-1.005,0.586187974264));
#9500 = CARTESIAN_POINT('',(-0.854060981892,-0.995,0.586187974264));
#9501 = ADVANCED_FACE('',(#9502),#9512,.F.);
#9502 = FACE_BOUND('',#9503,.F.);
#9503 = EDGE_LOOP('',(#9504,#9505,#9506,#9511));
#9504 = ORIENTED_EDGE('',*,*,#9487,.F.);
#9505 = ORIENTED_EDGE('',*,*,#8797,.T.);
#9506 = ORIENTED_EDGE('',*,*,#9507,.T.);
#9507 = EDGE_CURVE('',#8798,#9288,#9508,.T.);
#9508 = B_SPLINE_CURVE_WITH_KNOTS('',1,(#9509,#9510),.UNSPECIFIED.,.F.,
  .F.,(2,2),(0.,1.E-02),.PIECEWISE_BEZIER_KNOTS.);
#9509 = CARTESIAN_POINT('',(-0.909490490097,-1.005,0.563052178615));
#9510 = CARTESIAN_POINT('',(-0.909490490097,-0.995,0.563052178615));
#9511 = ORIENTED_EDGE('',*,*,#9296,.F.);
#9512 = B_SPLINE_SURFACE_WITH_KNOTS('',3,1,(
    (#9513,#9514)
    ,(#9515,#9516)
    ,(#9517,#9518)
    ,(#9519,#9520
    )),.UNSPECIFIED.,.F.,.F.,.F.,(4,4),(2,2),(5.,6.),(0.,1.),
  .PIECEWISE_BEZIER_KNOTS.);
#9513 = CARTESIAN_POINT('',(-0.854060981892,-1.005,0.586187974264));
#9514 = CARTESIAN_POINT('',(-0.854060981892,-0.995,0.586187974264));
#9515 = CARTESIAN_POINT('',(-0.874786798923,-1.005,0.586187974264));
#9516 = CARTESIAN_POINT('',(-0.874786798923,-0.995,0.586187974264));
#9517 = CARTESIAN_POINT('',(-0.89454862083,-1.005,0.577994047884));
#9518 = CARTESIAN_POINT('',(-0.89454862083,-0.995,0.577994047884));
#9519 = CARTESIAN_POINT('',(-0.909490490097,-1.005,0.563052178615));
#9520 = CARTESIAN_POINT('',(-0.909490490097,-0.995,0.563052178615));
#9521 = ADVANCED_FACE('',(#9522),#9532,.F.);
#9522 = FACE_BOUND('',#9523,.F.);
#9523 = EDGE_LOOP('',(#9524,#9525,#9526,#9531));
#9524 = ORIENTED_EDGE('',*,*,#9507,.F.);
#9525 = ORIENTED_EDGE('',*,*,#8806,.T.);
#9526 = ORIENTED_EDGE('',*,*,#9527,.T.);
#9527 = EDGE_CURVE('',#8807,#9279,#9528,.T.);
#9528 = B_SPLINE_CURVE_WITH_KNOTS('',1,(#9529,#9530),.UNSPECIFIED.,.F.,
  .F.,(2,2),(0.,1.E-02),.PIECEWISE_BEZIER_KNOTS.);
#9529 = CARTESIAN_POINT('',(-0.932144301974,-1.005,0.508104672569));
#9530 = CARTESIAN_POINT('',(-0.932144301974,-0.995,0.508104672569));
#9531 = ORIENTED_EDGE('',*,*,#9287,.F.);
#9532 = B_SPLINE_SURFACE_WITH_KNOTS('',3,1,(
    (#9533,#9534)
    ,(#9535,#9536)
    ,(#9537,#9538)
    ,(#9539,#9540
    )),.UNSPECIFIED.,.F.,.F.,.F.,(4,4),(2,2),(6.,7.),(0.,1.),
  .PIECEWISE_BEZIER_KNOTS.);
#9533 = CARTESIAN_POINT('',(-0.909490490097,-1.005,0.563052178615));
#9534 = CARTESIAN_POINT('',(-0.909490490097,-0.995,0.563052178615));
#9535 = CARTESIAN_POINT('',(-0.923950374444,-1.005,0.548592311506));
#9536 = CARTESIAN_POINT('',(-0.923950374444,-0.995,0.548592311506));
#9537 = CARTESIAN_POINT('',(-0.932144301974,-1.005,0.528830485003));
#9538 = CARTESIAN_POINT('',(-0.932144301974,-0.995,0.528830485003));
#9539 = CARTESIAN_POINT('',(-0.932144301974,-1.005,0.508104672569));
#9540 = CARTESIAN_POINT('',(-0.932144301974,-0.995,0.508104672569));
#9541 = ADVANCED_FACE('',(#9542),#9552,.F.);
#9542 = FACE_BOUND('',#9543,.F.);
#9543 = EDGE_LOOP('',(#9544,#9545,#9546,#9551));
#9544 = ORIENTED_EDGE('',*,*,#9527,.F.);
#9545 = ORIENTED_EDGE('',*,*,#8815,.T.);
#9546 = ORIENTED_EDGE('',*,*,#9547,.T.);
#9547 = EDGE_CURVE('',#8816,#9270,#9548,.T.);
#9548 = B_SPLINE_CURVE_WITH_KNOTS('',1,(#9549,#9550),.UNSPECIFIED.,.F.,
  .F.,(2,2),(0.,1.E-02),.PIECEWISE_BEZIER_KNOTS.);
#9549 = CARTESIAN_POINT('',(-0.911900482505,-1.005,0.455567149737));
#9550 = CARTESIAN_POINT('',(-0.911900482505,-0.995,0.455567149737));
#9551 = ORIENTED_EDGE('',*,*,#9278,.F.);
#9552 = B_SPLINE_SURFACE_WITH_KNOTS('',3,1,(
    (#9553,#9554)
    ,(#9555,#9556)
    ,(#9557,#9558)
    ,(#9559,#9560
    )),.UNSPECIFIED.,.F.,.F.,.F.,(4,4),(2,2),(7.,8.),(0.,1.),
  .PIECEWISE_BEZIER_KNOTS.);
#9553 = CARTESIAN_POINT('',(-0.932144301974,-1.005,0.508104672569));
#9554 = CARTESIAN_POINT('',(-0.932144301974,-0.995,0.508104672569));
#9555 = CARTESIAN_POINT('',(-0.932144301974,-1.005,0.488824843628));
#9556 = CARTESIAN_POINT('',(-0.932144301974,-0.995,0.488824843628));
#9557 = CARTESIAN_POINT('',(-0.924914366121,-1.005,0.470027003056));
#9558 = CARTESIAN_POINT('',(-0.924914366121,-0.995,0.470027003056));
#9559 = CARTESIAN_POINT('',(-0.911900482505,-1.005,0.455567149737));
#9560 = CARTESIAN_POINT('',(-0.911900482505,-0.995,0.455567149737));
#9561 = ADVANCED_FACE('',(#9562),#9572,.F.);
#9562 = FACE_BOUND('',#9563,.F.);
#9563 = EDGE_LOOP('',(#9564,#9565,#9566,#9571));
#9564 = ORIENTED_EDGE('',*,*,#9547,.F.);
#9565 = ORIENTED_EDGE('',*,*,#8824,.T.);
#9566 = ORIENTED_EDGE('',*,*,#9567,.T.);
#9567 = EDGE_CURVE('',#8825,#9261,#9568,.T.);
#9568 = B_SPLINE_CURVE_WITH_KNOTS('',1,(#9569,#9570),.UNSPECIFIED.,.F.,
  .F.,(2,2),(0.,1.E-02),.PIECEWISE_BEZIER_KNOTS.);
#9569 = CARTESIAN_POINT('',(-0.873340824623,-1.005,0.432431358685));
#9570 = CARTESIAN_POINT('',(-0.873340824623,-0.995,0.432431358685));
#9571 = ORIENTED_EDGE('',*,*,#9269,.F.);
#9572 = B_SPLINE_SURFACE_WITH_KNOTS('',3,1,(
    (#9573,#9574)
    ,(#9575,#9576)
    ,(#9577,#9578)
    ,(#9579,#9580
    )),.UNSPECIFIED.,.F.,.F.,.F.,(4,4),(2,2),(8.,9.),(0.,1.),
  .PIECEWISE_BEZIER_KNOTS.);
#9573 = CARTESIAN_POINT('',(-0.911900482505,-1.005,0.455567149737));
#9574 = CARTESIAN_POINT('',(-0.911900482505,-0.995,0.455567149737));
#9575 = CARTESIAN_POINT('',(-0.901296577507,-1.005,0.443999245017));
#9576 = CARTESIAN_POINT('',(-0.901296577507,-0.995,0.443999245017));
#9577 = CARTESIAN_POINT('',(-0.888282689294,-1.005,0.436287320796));
#9578 = CARTESIAN_POINT('',(-0.888282689294,-0.995,0.436287320796));
#9579 = CARTESIAN_POINT('',(-0.873340824623,-1.005,0.432431358685));
#9580 = CARTESIAN_POINT('',(-0.873340824623,-0.995,0.432431358685));
#9581 = ADVANCED_FACE('',(#9582),#9592,.F.);
#9582 = FACE_BOUND('',#9583,.F.);
#9583 = EDGE_LOOP('',(#9584,#9585,#9586,#9591));
#9584 = ORIENTED_EDGE('',*,*,#9567,.F.);
#9585 = ORIENTED_EDGE('',*,*,#8833,.T.);
#9586 = ORIENTED_EDGE('',*,*,#9587,.T.);
#9587 = EDGE_CURVE('',#8834,#9252,#9588,.T.);
#9588 = B_SPLINE_CURVE_WITH_KNOTS('',1,(#9589,#9590),.UNSPECIFIED.,.F.,
  .F.,(2,2),(0.,1.E-02),.PIECEWISE_BEZIER_KNOTS.);
#9589 = CARTESIAN_POINT('',(-0.827551226292,-1.005,0.399655653163));
#9590 = CARTESIAN_POINT('',(-0.827551226292,-0.995,0.399655653163));
#9591 = ORIENTED_EDGE('',*,*,#9260,.F.);
#9592 = B_SPLINE_SURFACE_WITH_KNOTS('',3,1,(
    (#9593,#9594)
    ,(#9595,#9596)
    ,(#9597,#9598)
    ,(#9599,#9600
    )),.UNSPECIFIED.,.F.,.F.,.F.,(4,4),(2,2),(9.,10.),(0.,1.),
  .PIECEWISE_BEZIER_KNOTS.);
#9593 = CARTESIAN_POINT('',(-0.873340824623,-1.005,0.432431358685));
#9594 = CARTESIAN_POINT('',(-0.873340824623,-0.995,0.432431358685));
#9595 = CARTESIAN_POINT('',(-0.867074879298,-1.005,0.413151529744));
#9596 = CARTESIAN_POINT('',(-0.867074879298,-0.995,0.413151529744));
#9597 = CARTESIAN_POINT('',(-0.848759045481,-1.005,0.399655653163));
#9598 = CARTESIAN_POINT('',(-0.848759045481,-0.995,0.399655653163));
#9599 = CARTESIAN_POINT('',(-0.827551226292,-1.005,0.399655653163));
#9600 = CARTESIAN_POINT('',(-0.827551226292,-0.995,0.399655653163));
#9601 = ADVANCED_FACE('',(#9602),#9612,.F.);
#9602 = FACE_BOUND('',#9603,.F.);
#9603 = EDGE_LOOP('',(#9604,#9605,#9606,#9611));
#9604 = ORIENTED_EDGE('',*,*,#9587,.F.);
#9605 = ORIENTED_EDGE('',*,*,#8842,.T.);
#9606 = ORIENTED_EDGE('',*,*,#9607,.T.);
#9607 = EDGE_CURVE('',#8843,#9243,#9608,.T.);
#9608 = B_SPLINE_CURVE_WITH_KNOTS('',1,(#9609,#9610),.UNSPECIFIED.,.F.,
  .F.,(2,2),(0.,1.E-02),.PIECEWISE_BEZIER_KNOTS.);
#9609 = CARTESIAN_POINT('',(-0.779351653939,-1.005,0.447855225515));
#9610 = CARTESIAN_POINT('',(-0.779351653939,-0.995,0.447855225515));
#9611 = ORIENTED_EDGE('',*,*,#9251,.F.);
#9612 = B_SPLINE_SURFACE_WITH_KNOTS('',3,1,(
    (#9613,#9614)
    ,(#9615,#9616)
    ,(#9617,#9618)
    ,(#9619,#9620
    )),.UNSPECIFIED.,.F.,.F.,.F.,(4,4),(2,2),(10.,11.),(0.,1.),
  .PIECEWISE_BEZIER_KNOTS.);
#9613 = CARTESIAN_POINT('',(-0.827551226292,-1.005,0.399655653163));
#9614 = CARTESIAN_POINT('',(-0.827551226292,-0.995,0.399655653163));
#9615 = CARTESIAN_POINT('',(-0.801041461498,-1.005,0.399655653163));
#9616 = CARTESIAN_POINT('',(-0.801041461498,-0.995,0.399655653163));
#9617 = CARTESIAN_POINT('',(-0.779351653939,-1.005,0.421345460721));
#9618 = CARTESIAN_POINT('',(-0.779351653939,-0.995,0.421345460721));
#9619 = CARTESIAN_POINT('',(-0.779351653939,-1.005,0.447855225515));
#9620 = CARTESIAN_POINT('',(-0.779351653939,-0.995,0.447855225515));
#9621 = ADVANCED_FACE('',(#9622),#9632,.F.);
#9622 = FACE_BOUND('',#9623,.T.);
#9623 = EDGE_LOOP('',(#9624,#9625,#9630,#9631));
#9624 = ORIENTED_EDGE('',*,*,#9242,.T.);
#9625 = ORIENTED_EDGE('',*,*,#9626,.F.);
#9626 = EDGE_CURVE('',#8852,#9236,#9627,.T.);
#9627 = B_SPLINE_CURVE_WITH_KNOTS('',1,(#9628,#9629),.UNSPECIFIED.,.F.,
  .F.,(2,2),(0.,1.E-02),.PIECEWISE_BEZIER_KNOTS.);
#9628 = CARTESIAN_POINT('',(-0.779351653939,-1.005,0.452675182751));
#9629 = CARTESIAN_POINT('',(-0.779351653939,-0.995,0.452675182751));
#9630 = ORIENTED_EDGE('',*,*,#8851,.F.);
#9631 = ORIENTED_EDGE('',*,*,#9607,.T.);
#9632 = B_SPLINE_SURFACE_WITH_KNOTS('',1,1,(
    (#9633,#9634)
    ,(#9635,#9636
    )),.UNSPECIFIED.,.F.,.F.,.F.,(2,2),(2,2),(0.,4.819957235555E-03),(0.
    ,1.E-02),.PIECEWISE_BEZIER_KNOTS.);
#9633 = CARTESIAN_POINT('',(-0.779351653939,-1.005,0.447855225515));
#9634 = CARTESIAN_POINT('',(-0.779351653939,-0.995,0.447855225515));
#9635 = CARTESIAN_POINT('',(-0.779351653939,-1.005,0.452675182751));
#9636 = CARTESIAN_POINT('',(-0.779351653939,-0.995,0.452675182751));
#9637 = ADVANCED_FACE('',(#9638),#9648,.F.);
#9638 = FACE_BOUND('',#9639,.T.);
#9639 = EDGE_LOOP('',(#9640,#9641,#9646,#9647));
#9640 = ORIENTED_EDGE('',*,*,#9235,.T.);
#9641 = ORIENTED_EDGE('',*,*,#9642,.F.);
#9642 = EDGE_CURVE('',#8861,#9229,#9643,.T.);
#9643 = B_SPLINE_CURVE_WITH_KNOTS('',1,(#9644,#9645),.UNSPECIFIED.,.F.,
  .F.,(2,2),(0.,1.E-02),.PIECEWISE_BEZIER_KNOTS.);
#9644 = CARTESIAN_POINT('',(-0.711872252646,-1.005,0.488342864453));
#9645 = CARTESIAN_POINT('',(-0.711872252646,-0.995,0.488342864453));
#9646 = ORIENTED_EDGE('',*,*,#8860,.F.);
#9647 = ORIENTED_EDGE('',*,*,#9626,.T.);
#9648 = B_SPLINE_SURFACE_WITH_KNOTS('',1,1,(
    (#9649,#9650)
    ,(#9651,#9652
    )),.UNSPECIFIED.,.F.,.F.,.F.,(2,2),(2,2),(-1.240950235487E-16,
    7.632596620359E-02),(0.,1.E-02),.PIECEWISE_BEZIER_KNOTS.);
#9649 = CARTESIAN_POINT('',(-0.779351653939,-1.005,0.452675182751));
#9650 = CARTESIAN_POINT('',(-0.779351653939,-0.995,0.452675182751));
#9651 = CARTESIAN_POINT('',(-0.711872252646,-1.005,0.488342864453));
#9652 = CARTESIAN_POINT('',(-0.711872252646,-0.995,0.488342864453));
#9653 = ADVANCED_FACE('',(#9654),#9664,.F.);
#9654 = FACE_BOUND('',#9655,.T.);
#9655 = EDGE_LOOP('',(#9656,#9657,#9662,#9663));
#9656 = ORIENTED_EDGE('',*,*,#9228,.T.);
#9657 = ORIENTED_EDGE('',*,*,#9658,.F.);
#9658 = EDGE_CURVE('',#8868,#9222,#9659,.T.);
#9659 = B_SPLINE_CURVE_WITH_KNOTS('',1,(#9660,#9661),.UNSPECIFIED.,.F.,
  .F.,(2,2),(0.,1.E-02),.PIECEWISE_BEZIER_KNOTS.);
#9660 = CARTESIAN_POINT('',(-0.72681411272,-1.005,0.513888643315));
#9661 = CARTESIAN_POINT('',(-0.72681411272,-0.995,0.513888643315));
#9662 = ORIENTED_EDGE('',*,*,#8867,.F.);
#9663 = ORIENTED_EDGE('',*,*,#9642,.T.);
#9664 = B_SPLINE_SURFACE_WITH_KNOTS('',1,1,(
    (#9665,#9666)
    ,(#9667,#9668
    )),.UNSPECIFIED.,.F.,.F.,.F.,(2,2),(2,2),(0.,2.959469547388E-02),(0.
    ,1.E-02),.PIECEWISE_BEZIER_KNOTS.);
#9665 = CARTESIAN_POINT('',(-0.711872252646,-1.005,0.488342864453));
#9666 = CARTESIAN_POINT('',(-0.711872252646,-0.995,0.488342864453));
#9667 = CARTESIAN_POINT('',(-0.72681411272,-1.005,0.513888643315));
#9668 = CARTESIAN_POINT('',(-0.72681411272,-0.995,0.513888643315));
#9669 = ADVANCED_FACE('',(#9670),#9680,.F.);
#9670 = FACE_BOUND('',#9671,.T.);
#9671 = EDGE_LOOP('',(#9672,#9673,#9678,#9679));
#9672 = ORIENTED_EDGE('',*,*,#9221,.T.);
#9673 = ORIENTED_EDGE('',*,*,#9674,.F.);
#9674 = EDGE_CURVE('',#8875,#9213,#9675,.T.);
#9675 = B_SPLINE_CURVE_WITH_KNOTS('',1,(#9676,#9677),.UNSPECIFIED.,.F.,
  .F.,(2,2),(0.,1.E-02),.PIECEWISE_BEZIER_KNOTS.);
#9676 = CARTESIAN_POINT('',(-0.791401537834,-1.005,0.480148942669));
#9677 = CARTESIAN_POINT('',(-0.791401537834,-0.995,0.480148942669));
#9678 = ORIENTED_EDGE('',*,*,#8874,.F.);
#9679 = ORIENTED_EDGE('',*,*,#9658,.T.);
#9680 = B_SPLINE_SURFACE_WITH_KNOTS('',1,1,(
    (#9681,#9682)
    ,(#9683,#9684
    )),.UNSPECIFIED.,.F.,.F.,.F.,(2,2),(2,2),(0.,7.286908042864E-02),(0.
    ,1.E-02),.PIECEWISE_BEZIER_KNOTS.);
#9681 = CARTESIAN_POINT('',(-0.72681411272,-1.005,0.513888643315));
#9682 = CARTESIAN_POINT('',(-0.72681411272,-0.995,0.513888643315));
#9683 = CARTESIAN_POINT('',(-0.791401537834,-1.005,0.480148942669));
#9684 = CARTESIAN_POINT('',(-0.791401537834,-0.995,0.480148942669));
#9685 = ADVANCED_FACE('',(#9686),#9696,.F.);
#9686 = FACE_BOUND('',#9687,.F.);
#9687 = EDGE_LOOP('',(#9688,#9689,#9690,#9695));
#9688 = ORIENTED_EDGE('',*,*,#9674,.F.);
#9689 = ORIENTED_EDGE('',*,*,#8881,.T.);
#9690 = ORIENTED_EDGE('',*,*,#9691,.T.);
#9691 = EDGE_CURVE('',#8882,#9204,#9692,.T.);
#9692 = B_SPLINE_CURVE_WITH_KNOTS('',1,(#9693,#9694),.UNSPECIFIED.,.F.,
  .F.,(2,2),(0.,1.E-02),.PIECEWISE_BEZIER_KNOTS.);
#9693 = CARTESIAN_POINT('',(-0.827551217098,-1.005,0.49653679543));
#9694 = CARTESIAN_POINT('',(-0.827551217098,-0.995,0.49653679543));
#9695 = ORIENTED_EDGE('',*,*,#9212,.F.);
#9696 = B_SPLINE_SURFACE_WITH_KNOTS('',3,1,(
    (#9697,#9698)
    ,(#9699,#9700)
    ,(#9701,#9702)
    ,(#9703,#9704
    )),.UNSPECIFIED.,.F.,.F.,.F.,(4,4),(2,2),(15.,16.),(0.,1.),
  .PIECEWISE_BEZIER_KNOTS.);
#9697 = CARTESIAN_POINT('',(-0.791401537834,-1.005,0.480148942669));
#9698 = CARTESIAN_POINT('',(-0.791401537834,-0.995,0.480148942669));
#9699 = CARTESIAN_POINT('',(-0.80007745718,-1.005,0.490270854701));
#9700 = CARTESIAN_POINT('',(-0.80007745718,-0.995,0.490270854701));
#9701 = CARTESIAN_POINT('',(-0.813091345393,-1.005,0.49653679543));
#9702 = CARTESIAN_POINT('',(-0.813091345393,-0.995,0.49653679543));
#9703 = CARTESIAN_POINT('',(-0.827551217098,-1.005,0.49653679543));
#9704 = CARTESIAN_POINT('',(-0.827551217098,-0.995,0.49653679543));
#9705 = ADVANCED_FACE('',(#9706),#9716,.F.);
#9706 = FACE_BOUND('',#9707,.F.);
#9707 = EDGE_LOOP('',(#9708,#9709,#9710,#9715));
#9708 = ORIENTED_EDGE('',*,*,#9691,.F.);
#9709 = ORIENTED_EDGE('',*,*,#8890,.T.);
#9710 = ORIENTED_EDGE('',*,*,#9711,.T.);
#9711 = EDGE_CURVE('',#8891,#9195,#9712,.T.);
#9712 = B_SPLINE_CURVE_WITH_KNOTS('',1,(#9713,#9714),.UNSPECIFIED.,.F.,
  .F.,(2,2),(0.,1.E-02),.PIECEWISE_BEZIER_KNOTS.);
#9713 = CARTESIAN_POINT('',(-0.872858813271,-1.005,0.464725075839));
#9714 = CARTESIAN_POINT('',(-0.872858813271,-0.995,0.464725075839));
#9715 = ORIENTED_EDGE('',*,*,#9203,.F.);
#9716 = B_SPLINE_SURFACE_WITH_KNOTS('',3,1,(
    (#9717,#9718)
    ,(#9719,#9720)
    ,(#9721,#9722)
    ,(#9723,#9724
    )),.UNSPECIFIED.,.F.,.F.,.F.,(4,4),(2,2),(16.,17.),(0.,1.),
  .PIECEWISE_BEZIER_KNOTS.);
#9717 = CARTESIAN_POINT('',(-0.827551217098,-1.005,0.49653679543));
#9718 = CARTESIAN_POINT('',(-0.827551217098,-0.995,0.49653679543));
#9719 = CARTESIAN_POINT('',(-0.848277038726,-1.005,0.49653679543));
#9720 = CARTESIAN_POINT('',(-0.848277038726,-0.995,0.49653679543));
#9721 = CARTESIAN_POINT('',(-0.86611087498,-1.005,0.483040918849));
#9722 = CARTESIAN_POINT('',(-0.86611087498,-0.995,0.483040918849));
#9723 = CARTESIAN_POINT('',(-0.872858813271,-1.005,0.464725075839));
#9724 = CARTESIAN_POINT('',(-0.872858813271,-0.995,0.464725075839));
#9725 = ADVANCED_FACE('',(#9726),#9736,.F.);
#9726 = FACE_BOUND('',#9727,.F.);
#9727 = EDGE_LOOP('',(#9728,#9729,#9730,#9735));
#9728 = ORIENTED_EDGE('',*,*,#9711,.F.);
#9729 = ORIENTED_EDGE('',*,*,#8899,.T.);
#9730 = ORIENTED_EDGE('',*,*,#9731,.T.);
#9731 = EDGE_CURVE('',#8900,#9186,#9732,.T.);
#9732 = B_SPLINE_CURVE_WITH_KNOTS('',1,(#9733,#9734),.UNSPECIFIED.,.F.,
  .F.,(2,2),(0.,1.E-02),.PIECEWISE_BEZIER_KNOTS.);
#9733 = CARTESIAN_POINT('',(-0.901778556682,-1.005,0.50906868608));
#9734 = CARTESIAN_POINT('',(-0.901778556682,-0.995,0.50906868608));
#9735 = ORIENTED_EDGE('',*,*,#9194,.F.);
#9736 = B_SPLINE_SURFACE_WITH_KNOTS('',3,1,(
    (#9737,#9738)
    ,(#9739,#9740)
    ,(#9741,#9742)
    ,(#9743,#9744
    )),.UNSPECIFIED.,.F.,.F.,.F.,(4,4),(2,2),(17.,18.),(0.,1.),
  .PIECEWISE_BEZIER_KNOTS.);
#9737 = CARTESIAN_POINT('',(-0.872858813271,-1.005,0.464725075839));
#9738 = CARTESIAN_POINT('',(-0.872858813271,-0.995,0.464725075839));
#9739 = CARTESIAN_POINT('',(-0.889728663594,-1.005,0.472437009253));
#9740 = CARTESIAN_POINT('',(-0.889728663594,-0.995,0.472437009253));
#9741 = CARTESIAN_POINT('',(-0.901778556682,-1.005,0.489306859577));
#9742 = CARTESIAN_POINT('',(-0.901778556682,-0.995,0.489306859577));
#9743 = CARTESIAN_POINT('',(-0.901778556682,-1.005,0.50906868608));
#9744 = CARTESIAN_POINT('',(-0.901778556682,-0.995,0.50906868608));
#9745 = ADVANCED_FACE('',(#9746),#9756,.F.);
#9746 = FACE_BOUND('',#9747,.F.);
#9747 = EDGE_LOOP('',(#9748,#9749,#9750,#9755));
#9748 = ORIENTED_EDGE('',*,*,#9731,.F.);
#9749 = ORIENTED_EDGE('',*,*,#8908,.T.);
#9750 = ORIENTED_EDGE('',*,*,#9751,.T.);
#9751 = EDGE_CURVE('',#8909,#9177,#9752,.T.);
#9752 = B_SPLINE_CURVE_WITH_KNOTS('',1,(#9753,#9754),.UNSPECIFIED.,.F.,
  .F.,(2,2),(0.,1.E-02),.PIECEWISE_BEZIER_KNOTS.);
#9753 = CARTESIAN_POINT('',(-0.85357898433,-1.005,0.557268258432));
#9754 = CARTESIAN_POINT('',(-0.85357898433,-0.995,0.557268258432));
#9755 = ORIENTED_EDGE('',*,*,#9185,.F.);
#9756 = B_SPLINE_SURFACE_WITH_KNOTS('',3,1,(
    (#9757,#9758)
    ,(#9759,#9760)
    ,(#9761,#9762)
    ,(#9763,#9764
    )),.UNSPECIFIED.,.F.,.F.,.F.,(4,4),(2,2),(18.,19.),(0.,1.),
  .PIECEWISE_BEZIER_KNOTS.);
#9757 = CARTESIAN_POINT('',(-0.901778556682,-1.005,0.50906868608));
#9758 = CARTESIAN_POINT('',(-0.901778556682,-0.995,0.50906868608));
#9759 = CARTESIAN_POINT('',(-0.901778556682,-1.005,0.535578450874));
#9760 = CARTESIAN_POINT('',(-0.901778556682,-0.995,0.535578450874));
#9761 = CARTESIAN_POINT('',(-0.880088749124,-1.005,0.557268258432));
#9762 = CARTESIAN_POINT('',(-0.880088749124,-0.995,0.557268258432));
#9763 = CARTESIAN_POINT('',(-0.85357898433,-1.005,0.557268258432));
#9764 = CARTESIAN_POINT('',(-0.85357898433,-0.995,0.557268258432));
#9765 = ADVANCED_FACE('',(#9766),#9776,.F.);
#9766 = FACE_BOUND('',#9767,.F.);
#9767 = EDGE_LOOP('',(#9768,#9769,#9770,#9775));
#9768 = ORIENTED_EDGE('',*,*,#9751,.F.);
#9769 = ORIENTED_EDGE('',*,*,#8917,.T.);
#9770 = ORIENTED_EDGE('',*,*,#9771,.T.);
#9771 = EDGE_CURVE('',#8918,#9168,#9772,.T.);
#9772 = B_SPLINE_CURVE_WITH_KNOTS('',1,(#9773,#9774),.UNSPECIFIED.,.F.,
  .F.,(2,2),(0.,1.E-02),.PIECEWISE_BEZIER_KNOTS.);
#9773 = CARTESIAN_POINT('',(-0.828033214661,-1.005,0.550038322579));
#9774 = CARTESIAN_POINT('',(-0.828033214661,-0.995,0.550038322579));
#9775 = ORIENTED_EDGE('',*,*,#9176,.F.);
#9776 = B_SPLINE_SURFACE_WITH_KNOTS('',3,1,(
    (#9777,#9778)
    ,(#9779,#9780)
    ,(#9781,#9782)
    ,(#9783,#9784
    )),.UNSPECIFIED.,.F.,.F.,.F.,(4,4),(2,2),(19.,20.),(0.,1.),
  .PIECEWISE_BEZIER_KNOTS.);
#9777 = CARTESIAN_POINT('',(-0.85357898433,-1.005,0.557268258432));
#9778 = CARTESIAN_POINT('',(-0.85357898433,-0.995,0.557268258432));
#9779 = CARTESIAN_POINT('',(-0.844421067422,-1.005,0.557268258432));
#9780 = CARTESIAN_POINT('',(-0.844421067422,-0.995,0.557268258432));
#9781 = CARTESIAN_POINT('',(-0.835263150513,-1.005,0.554376282253));
#9782 = CARTESIAN_POINT('',(-0.835263150513,-0.995,0.554376282253));
#9783 = CARTESIAN_POINT('',(-0.828033214661,-1.005,0.550038322579));
#9784 = CARTESIAN_POINT('',(-0.828033214661,-0.995,0.550038322579));
#9785 = ADVANCED_FACE('',(#9786),#9796,.F.);
#9786 = FACE_BOUND('',#9787,.F.);
#9787 = EDGE_LOOP('',(#9788,#9789,#9790,#9795));
#9788 = ORIENTED_EDGE('',*,*,#9771,.F.);
#9789 = ORIENTED_EDGE('',*,*,#8926,.T.);
#9790 = ORIENTED_EDGE('',*,*,#9791,.T.);
#9791 = EDGE_CURVE('',#8927,#9159,#9792,.T.);
#9792 = B_SPLINE_CURVE_WITH_KNOTS('',1,(#9793,#9794),.UNSPECIFIED.,.F.,
  .F.,(2,2),(0.,1.E-02),.PIECEWISE_BEZIER_KNOTS.);
#9793 = CARTESIAN_POINT('',(-0.76344579874,-1.005,0.596309886297));
#9794 = CARTESIAN_POINT('',(-0.76344579874,-0.995,0.596309886297));
#9795 = ORIENTED_EDGE('',*,*,#9167,.F.);
#9796 = B_SPLINE_SURFACE_WITH_KNOTS('',3,1,(
    (#9797,#9798)
    ,(#9799,#9800)
    ,(#9801,#9802)
    ,(#9803,#9804
    )),.UNSPECIFIED.,.F.,.F.,.F.,(4,4),(2,2),(20.,21.),(0.,1.),
  .PIECEWISE_BEZIER_KNOTS.);
#9797 = CARTESIAN_POINT('',(-0.828033214661,-1.005,0.550038322579));
#9798 = CARTESIAN_POINT('',(-0.828033214661,-0.995,0.550038322579));
#9799 = CARTESIAN_POINT('',(-0.818875306946,-1.005,0.577030057356));
#9800 = CARTESIAN_POINT('',(-0.818875306946,-0.995,0.577030057356));
#9801 = CARTESIAN_POINT('',(-0.793811525645,-1.005,0.596309886297));
#9802 = CARTESIAN_POINT('',(-0.793811525645,-0.995,0.596309886297));
#9803 = CARTESIAN_POINT('',(-0.76344579874,-1.005,0.596309886297));
#9804 = CARTESIAN_POINT('',(-0.76344579874,-0.995,0.596309886297));
#9805 = ADVANCED_FACE('',(#9806),#9816,.F.);
#9806 = FACE_BOUND('',#9807,.F.);
#9807 = EDGE_LOOP('',(#9808,#9809,#9810,#9815));
#9808 = ORIENTED_EDGE('',*,*,#9791,.F.);
#9809 = ORIENTED_EDGE('',*,*,#8935,.T.);
#9810 = ORIENTED_EDGE('',*,*,#9811,.T.);
#9811 = EDGE_CURVE('',#8936,#9150,#9812,.T.);
#9812 = B_SPLINE_CURVE_WITH_KNOTS('',1,(#9813,#9814),.UNSPECIFIED.,.F.,
  .F.,(2,2),(0.,1.E-02),.PIECEWISE_BEZIER_KNOTS.);
#9813 = CARTESIAN_POINT('',(-0.695966397447,-1.005,0.536060420856));
#9814 = CARTESIAN_POINT('',(-0.695966397447,-0.995,0.536060420856));
#9815 = ORIENTED_EDGE('',*,*,#9158,.F.);
#9816 = B_SPLINE_SURFACE_WITH_KNOTS('',3,1,(
    (#9817,#9818)
    ,(#9819,#9820)
    ,(#9821,#9822)
    ,(#9823,#9824
    )),.UNSPECIFIED.,.F.,.F.,.F.,(4,4),(2,2),(21.,22.),(0.,1.),
  .PIECEWISE_BEZIER_KNOTS.);
#9817 = CARTESIAN_POINT('',(-0.76344579874,-1.005,0.596309886297));
#9818 = CARTESIAN_POINT('',(-0.76344579874,-0.995,0.596309886297));
#9819 = CARTESIAN_POINT('',(-0.728742102969,-1.005,0.596309886297));
#9820 = CARTESIAN_POINT('',(-0.728742102969,-0.995,0.596309886297));
#9821 = CARTESIAN_POINT('',(-0.699822359558,-1.005,0.569800121503));
#9822 = CARTESIAN_POINT('',(-0.699822359558,-0.995,0.569800121503));
#9823 = CARTESIAN_POINT('',(-0.695966397447,-1.005,0.536060420856));
#9824 = CARTESIAN_POINT('',(-0.695966397447,-0.995,0.536060420856));
#9825 = ADVANCED_FACE('',(#9826),#9836,.F.);
#9826 = FACE_BOUND('',#9827,.T.);
#9827 = EDGE_LOOP('',(#9828,#9829,#9834,#9835));
#9828 = ORIENTED_EDGE('',*,*,#9149,.T.);
#9829 = ORIENTED_EDGE('',*,*,#9830,.F.);
#9830 = EDGE_CURVE('',#8945,#9141,#9831,.T.);
#9831 = B_SPLINE_CURVE_WITH_KNOTS('',1,(#9832,#9833),.UNSPECIFIED.,.F.,
  .F.,(2,2),(0.,1.E-02),.PIECEWISE_BEZIER_KNOTS.);
#9832 = CARTESIAN_POINT('',(-0.692110435336,-1.005,0.536060420856));
#9833 = CARTESIAN_POINT('',(-0.692110435336,-0.995,0.536060420856));
#9834 = ORIENTED_EDGE('',*,*,#8944,.F.);
#9835 = ORIENTED_EDGE('',*,*,#9811,.T.);
#9836 = B_SPLINE_SURFACE_WITH_KNOTS('',1,1,(
    (#9837,#9838)
    ,(#9839,#9840
    )),.UNSPECIFIED.,.F.,.F.,.F.,(2,2),(2,2),(0.,3.855962110924E-03),(0.
    ,1.E-02),.PIECEWISE_BEZIER_KNOTS.);
#9837 = CARTESIAN_POINT('',(-0.695966397447,-1.005,0.536060420856));
#9838 = CARTESIAN_POINT('',(-0.695966397447,-0.995,0.536060420856));
#9839 = CARTESIAN_POINT('',(-0.692110435336,-1.005,0.536060420856));
#9840 = CARTESIAN_POINT('',(-0.692110435336,-0.995,0.536060420856));
#9841 = ADVANCED_FACE('',(#9842),#9852,.F.);
#9842 = FACE_BOUND('',#9843,.F.);
#9843 = EDGE_LOOP('',(#9844,#9845,#9846,#9851));
#9844 = ORIENTED_EDGE('',*,*,#9830,.F.);
#9845 = ORIENTED_EDGE('',*,*,#8953,.T.);
#9846 = ORIENTED_EDGE('',*,*,#9847,.T.);
#9847 = EDGE_CURVE('',#8954,#9132,#9848,.T.);
#9848 = B_SPLINE_CURVE_WITH_KNOTS('',1,(#9849,#9850),.UNSPECIFIED.,.F.,
  .F.,(2,2),(0.,1.E-02),.PIECEWISE_BEZIER_KNOTS.);
#9849 = CARTESIAN_POINT('',(-0.654514772578,-1.005,0.498464758099));
#9850 = CARTESIAN_POINT('',(-0.654514772578,-0.995,0.498464758099));
#9851 = ORIENTED_EDGE('',*,*,#9140,.F.);
#9852 = B_SPLINE_SURFACE_WITH_KNOTS('',3,1,(
    (#9853,#9854)
    ,(#9855,#9856)
    ,(#9857,#9858)
    ,(#9859,#9860
    )),.UNSPECIFIED.,.F.,.F.,.F.,(4,4),(2,2),(23.,24.),(0.,1.),
  .PIECEWISE_BEZIER_KNOTS.);
#9853 = CARTESIAN_POINT('',(-0.692110435336,-1.005,0.536060420856));
#9854 = CARTESIAN_POINT('',(-0.692110435336,-0.995,0.536060420856));
#9855 = CARTESIAN_POINT('',(-0.671384622902,-1.005,0.536060420856));
#9856 = CARTESIAN_POINT('',(-0.671384622902,-0.995,0.536060420856));
#9857 = CARTESIAN_POINT('',(-0.654514772578,-1.005,0.519190570533));
#9858 = CARTESIAN_POINT('',(-0.654514772578,-0.995,0.519190570533));
#9859 = CARTESIAN_POINT('',(-0.654514772578,-1.005,0.498464758099));
#9860 = CARTESIAN_POINT('',(-0.654514772578,-0.995,0.498464758099));
#9861 = ADVANCED_FACE('',(#9862),#9872,.F.);
#9862 = FACE_BOUND('',#9863,.F.);
#9863 = EDGE_LOOP('',(#9864,#9865,#9866,#9871));
#9864 = ORIENTED_EDGE('',*,*,#9847,.F.);
#9865 = ORIENTED_EDGE('',*,*,#8962,.T.);
#9866 = ORIENTED_EDGE('',*,*,#9867,.T.);
#9867 = EDGE_CURVE('',#8963,#9125,#9868,.T.);
#9868 = B_SPLINE_CURVE_WITH_KNOTS('',1,(#9869,#9870),.UNSPECIFIED.,.F.,
  .F.,(2,2),(0.,1.E-02),.PIECEWISE_BEZIER_KNOTS.);
#9869 = CARTESIAN_POINT('',(-0.689218468349,-1.005,0.460869095341));
#9870 = CARTESIAN_POINT('',(-0.689218468349,-0.995,0.460869095341));
#9871 = ORIENTED_EDGE('',*,*,#9131,.F.);
#9872 = B_SPLINE_SURFACE_WITH_KNOTS('',3,1,(
    (#9873,#9874)
    ,(#9875,#9876)
    ,(#9877,#9878)
    ,(#9879,#9880
    )),.UNSPECIFIED.,.F.,.F.,.F.,(4,4),(2,2),(24.,25.),(0.,1.),
  .PIECEWISE_BEZIER_KNOTS.);
#9873 = CARTESIAN_POINT('',(-0.654514772578,-1.005,0.498464758099));
#9874 = CARTESIAN_POINT('',(-0.654514772578,-0.995,0.498464758099));
#9875 = CARTESIAN_POINT('',(-0.654514772578,-1.005,0.478702931595));
#9876 = CARTESIAN_POINT('',(-0.654514772578,-0.995,0.478702931595));
#9877 = CARTESIAN_POINT('',(-0.669456632653,-1.005,0.462315078834));
#9878 = CARTESIAN_POINT('',(-0.669456632653,-0.995,0.462315078834));
#9879 = CARTESIAN_POINT('',(-0.689218468349,-1.005,0.460869095341));
#9880 = CARTESIAN_POINT('',(-0.689218468349,-0.995,0.460869095341));
#9881 = ADVANCED_FACE('',(#9882),#9892,.F.);
#9882 = FACE_BOUND('',#9883,.T.);
#9883 = EDGE_LOOP('',(#9884,#9885,#9890,#9891));
#9884 = ORIENTED_EDGE('',*,*,#9124,.T.);
#9885 = ORIENTED_EDGE('',*,*,#9886,.F.);
#9886 = EDGE_CURVE('',#8972,#9116,#9887,.T.);
#9887 = B_SPLINE_CURVE_WITH_KNOTS('',1,(#9888,#9889),.UNSPECIFIED.,.F.,
  .F.,(2,2),(0.,1.E-02),.PIECEWISE_BEZIER_KNOTS.);
#9888 = CARTESIAN_POINT('',(-0.710908275908,-1.005,0.460869095341));
#9889 = CARTESIAN_POINT('',(-0.710908275908,-0.995,0.460869095341));
#9890 = ORIENTED_EDGE('',*,*,#8971,.F.);
#9891 = ORIENTED_EDGE('',*,*,#9867,.T.);
#9892 = B_SPLINE_SURFACE_WITH_KNOTS('',1,1,(
    (#9893,#9894)
    ,(#9895,#9896
    )),.UNSPECIFIED.,.F.,.F.,.F.,(2,2),(2,2),(1.110223024625E-16,
    2.168980755861E-02),(0.,1.E-02),.PIECEWISE_BEZIER_KNOTS.);
#9893 = CARTESIAN_POINT('',(-0.689218468349,-1.005,0.460869095341));
#9894 = CARTESIAN_POINT('',(-0.689218468349,-0.995,0.460869095341));
#9895 = CARTESIAN_POINT('',(-0.710908275908,-1.005,0.460869095341));
#9896 = CARTESIAN_POINT('',(-0.710908275908,-0.995,0.460869095341));
#9897 = ADVANCED_FACE('',(#9898),#9908,.F.);
#9898 = FACE_BOUND('',#9899,.F.);
#9899 = EDGE_LOOP('',(#9900,#9901,#9902,#9907));
#9900 = ORIENTED_EDGE('',*,*,#9886,.F.);
#9901 = ORIENTED_EDGE('',*,*,#8978,.T.);
#9902 = ORIENTED_EDGE('',*,*,#9903,.T.);
#9903 = EDGE_CURVE('',#8979,#9107,#9904,.T.);
#9904 = B_SPLINE_CURVE_WITH_KNOTS('',1,(#9905,#9906),.UNSPECIFIED.,.F.,
  .F.,(2,2),(0.,1.E-02),.PIECEWISE_BEZIER_KNOTS.);
#9905 = CARTESIAN_POINT('',(-0.713800242894,-1.005,0.46135108371));
#9906 = CARTESIAN_POINT('',(-0.713800242894,-0.995,0.46135108371));
#9907 = ORIENTED_EDGE('',*,*,#9115,.F.);
#9908 = B_SPLINE_SURFACE_WITH_KNOTS('',3,1,(
    (#9909,#9910)
    ,(#9911,#9912)
    ,(#9913,#9914)
    ,(#9915,#9916
    )),.UNSPECIFIED.,.F.,.F.,.F.,(4,4),(2,2),(26.,27.),(0.,1.),
  .PIECEWISE_BEZIER_KNOTS.);
#9909 = CARTESIAN_POINT('',(-0.710908275908,-1.005,0.460869095341));
#9910 = CARTESIAN_POINT('',(-0.710908275908,-0.995,0.460869095341));
#9911 = CARTESIAN_POINT('',(-0.711872271032,-1.005,0.460869095341));
#9912 = CARTESIAN_POINT('',(-0.711872271032,-0.995,0.460869095341));
#9913 = CARTESIAN_POINT('',(-0.712836266157,-1.005,0.46135108371));
#9914 = CARTESIAN_POINT('',(-0.712836266157,-0.995,0.46135108371));
#9915 = CARTESIAN_POINT('',(-0.713800242894,-1.005,0.46135108371));
#9916 = CARTESIAN_POINT('',(-0.713800242894,-0.995,0.46135108371));
#9917 = ADVANCED_FACE('',(#9918),#9928,.F.);
#9918 = FACE_BOUND('',#9919,.F.);
#9919 = EDGE_LOOP('',(#9920,#9921,#9922,#9927));
#9920 = ORIENTED_EDGE('',*,*,#9903,.F.);
#9921 = ORIENTED_EDGE('',*,*,#8987,.T.);
#9922 = ORIENTED_EDGE('',*,*,#9923,.T.);
#9923 = EDGE_CURVE('',#8988,#9098,#9924,.T.);
#9924 = B_SPLINE_CURVE_WITH_KNOTS('',1,(#9925,#9926),.UNSPECIFIED.,.F.,
  .F.,(2,2),(0.,1.E-02),.PIECEWISE_BEZIER_KNOTS.);
#9925 = CARTESIAN_POINT('',(-0.728742102969,-1.005,0.446409223635));
#9926 = CARTESIAN_POINT('',(-0.728742102969,-0.995,0.446409223635));
#9927 = ORIENTED_EDGE('',*,*,#9106,.F.);
#9928 = B_SPLINE_SURFACE_WITH_KNOTS('',3,1,(
    (#9929,#9930)
    ,(#9931,#9932)
    ,(#9933,#9934)
    ,(#9935,#9936
    )),.UNSPECIFIED.,.F.,.F.,.F.,(4,4),(2,2),(27.,28.),(0.,1.),
  .PIECEWISE_BEZIER_KNOTS.);
#9929 = CARTESIAN_POINT('',(-0.713800242894,-1.005,0.46135108371));
#9930 = CARTESIAN_POINT('',(-0.713800242894,-0.995,0.46135108371));
#9931 = CARTESIAN_POINT('',(-0.721994173872,-1.005,0.46135108371));
#9932 = CARTESIAN_POINT('',(-0.721994173872,-0.995,0.46135108371));
#9933 = CARTESIAN_POINT('',(-0.728742102969,-1.005,0.454603136226));
#9934 = CARTESIAN_POINT('',(-0.728742102969,-0.995,0.454603136226));
#9935 = CARTESIAN_POINT('',(-0.728742102969,-1.005,0.446409223635));
#9936 = CARTESIAN_POINT('',(-0.728742102969,-0.995,0.446409223635));
#9937 = ADVANCED_FACE('',(#9938),#9948,.F.);
#9938 = FACE_BOUND('',#9939,.F.);
#9939 = EDGE_LOOP('',(#9940,#9941,#9942,#9947));
#9940 = ORIENTED_EDGE('',*,*,#9923,.F.);
#9941 = ORIENTED_EDGE('',*,*,#8996,.T.);
#9942 = ORIENTED_EDGE('',*,*,#9943,.T.);
#9943 = EDGE_CURVE('',#8997,#9091,#9944,.T.);
#9944 = B_SPLINE_CURVE_WITH_KNOTS('',1,(#9945,#9946),.UNSPECIFIED.,.F.,
  .F.,(2,2),(0.,1.E-02),.PIECEWISE_BEZIER_KNOTS.);
#9945 = CARTESIAN_POINT('',(-0.714764219632,-1.005,0.43146736356));
#9946 = CARTESIAN_POINT('',(-0.714764219632,-0.995,0.43146736356));
#9947 = ORIENTED_EDGE('',*,*,#9097,.F.);
#9948 = B_SPLINE_SURFACE_WITH_KNOTS('',3,1,(
    (#9949,#9950)
    ,(#9951,#9952)
    ,(#9953,#9954)
    ,(#9955,#9956
    )),.UNSPECIFIED.,.F.,.F.,.F.,(4,4),(2,2),(28.,29.),(0.,1.),
  .PIECEWISE_BEZIER_KNOTS.);
#9949 = CARTESIAN_POINT('',(-0.728742102969,-1.005,0.446409223635));
#9950 = CARTESIAN_POINT('',(-0.728742102969,-0.995,0.446409223635));
#9951 = CARTESIAN_POINT('',(-0.728742102969,-1.005,0.438697299414));
#9952 = CARTESIAN_POINT('',(-0.728742102969,-0.995,0.438697299414));
#9953 = CARTESIAN_POINT('',(-0.722476162241,-1.005,0.431949351929));
#9954 = CARTESIAN_POINT('',(-0.722476162241,-0.995,0.431949351929));
#9955 = CARTESIAN_POINT('',(-0.714764219632,-1.005,0.43146736356));
#9956 = CARTESIAN_POINT('',(-0.714764219632,-0.995,0.43146736356));
#9957 = ADVANCED_FACE('',(#9958),#9968,.F.);
#9958 = FACE_BOUND('',#9959,.T.);
#9959 = EDGE_LOOP('',(#9960,#9961,#9966,#9967));
#9960 = ORIENTED_EDGE('',*,*,#9090,.T.);
#9961 = ORIENTED_EDGE('',*,*,#9962,.F.);
#9962 = EDGE_CURVE('',#9006,#9082,#9963,.T.);
#9963 = B_SPLINE_CURVE_WITH_KNOTS('',1,(#9964,#9965),.UNSPECIFIED.,.F.,
  .F.,(2,2),(0.,1.E-02),.PIECEWISE_BEZIER_KNOTS.);
#9964 = CARTESIAN_POINT('',(-0.686326482976,-1.005,0.43146736356));
#9965 = CARTESIAN_POINT('',(-0.686326482976,-0.995,0.43146736356));
#9966 = ORIENTED_EDGE('',*,*,#9005,.F.);
#9967 = ORIENTED_EDGE('',*,*,#9943,.T.);
#9968 = B_SPLINE_SURFACE_WITH_KNOTS('',1,1,(
    (#9969,#9970)
    ,(#9971,#9972
    )),.UNSPECIFIED.,.F.,.F.,.F.,(2,2),(2,2),(-2.699175316268E-02,
    1.445983493376E-03),(0.,1.E-02),.PIECEWISE_BEZIER_KNOTS.);
#9969 = CARTESIAN_POINT('',(-0.714764219632,-1.005,0.43146736356));
#9970 = CARTESIAN_POINT('',(-0.714764219632,-0.995,0.43146736356));
#9971 = CARTESIAN_POINT('',(-0.686326482976,-1.005,0.43146736356));
#9972 = CARTESIAN_POINT('',(-0.686326482976,-0.995,0.43146736356));
#9973 = ADVANCED_FACE('',(#9974),#9984,.F.);
#9974 = FACE_BOUND('',#9975,.F.);
#9975 = EDGE_LOOP('',(#9976,#9977,#9978,#9983));
#9976 = ORIENTED_EDGE('',*,*,#9962,.F.);
#9977 = ORIENTED_EDGE('',*,*,#9012,.T.);
#9978 = ORIENTED_EDGE('',*,*,#9979,.T.);
#9979 = EDGE_CURVE('',#9013,#9073,#9980,.T.);
#9980 = B_SPLINE_CURVE_WITH_KNOTS('',1,(#9981,#9982),.UNSPECIFIED.,.F.,
  .F.,(2,2),(0.,1.E-02),.PIECEWISE_BEZIER_KNOTS.);
#9981 = CARTESIAN_POINT('',(-0.64246487949,-1.005,0.453157171119));
#9982 = CARTESIAN_POINT('',(-0.64246487949,-0.995,0.453157171119));
#9983 = ORIENTED_EDGE('',*,*,#9081,.F.);
#9984 = B_SPLINE_SURFACE_WITH_KNOTS('',3,1,(
    (#9985,#9986)
    ,(#9987,#9988)
    ,(#9989,#9990)
    ,(#9991,#9992
    )),.UNSPECIFIED.,.F.,.F.,.F.,(4,4),(2,2),(33.,34.),(0.,1.),
  .PIECEWISE_BEZIER_KNOTS.);
#9985 = CARTESIAN_POINT('',(-0.686326482976,-1.005,0.43146736356));
#9986 = CARTESIAN_POINT('',(-0.686326482976,-0.995,0.43146736356));
#9987 = CARTESIAN_POINT('',(-0.669456632653,-1.005,0.432913347054));
#9988 = CARTESIAN_POINT('',(-0.669456632653,-0.995,0.432913347054));
#9989 = CARTESIAN_POINT('',(-0.654032765823,-1.005,0.440625289662));
#9990 = CARTESIAN_POINT('',(-0.654032765823,-0.995,0.440625289662));
#9991 = CARTESIAN_POINT('',(-0.64246487949,-1.005,0.453157171119));
#9992 = CARTESIAN_POINT('',(-0.64246487949,-0.995,0.453157171119));
#9993 = ADVANCED_FACE('',(#9994),#10000,.F.);
#9994 = FACE_BOUND('',#9995,.F.);
#9995 = EDGE_LOOP('',(#9996,#9997,#9998,#9999));
#9996 = ORIENTED_EDGE('',*,*,#9979,.F.);
#9997 = ORIENTED_EDGE('',*,*,#9021,.T.);
#9998 = ORIENTED_EDGE('',*,*,#9381,.T.);
#9999 = ORIENTED_EDGE('',*,*,#9072,.F.);
#10000 = B_SPLINE_SURFACE_WITH_KNOTS('',3,1,(
    (#10001,#10002)
    ,(#10003,#10004)
    ,(#10005,#10006)
    ,(#10007,#10008
    )),.UNSPECIFIED.,.F.,.F.,.F.,(4,4),(2,2),(34.,35.),(0.,1.),
  .PIECEWISE_BEZIER_KNOTS.);
#10001 = CARTESIAN_POINT('',(-0.64246487949,-1.005,0.453157171119));
#10002 = CARTESIAN_POINT('',(-0.64246487949,-0.995,0.453157171119));
#10003 = CARTESIAN_POINT('',(-0.630896974771,-1.005,0.465689052576));
#10004 = CARTESIAN_POINT('',(-0.630896974771,-0.995,0.465689052576));
#10005 = CARTESIAN_POINT('',(-0.624631034043,-1.005,0.482076914531));
#10006 = CARTESIAN_POINT('',(-0.624631034043,-0.995,0.482076914531));
#10007 = CARTESIAN_POINT('',(-0.624631034043,-1.005,0.498946764854));
#10008 = CARTESIAN_POINT('',(-0.624631034043,-0.995,0.498946764854));
#10009 = ADVANCED_FACE('',(#10010),#10024,.T.);
#10010 = FACE_BOUND('',#10011,.T.);
#10011 = EDGE_LOOP('',(#10012,#10013,#10018,#10019));
#10012 = ORIENTED_EDGE('',*,*,#9363,.F.);
#10013 = ORIENTED_EDGE('',*,*,#10014,.F.);
#10014 = EDGE_CURVE('',#9031,#9353,#10015,.T.);
#10015 = B_SPLINE_CURVE_WITH_KNOTS('',1,(#10016,#10017),.UNSPECIFIED.,
  .F.,.F.,(2,2),(0.,1.E-02),.PIECEWISE_BEZIER_KNOTS.);
#10016 = CARTESIAN_POINT('',(-0.828033223854,-1.005,0.428575359801));
#10017 = CARTESIAN_POINT('',(-0.828033223854,-0.995,0.428575359801));
#10018 = ORIENTED_EDGE('',*,*,#9030,.T.);
#10019 = ORIENTED_EDGE('',*,*,#10020,.T.);
#10020 = EDGE_CURVE('',#9033,#9351,#10021,.T.);
#10021 = B_SPLINE_CURVE_WITH_KNOTS('',1,(#10022,#10023),.UNSPECIFIED.,
  .F.,.F.,(2,2),(0.,1.E-02),.PIECEWISE_BEZIER_KNOTS.);
#10022 = CARTESIAN_POINT('',(-0.828033223854,-1.005,0.466171040945));
#10023 = CARTESIAN_POINT('',(-0.828033223854,-0.995,0.466171040945));
#10024 = B_SPLINE_SURFACE_WITH_KNOTS('',3,1,(
    (#10025,#10026)
    ,(#10027,#10028)
    ,(#10029,#10030)
    ,(#10031,#10032)
    ,(#10033,#10034)
    ,(#10035,#10036)
    ,(#10037,#10038
  )),.UNSPECIFIED.,.F.,.F.,.F.,(4,3,4),(2,2),(0.,1.,2.),(0.,1.),
  .PIECEWISE_BEZIER_KNOTS.);
#10025 = CARTESIAN_POINT('',(-0.828033223854,-1.005,0.428575359801));
#10026 = CARTESIAN_POINT('',(-0.828033223854,-0.995,0.428575359801));
#10027 = CARTESIAN_POINT('',(-0.817429323452,-1.005,0.428575359801));
#10028 = CARTESIAN_POINT('',(-0.817429323452,-0.995,0.428575359801));
#10029 = CARTESIAN_POINT('',(-0.809235392475,-1.005,0.437251297533));
#10030 = CARTESIAN_POINT('',(-0.809235392475,-0.995,0.437251297533));
#10031 = CARTESIAN_POINT('',(-0.809235392475,-1.005,0.447373200373));
#10032 = CARTESIAN_POINT('',(-0.809235392475,-0.995,0.447373200373));
#10033 = CARTESIAN_POINT('',(-0.809235392475,-1.005,0.457977109968));
#10034 = CARTESIAN_POINT('',(-0.809235392475,-0.995,0.457977109968));
#10035 = CARTESIAN_POINT('',(-0.817911311821,-1.005,0.466171040945));
#10036 = CARTESIAN_POINT('',(-0.817911311821,-0.995,0.466171040945));
#10037 = CARTESIAN_POINT('',(-0.828033223854,-1.005,0.466171040945));
#10038 = CARTESIAN_POINT('',(-0.828033223854,-0.995,0.466171040945));
#10039 = ADVANCED_FACE('',(#10040),#10046,.T.);
#10040 = FACE_BOUND('',#10041,.T.);
#10041 = EDGE_LOOP('',(#10042,#10043,#10044,#10045));
#10042 = ORIENTED_EDGE('',*,*,#9350,.F.);
#10043 = ORIENTED_EDGE('',*,*,#10020,.F.);
#10044 = ORIENTED_EDGE('',*,*,#9044,.T.);
#10045 = ORIENTED_EDGE('',*,*,#10014,.T.);
#10046 = B_SPLINE_SURFACE_WITH_KNOTS('',3,1,(
    (#10047,#10048)
    ,(#10049,#10050)
    ,(#10051,#10052)
    ,(#10053,#10054)
    ,(#10055,#10056)
    ,(#10057,#10058
  )),.UNSPECIFIED.,.F.,.F.,.F.,(4,2,4),(2,2),(2.,3.,4.),(0.,1.),
  .UNSPECIFIED.);
#10047 = CARTESIAN_POINT('',(-0.828033223854,-1.005,0.466171040945));
#10048 = CARTESIAN_POINT('',(-0.828033223854,-0.995,0.466171040945));
#10049 = CARTESIAN_POINT('',(-0.838155135886,-1.005,0.466171040945));
#10050 = CARTESIAN_POINT('',(-0.838155135886,-0.995,0.466171040945));
#10051 = CARTESIAN_POINT('',(-0.846831055233,-1.005,0.457977109968));
#10052 = CARTESIAN_POINT('',(-0.846831055233,-0.995,0.457977109968));
#10053 = CARTESIAN_POINT('',(-0.846831055233,-1.005,0.436769290778));
#10054 = CARTESIAN_POINT('',(-0.846831055233,-0.995,0.436769290778));
#10055 = CARTESIAN_POINT('',(-0.838155135886,-1.005,0.428575359801));
#10056 = CARTESIAN_POINT('',(-0.838155135886,-0.995,0.428575359801));
#10057 = CARTESIAN_POINT('',(-0.828033223854,-1.005,0.428575359801));
#10058 = CARTESIAN_POINT('',(-0.828033223854,-0.995,0.428575359801));
#10059 = ( GEOMETRIC_REPRESENTATION_CONTEXT(3) 
GLOBAL_UNCERTAINTY_ASSIGNED_CONTEXT((#10063)) 
GLOBAL_UNIT_ASSIGNED_CONTEXT((#10060,#10061,#10062)) 
REPRESENTATION_CONTEXT('Context #1',
  '3D Context with UNIT and UNCERTAINTY') );
#10060 = ( LENGTH_UNIT() NAMED_UNIT(*) SI_UNIT(.MILLI.,.METRE.) );
#10061 = ( NAMED_UNIT(*) PLANE_ANGLE_UNIT() SI_UNIT($,.RADIAN.) );
#10062 = ( NAMED_UNIT(*) SI_UNIT($,.STERADIAN.) SOLID_ANGLE_UNIT() );
#10063 = UNCERTAINTY_MEASURE_WITH_UNIT(LENGTH_MEASURE(1.E-07),#10060,
  'distance_accuracy_value','confusion accuracy');
#10064 = PRODUCT_RELATED_PRODUCT_CATEGORY('part',$,(#7));
#10065 = MECHANICAL_DESIGN_GEOMETRIC_PRESENTATION_REPRESENTATION('',(
    #10066,#10074,#10082,#10090,#10097,#10104,#10111,#10118,#10125,
    #10132,#10139,#10146,#10154,#10161,#10168,#10175,#10182,#10189,
    #10196,#10203,#10210,#10217,#10224,#10231,#10238,#10245,#10252,
    #10259,#10266,#10273,#10280,#10287,#10294,#10301,#10309,#10316,
    #10323,#10330,#10337,#10344,#10351,#10358,#10365,#10372,#10379,
    #10386,#10393,#10400,#10407,#10414,#10421,#10428,#10435,#10442,
    #10449,#10456,#10463,#10470,#10477,#10484,#10491,#10498,#10505,
    #10512,#10519,#10526,#10533,#10540,#10547,#10554,#10561,#10568,
    #10575,#10582,#10589,#10596,#10603,#10610,#10617,#10624,#10631,
    #10638,#10645,#10652,#10659,#10666,#10673,#10680,#10687,#10694,
    #10701,#10708,#10715,#10722,#10729,#10736,#10743,#10750,#10757,
    #10764,#10771,#10778,#10785,#10792,#10799,#10806,#10813,#10820,
    #10827,#10834,#10841,#10848,#10855,#10862,#10869,#10876,#10883,
    #10890,#10897,#10904,#10911,#10918,#10925,#10932,#10939,#10946,
    #10953,#10960,#10967,#10974,#10981,#10988,#10995,#11002,#11009,
    #11016,#11023,#11030,#11037,#11044,#11051,#11058,#11065,#11072,
    #11079,#11086,#11093,#11100,#11107,#11114,#11121,#11128,#11135,
    #11142,#11149,#11156,#11163,#11170,#11177,#11184,#11191,#11198,
    #11205,#11212,#11219,#11226,#11233,#11240,#11247,#11254,#11261,
    #11268,#11275,#11282,#11289,#11296,#11303,#11310,#11317,#11324,
    #11331,#11338,#11345,#11352,#11359,#11366,#11373,#11380,#11387,
    #11394,#11401,#11408,#11415,#11422,#11429,#11436,#11443,#11450,
    #11457,#11464,#11471,#11478,#11485,#11492,#11499,#11506,#11513,
    #11520,#11527,#11534,#11541,#11548,#11555,#11562,#11569,#11576,
    #11583,#11590,#11597,#11604,#11611,#11618,#11625,#11632,#11639,
    #11646,#11653,#11660,#11667,#11674,#11681,#11688,#11695,#11702,
    #11709,#11716,#11723,#11730,#11737,#11744,#11751,#11758,#11765,
    #11772,#11779,#11786,#11793,#11800,#11807,#11814,#11821,#11828,
    #11835,#11842,#11849,#11856,#11863,#11870,#11877,#11884,#11891,
    #11898,#11905,#11912,#11919,#11926,#11933,#11940,#11947,#11954,
    #11961,#11968,#11975,#11982,#11989,#11996,#12003,#12010,#12017,
    #12024,#12031,#12038,#12045,#12052,#12059,#12066,#12073,#12080,
    #12087,#12094,#12101,#12108,#12115,#12122,#12129,#12136,#12143,
    #12150,#12157,#12164,#12171,#12178,#12185,#12192,#12199,#12206,
    #12213,#12220,#12227,#12234,#12241,#12248,#12255,#12262,#12269,
    #12276,#12283,#12290,#12297,#12304,#12311,#12318,#12325,#12332,
    #12339,#12346,#12353,#12360,#12367,#12374,#12381,#12388,#12395,
    #12402,#12409,#12416,#12423,#12430,#12437,#12444,#12451,#12458,
    #12465,#12472,#12479,#12486,#12493,#12500,#12507,#12514,#12521,
    #12528,#12535,#12542,#12549,#12556,#12563,#12570),#10059);
#10066 = STYLED_ITEM('color',(#10067),#15);
#10067 = PRESENTATION_STYLE_ASSIGNMENT((#10068));
#10068 = SURFACE_STYLE_USAGE(.BOTH.,#10069);
#10069 = SURFACE_SIDE_STYLE('',(#10070));
#10070 = SURFACE_STYLE_FILL_AREA(#10071);
#10071 = FILL_AREA_STYLE('',(#10072));
#10072 = FILL_AREA_STYLE_COLOUR('',#10073);
#10073 = COLOUR_RGB('',1.,0.501960785193,0.);
#10074 = OVER_RIDING_STYLED_ITEM('overriding color',(#10075),#17,#10066
  );
#10075 = PRESENTATION_STYLE_ASSIGNMENT((#10076));
#10076 = SURFACE_STYLE_USAGE(.BOTH.,#10077);
#10077 = SURFACE_SIDE_STYLE('',(#10078));
#10078 = SURFACE_STYLE_FILL_AREA(#10079);
#10079 = FILL_AREA_STYLE('',(#10080));
#10080 = FILL_AREA_STYLE_COLOUR('',#10081);
#10081 = DRAUGHTING_PRE_DEFINED_COLOUR('black');
#10082 = OVER_RIDING_STYLED_ITEM('overriding color',(#10083),#65,#10066
  );
#10083 = PRESENTATION_STYLE_ASSIGNMENT((#10084));
#10084 = SURFACE_STYLE_USAGE(.BOTH.,#10085);
#10085 = SURFACE_SIDE_STYLE('',(#10086));
#10086 = SURFACE_STYLE_FILL_AREA(#10087);
#10087 = FILL_AREA_STYLE('',(#10088));
#10088 = FILL_AREA_STYLE_COLOUR('',#10089);
#10089 = DRAUGHTING_PRE_DEFINED_COLOUR('white');
#10090 = OVER_RIDING_STYLED_ITEM('overriding color',(#10091),#101,#10066
  );
#10091 = PRESENTATION_STYLE_ASSIGNMENT((#10092));
#10092 = SURFACE_STYLE_USAGE(.BOTH.,#10093);
#10093 = SURFACE_SIDE_STYLE('',(#10094));
#10094 = SURFACE_STYLE_FILL_AREA(#10095);
#10095 = FILL_AREA_STYLE('',(#10096));
#10096 = FILL_AREA_STYLE_COLOUR('',#10089);
#10097 = OVER_RIDING_STYLED_ITEM('overriding color',(#10098),#129,#10066
  );
#10098 = PRESENTATION_STYLE_ASSIGNMENT((#10099));
#10099 = SURFACE_STYLE_USAGE(.BOTH.,#10100);
#10100 = SURFACE_SIDE_STYLE('',(#10101));
#10101 = SURFACE_STYLE_FILL_AREA(#10102);
#10102 = FILL_AREA_STYLE('',(#10103));
#10103 = FILL_AREA_STYLE_COLOUR('',#10089);
#10104 = OVER_RIDING_STYLED_ITEM('overriding color',(#10105),#157,#10066
  );
#10105 = PRESENTATION_STYLE_ASSIGNMENT((#10106));
#10106 = SURFACE_STYLE_USAGE(.BOTH.,#10107);
#10107 = SURFACE_SIDE_STYLE('',(#10108));
#10108 = SURFACE_STYLE_FILL_AREA(#10109);
#10109 = FILL_AREA_STYLE('',(#10110));
#10110 = FILL_AREA_STYLE_COLOUR('',#10089);
#10111 = OVER_RIDING_STYLED_ITEM('overriding color',(#10112),#177,#10066
  );
#10112 = PRESENTATION_STYLE_ASSIGNMENT((#10113));
#10113 = SURFACE_STYLE_USAGE(.BOTH.,#10114);
#10114 = SURFACE_SIDE_STYLE('',(#10115));
#10115 = SURFACE_STYLE_FILL_AREA(#10116);
#10116 = FILL_AREA_STYLE('',(#10117));
#10117 = FILL_AREA_STYLE_COLOUR('',#10089);
#10118 = OVER_RIDING_STYLED_ITEM('overriding color',(#10119),#200,#10066
  );
#10119 = PRESENTATION_STYLE_ASSIGNMENT((#10120));
#10120 = SURFACE_STYLE_USAGE(.BOTH.,#10121);
#10121 = SURFACE_SIDE_STYLE('',(#10122));
#10122 = SURFACE_STYLE_FILL_AREA(#10123);
#10123 = FILL_AREA_STYLE('',(#10124));
#10124 = FILL_AREA_STYLE_COLOUR('',#10089);
#10125 = OVER_RIDING_STYLED_ITEM('overriding color',(#10126),#212,#10066
  );
#10126 = PRESENTATION_STYLE_ASSIGNMENT((#10127));
#10127 = SURFACE_STYLE_USAGE(.BOTH.,#10128);
#10128 = SURFACE_SIDE_STYLE('',(#10129));
#10129 = SURFACE_STYLE_FILL_AREA(#10130);
#10130 = FILL_AREA_STYLE('',(#10131));
#10131 = FILL_AREA_STYLE_COLOUR('',#10081);
#10132 = OVER_RIDING_STYLED_ITEM('overriding color',(#10133),#237,#10066
  );
#10133 = PRESENTATION_STYLE_ASSIGNMENT((#10134));
#10134 = SURFACE_STYLE_USAGE(.BOTH.,#10135);
#10135 = SURFACE_SIDE_STYLE('',(#10136));
#10136 = SURFACE_STYLE_FILL_AREA(#10137);
#10137 = FILL_AREA_STYLE('',(#10138));
#10138 = FILL_AREA_STYLE_COLOUR('',#10081);
#10139 = STYLED_ITEM('color',(#10140),#247);
#10140 = PRESENTATION_STYLE_ASSIGNMENT((#10141));
#10141 = SURFACE_STYLE_USAGE(.BOTH.,#10142);
#10142 = SURFACE_SIDE_STYLE('',(#10143));
#10143 = SURFACE_STYLE_FILL_AREA(#10144);
#10144 = FILL_AREA_STYLE('',(#10145));
#10145 = FILL_AREA_STYLE_COLOUR('',#10073);
#10146 = OVER_RIDING_STYLED_ITEM('overriding color',(#10147),#249,#10139
  );
#10147 = PRESENTATION_STYLE_ASSIGNMENT((#10148));
#10148 = SURFACE_STYLE_USAGE(.BOTH.,#10149);
#10149 = SURFACE_SIDE_STYLE('',(#10150));
#10150 = SURFACE_STYLE_FILL_AREA(#10151);
#10151 = FILL_AREA_STYLE('',(#10152));
#10152 = FILL_AREA_STYLE_COLOUR('',#10153);
#10153 = COLOUR_RGB('',0.250980388104,0.250980388104,0.250980388104);
#10154 = OVER_RIDING_STYLED_ITEM('overriding color',(#10155),#289,#10139
  );
#10155 = PRESENTATION_STYLE_ASSIGNMENT((#10156));
#10156 = SURFACE_STYLE_USAGE(.BOTH.,#10157);
#10157 = SURFACE_SIDE_STYLE('',(#10158));
#10158 = SURFACE_STYLE_FILL_AREA(#10159);
#10159 = FILL_AREA_STYLE('',(#10160));
#10160 = FILL_AREA_STYLE_COLOUR('',#10153);
#10161 = OVER_RIDING_STYLED_ITEM('overriding color',(#10162),#329,#10139
  );
#10162 = PRESENTATION_STYLE_ASSIGNMENT((#10163));
#10163 = SURFACE_STYLE_USAGE(.BOTH.,#10164);
#10164 = SURFACE_SIDE_STYLE('',(#10165));
#10165 = SURFACE_STYLE_FILL_AREA(#10166);
#10166 = FILL_AREA_STYLE('',(#10167));
#10167 = FILL_AREA_STYLE_COLOUR('',#10153);
#10168 = OVER_RIDING_STYLED_ITEM('overriding color',(#10169),#369,#10139
  );
#10169 = PRESENTATION_STYLE_ASSIGNMENT((#10170));
#10170 = SURFACE_STYLE_USAGE(.BOTH.,#10171);
#10171 = SURFACE_SIDE_STYLE('',(#10172));
#10172 = SURFACE_STYLE_FILL_AREA(#10173);
#10173 = FILL_AREA_STYLE('',(#10174));
#10174 = FILL_AREA_STYLE_COLOUR('',#10153);
#10175 = OVER_RIDING_STYLED_ITEM('overriding color',(#10176),#405,#10139
  );
#10176 = PRESENTATION_STYLE_ASSIGNMENT((#10177));
#10177 = SURFACE_STYLE_USAGE(.BOTH.,#10178);
#10178 = SURFACE_SIDE_STYLE('',(#10179));
#10179 = SURFACE_STYLE_FILL_AREA(#10180);
#10180 = FILL_AREA_STYLE('',(#10181));
#10181 = FILL_AREA_STYLE_COLOUR('',#10153);
#10182 = OVER_RIDING_STYLED_ITEM('overriding color',(#10183),#441,#10139
  );
#10183 = PRESENTATION_STYLE_ASSIGNMENT((#10184));
#10184 = SURFACE_STYLE_USAGE(.BOTH.,#10185);
#10185 = SURFACE_SIDE_STYLE('',(#10186));
#10186 = SURFACE_STYLE_FILL_AREA(#10187);
#10187 = FILL_AREA_STYLE('',(#10188));
#10188 = FILL_AREA_STYLE_COLOUR('',#10153);
#10189 = OVER_RIDING_STYLED_ITEM('overriding color',(#10190),#477,#10139
  );
#10190 = PRESENTATION_STYLE_ASSIGNMENT((#10191));
#10191 = SURFACE_STYLE_USAGE(.BOTH.,#10192);
#10192 = SURFACE_SIDE_STYLE('',(#10193));
#10193 = SURFACE_STYLE_FILL_AREA(#10194);
#10194 = FILL_AREA_STYLE('',(#10195));
#10195 = FILL_AREA_STYLE_COLOUR('',#10153);
#10196 = OVER_RIDING_STYLED_ITEM('overriding color',(#10197),#513,#10139
  );
#10197 = PRESENTATION_STYLE_ASSIGNMENT((#10198));
#10198 = SURFACE_STYLE_USAGE(.BOTH.,#10199);
#10199 = SURFACE_SIDE_STYLE('',(#10200));
#10200 = SURFACE_STYLE_FILL_AREA(#10201);
#10201 = FILL_AREA_STYLE('',(#10202));
#10202 = FILL_AREA_STYLE_COLOUR('',#10153);
#10203 = OVER_RIDING_STYLED_ITEM('overriding color',(#10204),#541,#10139
  );
#10204 = PRESENTATION_STYLE_ASSIGNMENT((#10205));
#10205 = SURFACE_STYLE_USAGE(.BOTH.,#10206);
#10206 = SURFACE_SIDE_STYLE('',(#10207));
#10207 = SURFACE_STYLE_FILL_AREA(#10208);
#10208 = FILL_AREA_STYLE('',(#10209));
#10209 = FILL_AREA_STYLE_COLOUR('',#10153);
#10210 = OVER_RIDING_STYLED_ITEM('overriding color',(#10211),#577,#10139
  );
#10211 = PRESENTATION_STYLE_ASSIGNMENT((#10212));
#10212 = SURFACE_STYLE_USAGE(.BOTH.,#10213);
#10213 = SURFACE_SIDE_STYLE('',(#10214));
#10214 = SURFACE_STYLE_FILL_AREA(#10215);
#10215 = FILL_AREA_STYLE('',(#10216));
#10216 = FILL_AREA_STYLE_COLOUR('',#10153);
#10217 = OVER_RIDING_STYLED_ITEM('overriding color',(#10218),#605,#10139
  );
#10218 = PRESENTATION_STYLE_ASSIGNMENT((#10219));
#10219 = SURFACE_STYLE_USAGE(.BOTH.,#10220);
#10220 = SURFACE_SIDE_STYLE('',(#10221));
#10221 = SURFACE_STYLE_FILL_AREA(#10222);
#10222 = FILL_AREA_STYLE('',(#10223));
#10223 = FILL_AREA_STYLE_COLOUR('',#10153);
#10224 = OVER_RIDING_STYLED_ITEM('overriding color',(#10225),#633,#10139
  );
#10225 = PRESENTATION_STYLE_ASSIGNMENT((#10226));
#10226 = SURFACE_STYLE_USAGE(.BOTH.,#10227);
#10227 = SURFACE_SIDE_STYLE('',(#10228));
#10228 = SURFACE_STYLE_FILL_AREA(#10229);
#10229 = FILL_AREA_STYLE('',(#10230));
#10230 = FILL_AREA_STYLE_COLOUR('',#10153);
#10231 = OVER_RIDING_STYLED_ITEM('overriding color',(#10232),#653,#10139
  );
#10232 = PRESENTATION_STYLE_ASSIGNMENT((#10233));
#10233 = SURFACE_STYLE_USAGE(.BOTH.,#10234);
#10234 = SURFACE_SIDE_STYLE('',(#10235));
#10235 = SURFACE_STYLE_FILL_AREA(#10236);
#10236 = FILL_AREA_STYLE('',(#10237));
#10237 = FILL_AREA_STYLE_COLOUR('',#10153);
#10238 = OVER_RIDING_STYLED_ITEM('overriding color',(#10239),#673,#10139
  );
#10239 = PRESENTATION_STYLE_ASSIGNMENT((#10240));
#10240 = SURFACE_STYLE_USAGE(.BOTH.,#10241);
#10241 = SURFACE_SIDE_STYLE('',(#10242));
#10242 = SURFACE_STYLE_FILL_AREA(#10243);
#10243 = FILL_AREA_STYLE('',(#10244));
#10244 = FILL_AREA_STYLE_COLOUR('',#10153);
#10245 = OVER_RIDING_STYLED_ITEM('overriding color',(#10246),#736,#10139
  );
#10246 = PRESENTATION_STYLE_ASSIGNMENT((#10247));
#10247 = SURFACE_STYLE_USAGE(.BOTH.,#10248);
#10248 = SURFACE_SIDE_STYLE('',(#10249));
#10249 = SURFACE_STYLE_FILL_AREA(#10250);
#10250 = FILL_AREA_STYLE('',(#10251));
#10251 = FILL_AREA_STYLE_COLOUR('',#10153);
#10252 = OVER_RIDING_STYLED_ITEM('overriding color',(#10253),#799,#10139
  );
#10253 = PRESENTATION_STYLE_ASSIGNMENT((#10254));
#10254 = SURFACE_STYLE_USAGE(.BOTH.,#10255);
#10255 = SURFACE_SIDE_STYLE('',(#10256));
#10256 = SURFACE_STYLE_FILL_AREA(#10257);
#10257 = FILL_AREA_STYLE('',(#10258));
#10258 = FILL_AREA_STYLE_COLOUR('',#10153);
#10259 = OVER_RIDING_STYLED_ITEM('overriding color',(#10260),#813,#10139
  );
#10260 = PRESENTATION_STYLE_ASSIGNMENT((#10261));
#10261 = SURFACE_STYLE_USAGE(.BOTH.,#10262);
#10262 = SURFACE_SIDE_STYLE('',(#10263));
#10263 = SURFACE_STYLE_FILL_AREA(#10264);
#10264 = FILL_AREA_STYLE('',(#10265));
#10265 = FILL_AREA_STYLE_COLOUR('',#10153);
#10266 = OVER_RIDING_STYLED_ITEM('overriding color',(#10267),#827,#10139
  );
#10267 = PRESENTATION_STYLE_ASSIGNMENT((#10268));
#10268 = SURFACE_STYLE_USAGE(.BOTH.,#10269);
#10269 = SURFACE_SIDE_STYLE('',(#10270));
#10270 = SURFACE_STYLE_FILL_AREA(#10271);
#10271 = FILL_AREA_STYLE('',(#10272));
#10272 = FILL_AREA_STYLE_COLOUR('',#10153);
#10273 = OVER_RIDING_STYLED_ITEM('overriding color',(#10274),#841,#10139
  );
#10274 = PRESENTATION_STYLE_ASSIGNMENT((#10275));
#10275 = SURFACE_STYLE_USAGE(.BOTH.,#10276);
#10276 = SURFACE_SIDE_STYLE('',(#10277));
#10277 = SURFACE_STYLE_FILL_AREA(#10278);
#10278 = FILL_AREA_STYLE('',(#10279));
#10279 = FILL_AREA_STYLE_COLOUR('',#10153);
#10280 = OVER_RIDING_STYLED_ITEM('overriding color',(#10281),#859,#10139
  );
#10281 = PRESENTATION_STYLE_ASSIGNMENT((#10282));
#10282 = SURFACE_STYLE_USAGE(.BOTH.,#10283);
#10283 = SURFACE_SIDE_STYLE('',(#10284));
#10284 = SURFACE_STYLE_FILL_AREA(#10285);
#10285 = FILL_AREA_STYLE('',(#10286));
#10286 = FILL_AREA_STYLE_COLOUR('',#10153);
#10287 = OVER_RIDING_STYLED_ITEM('overriding color',(#10288),#877,#10139
  );
#10288 = PRESENTATION_STYLE_ASSIGNMENT((#10289));
#10289 = SURFACE_STYLE_USAGE(.BOTH.,#10290);
#10290 = SURFACE_SIDE_STYLE('',(#10291));
#10291 = SURFACE_STYLE_FILL_AREA(#10292);
#10292 = FILL_AREA_STYLE('',(#10293));
#10293 = FILL_AREA_STYLE_COLOUR('',#10153);
#10294 = STYLED_ITEM('color',(#10295),#895);
#10295 = PRESENTATION_STYLE_ASSIGNMENT((#10296));
#10296 = SURFACE_STYLE_USAGE(.BOTH.,#10297);
#10297 = SURFACE_SIDE_STYLE('',(#10298));
#10298 = SURFACE_STYLE_FILL_AREA(#10299);
#10299 = FILL_AREA_STYLE('',(#10300));
#10300 = FILL_AREA_STYLE_COLOUR('',#10073);
#10301 = OVER_RIDING_STYLED_ITEM('overriding color',(#10302),#897,#10294
  );
#10302 = PRESENTATION_STYLE_ASSIGNMENT((#10303));
#10303 = SURFACE_STYLE_USAGE(.BOTH.,#10304);
#10304 = SURFACE_SIDE_STYLE('',(#10305));
#10305 = SURFACE_STYLE_FILL_AREA(#10306);
#10306 = FILL_AREA_STYLE('',(#10307));
#10307 = FILL_AREA_STYLE_COLOUR('',#10308);
#10308 = COLOUR_RGB('',0.752941164258,0.752941164258,0.752941164258);
#10309 = OVER_RIDING_STYLED_ITEM('overriding color',(#10310),#933,#10294
  );
#10310 = PRESENTATION_STYLE_ASSIGNMENT((#10311));
#10311 = SURFACE_STYLE_USAGE(.BOTH.,#10312);
#10312 = SURFACE_SIDE_STYLE('',(#10313));
#10313 = SURFACE_STYLE_FILL_AREA(#10314);
#10314 = FILL_AREA_STYLE('',(#10315));
#10315 = FILL_AREA_STYLE_COLOUR('',#10308);
#10316 = OVER_RIDING_STYLED_ITEM('overriding color',(#10317),#969,#10294
  );
#10317 = PRESENTATION_STYLE_ASSIGNMENT((#10318));
#10318 = SURFACE_STYLE_USAGE(.BOTH.,#10319);
#10319 = SURFACE_SIDE_STYLE('',(#10320));
#10320 = SURFACE_STYLE_FILL_AREA(#10321);
#10321 = FILL_AREA_STYLE('',(#10322));
#10322 = FILL_AREA_STYLE_COLOUR('',#10308);
#10323 = OVER_RIDING_STYLED_ITEM('overriding color',(#10324),#1005,
  #10294);
#10324 = PRESENTATION_STYLE_ASSIGNMENT((#10325));
#10325 = SURFACE_STYLE_USAGE(.BOTH.,#10326);
#10326 = SURFACE_SIDE_STYLE('',(#10327));
#10327 = SURFACE_STYLE_FILL_AREA(#10328);
#10328 = FILL_AREA_STYLE('',(#10329));
#10329 = FILL_AREA_STYLE_COLOUR('',#10308);
#10330 = OVER_RIDING_STYLED_ITEM('overriding color',(#10331),#1025,
  #10294);
#10331 = PRESENTATION_STYLE_ASSIGNMENT((#10332));
#10332 = SURFACE_STYLE_USAGE(.BOTH.,#10333);
#10333 = SURFACE_SIDE_STYLE('',(#10334));
#10334 = SURFACE_STYLE_FILL_AREA(#10335);
#10335 = FILL_AREA_STYLE('',(#10336));
#10336 = FILL_AREA_STYLE_COLOUR('',#10308);
#10337 = OVER_RIDING_STYLED_ITEM('overriding color',(#10338),#1045,
  #10294);
#10338 = PRESENTATION_STYLE_ASSIGNMENT((#10339));
#10339 = SURFACE_STYLE_USAGE(.BOTH.,#10340);
#10340 = SURFACE_SIDE_STYLE('',(#10341));
#10341 = SURFACE_STYLE_FILL_AREA(#10342);
#10342 = FILL_AREA_STYLE('',(#10343));
#10343 = FILL_AREA_STYLE_COLOUR('',#10308);
#10344 = OVER_RIDING_STYLED_ITEM('overriding color',(#10345),#1066,
  #10294);
#10345 = PRESENTATION_STYLE_ASSIGNMENT((#10346));
#10346 = SURFACE_STYLE_USAGE(.BOTH.,#10347);
#10347 = SURFACE_SIDE_STYLE('',(#10348));
#10348 = SURFACE_STYLE_FILL_AREA(#10349);
#10349 = FILL_AREA_STYLE('',(#10350));
#10350 = FILL_AREA_STYLE_COLOUR('',#10308);
#10351 = OVER_RIDING_STYLED_ITEM('overriding color',(#10352),#1087,
  #10294);
#10352 = PRESENTATION_STYLE_ASSIGNMENT((#10353));
#10353 = SURFACE_STYLE_USAGE(.BOTH.,#10354);
#10354 = SURFACE_SIDE_STYLE('',(#10355));
#10355 = SURFACE_STYLE_FILL_AREA(#10356);
#10356 = FILL_AREA_STYLE('',(#10357));
#10357 = FILL_AREA_STYLE_COLOUR('',#10308);
#10358 = STYLED_ITEM('color',(#10359),#1105);
#10359 = PRESENTATION_STYLE_ASSIGNMENT((#10360));
#10360 = SURFACE_STYLE_USAGE(.BOTH.,#10361);
#10361 = SURFACE_SIDE_STYLE('',(#10362));
#10362 = SURFACE_STYLE_FILL_AREA(#10363);
#10363 = FILL_AREA_STYLE('',(#10364));
#10364 = FILL_AREA_STYLE_COLOUR('',#10073);
#10365 = OVER_RIDING_STYLED_ITEM('overriding color',(#10366),#1107,
  #10358);
#10366 = PRESENTATION_STYLE_ASSIGNMENT((#10367));
#10367 = SURFACE_STYLE_USAGE(.BOTH.,#10368);
#10368 = SURFACE_SIDE_STYLE('',(#10369));
#10369 = SURFACE_STYLE_FILL_AREA(#10370);
#10370 = FILL_AREA_STYLE('',(#10371));
#10371 = FILL_AREA_STYLE_COLOUR('',#10308);
#10372 = OVER_RIDING_STYLED_ITEM('overriding color',(#10373),#1143,
  #10358);
#10373 = PRESENTATION_STYLE_ASSIGNMENT((#10374));
#10374 = SURFACE_STYLE_USAGE(.BOTH.,#10375);
#10375 = SURFACE_SIDE_STYLE('',(#10376));
#10376 = SURFACE_STYLE_FILL_AREA(#10377);
#10377 = FILL_AREA_STYLE('',(#10378));
#10378 = FILL_AREA_STYLE_COLOUR('',#10308);
#10379 = OVER_RIDING_STYLED_ITEM('overriding color',(#10380),#1179,
  #10358);
#10380 = PRESENTATION_STYLE_ASSIGNMENT((#10381));
#10381 = SURFACE_STYLE_USAGE(.BOTH.,#10382);
#10382 = SURFACE_SIDE_STYLE('',(#10383));
#10383 = SURFACE_STYLE_FILL_AREA(#10384);
#10384 = FILL_AREA_STYLE('',(#10385));
#10385 = FILL_AREA_STYLE_COLOUR('',#10308);
#10386 = OVER_RIDING_STYLED_ITEM('overriding color',(#10387),#1207,
  #10358);
#10387 = PRESENTATION_STYLE_ASSIGNMENT((#10388));
#10388 = SURFACE_STYLE_USAGE(.BOTH.,#10389);
#10389 = SURFACE_SIDE_STYLE('',(#10390));
#10390 = SURFACE_STYLE_FILL_AREA(#10391);
#10391 = FILL_AREA_STYLE('',(#10392));
#10392 = FILL_AREA_STYLE_COLOUR('',#10308);
#10393 = OVER_RIDING_STYLED_ITEM('overriding color',(#10394),#1235,
  #10358);
#10394 = PRESENTATION_STYLE_ASSIGNMENT((#10395));
#10395 = SURFACE_STYLE_USAGE(.BOTH.,#10396);
#10396 = SURFACE_SIDE_STYLE('',(#10397));
#10397 = SURFACE_STYLE_FILL_AREA(#10398);
#10398 = FILL_AREA_STYLE('',(#10399));
#10399 = FILL_AREA_STYLE_COLOUR('',#10308);
#10400 = OVER_RIDING_STYLED_ITEM('overriding color',(#10401),#1255,
  #10358);
#10401 = PRESENTATION_STYLE_ASSIGNMENT((#10402));
#10402 = SURFACE_STYLE_USAGE(.BOTH.,#10403);
#10403 = SURFACE_SIDE_STYLE('',(#10404));
#10404 = SURFACE_STYLE_FILL_AREA(#10405);
#10405 = FILL_AREA_STYLE('',(#10406));
#10406 = FILL_AREA_STYLE_COLOUR('',#10308);
#10407 = OVER_RIDING_STYLED_ITEM('overriding color',(#10408),#1276,
  #10358);
#10408 = PRESENTATION_STYLE_ASSIGNMENT((#10409));
#10409 = SURFACE_STYLE_USAGE(.BOTH.,#10410);
#10410 = SURFACE_SIDE_STYLE('',(#10411));
#10411 = SURFACE_STYLE_FILL_AREA(#10412);
#10412 = FILL_AREA_STYLE('',(#10413));
#10413 = FILL_AREA_STYLE_COLOUR('',#10308);
#10414 = OVER_RIDING_STYLED_ITEM('overriding color',(#10415),#1297,
  #10358);
#10415 = PRESENTATION_STYLE_ASSIGNMENT((#10416));
#10416 = SURFACE_STYLE_USAGE(.BOTH.,#10417);
#10417 = SURFACE_SIDE_STYLE('',(#10418));
#10418 = SURFACE_STYLE_FILL_AREA(#10419);
#10419 = FILL_AREA_STYLE('',(#10420));
#10420 = FILL_AREA_STYLE_COLOUR('',#10308);
#10421 = STYLED_ITEM('color',(#10422),#1315);
#10422 = PRESENTATION_STYLE_ASSIGNMENT((#10423));
#10423 = SURFACE_STYLE_USAGE(.BOTH.,#10424);
#10424 = SURFACE_SIDE_STYLE('',(#10425));
#10425 = SURFACE_STYLE_FILL_AREA(#10426);
#10426 = FILL_AREA_STYLE('',(#10427));
#10427 = FILL_AREA_STYLE_COLOUR('',#10073);
#10428 = OVER_RIDING_STYLED_ITEM('overriding color',(#10429),#1317,
  #10421);
#10429 = PRESENTATION_STYLE_ASSIGNMENT((#10430));
#10430 = SURFACE_STYLE_USAGE(.BOTH.,#10431);
#10431 = SURFACE_SIDE_STYLE('',(#10432));
#10432 = SURFACE_STYLE_FILL_AREA(#10433);
#10433 = FILL_AREA_STYLE('',(#10434));
#10434 = FILL_AREA_STYLE_COLOUR('',#10308);
#10435 = OVER_RIDING_STYLED_ITEM('overriding color',(#10436),#1353,
  #10421);
#10436 = PRESENTATION_STYLE_ASSIGNMENT((#10437));
#10437 = SURFACE_STYLE_USAGE(.BOTH.,#10438);
#10438 = SURFACE_SIDE_STYLE('',(#10439));
#10439 = SURFACE_STYLE_FILL_AREA(#10440);
#10440 = FILL_AREA_STYLE('',(#10441));
#10441 = FILL_AREA_STYLE_COLOUR('',#10308);
#10442 = OVER_RIDING_STYLED_ITEM('overriding color',(#10443),#1389,
  #10421);
#10443 = PRESENTATION_STYLE_ASSIGNMENT((#10444));
#10444 = SURFACE_STYLE_USAGE(.BOTH.,#10445);
#10445 = SURFACE_SIDE_STYLE('',(#10446));
#10446 = SURFACE_STYLE_FILL_AREA(#10447);
#10447 = FILL_AREA_STYLE('',(#10448));
#10448 = FILL_AREA_STYLE_COLOUR('',#10308);
#10449 = OVER_RIDING_STYLED_ITEM('overriding color',(#10450),#1417,
  #10421);
#10450 = PRESENTATION_STYLE_ASSIGNMENT((#10451));
#10451 = SURFACE_STYLE_USAGE(.BOTH.,#10452);
#10452 = SURFACE_SIDE_STYLE('',(#10453));
#10453 = SURFACE_STYLE_FILL_AREA(#10454);
#10454 = FILL_AREA_STYLE('',(#10455));
#10455 = FILL_AREA_STYLE_COLOUR('',#10308);
#10456 = OVER_RIDING_STYLED_ITEM('overriding color',(#10457),#1445,
  #10421);
#10457 = PRESENTATION_STYLE_ASSIGNMENT((#10458));
#10458 = SURFACE_STYLE_USAGE(.BOTH.,#10459);
#10459 = SURFACE_SIDE_STYLE('',(#10460));
#10460 = SURFACE_STYLE_FILL_AREA(#10461);
#10461 = FILL_AREA_STYLE('',(#10462));
#10462 = FILL_AREA_STYLE_COLOUR('',#10308);
#10463 = OVER_RIDING_STYLED_ITEM('overriding color',(#10464),#1465,
  #10421);
#10464 = PRESENTATION_STYLE_ASSIGNMENT((#10465));
#10465 = SURFACE_STYLE_USAGE(.BOTH.,#10466);
#10466 = SURFACE_SIDE_STYLE('',(#10467));
#10467 = SURFACE_STYLE_FILL_AREA(#10468);
#10468 = FILL_AREA_STYLE('',(#10469));
#10469 = FILL_AREA_STYLE_COLOUR('',#10308);
#10470 = OVER_RIDING_STYLED_ITEM('overriding color',(#10471),#1486,
  #10421);
#10471 = PRESENTATION_STYLE_ASSIGNMENT((#10472));
#10472 = SURFACE_STYLE_USAGE(.BOTH.,#10473);
#10473 = SURFACE_SIDE_STYLE('',(#10474));
#10474 = SURFACE_STYLE_FILL_AREA(#10475);
#10475 = FILL_AREA_STYLE('',(#10476));
#10476 = FILL_AREA_STYLE_COLOUR('',#10308);
#10477 = OVER_RIDING_STYLED_ITEM('overriding color',(#10478),#1507,
  #10421);
#10478 = PRESENTATION_STYLE_ASSIGNMENT((#10479));
#10479 = SURFACE_STYLE_USAGE(.BOTH.,#10480);
#10480 = SURFACE_SIDE_STYLE('',(#10481));
#10481 = SURFACE_STYLE_FILL_AREA(#10482);
#10482 = FILL_AREA_STYLE('',(#10483));
#10483 = FILL_AREA_STYLE_COLOUR('',#10308);
#10484 = STYLED_ITEM('color',(#10485),#1525);
#10485 = PRESENTATION_STYLE_ASSIGNMENT((#10486));
#10486 = SURFACE_STYLE_USAGE(.BOTH.,#10487);
#10487 = SURFACE_SIDE_STYLE('',(#10488));
#10488 = SURFACE_STYLE_FILL_AREA(#10489);
#10489 = FILL_AREA_STYLE('',(#10490));
#10490 = FILL_AREA_STYLE_COLOUR('',#10073);
#10491 = OVER_RIDING_STYLED_ITEM('overriding color',(#10492),#1527,
  #10484);
#10492 = PRESENTATION_STYLE_ASSIGNMENT((#10493));
#10493 = SURFACE_STYLE_USAGE(.BOTH.,#10494);
#10494 = SURFACE_SIDE_STYLE('',(#10495));
#10495 = SURFACE_STYLE_FILL_AREA(#10496);
#10496 = FILL_AREA_STYLE('',(#10497));
#10497 = FILL_AREA_STYLE_COLOUR('',#10308);
#10498 = OVER_RIDING_STYLED_ITEM('overriding color',(#10499),#1567,
  #10484);
#10499 = PRESENTATION_STYLE_ASSIGNMENT((#10500));
#10500 = SURFACE_STYLE_USAGE(.BOTH.,#10501);
#10501 = SURFACE_SIDE_STYLE('',(#10502));
#10502 = SURFACE_STYLE_FILL_AREA(#10503);
#10503 = FILL_AREA_STYLE('',(#10504));
#10504 = FILL_AREA_STYLE_COLOUR('',#10308);
#10505 = OVER_RIDING_STYLED_ITEM('overriding color',(#10506),#1595,
  #10484);
#10506 = PRESENTATION_STYLE_ASSIGNMENT((#10507));
#10507 = SURFACE_STYLE_USAGE(.BOTH.,#10508);
#10508 = SURFACE_SIDE_STYLE('',(#10509));
#10509 = SURFACE_STYLE_FILL_AREA(#10510);
#10510 = FILL_AREA_STYLE('',(#10511));
#10511 = FILL_AREA_STYLE_COLOUR('',#10308);
#10512 = OVER_RIDING_STYLED_ITEM('overriding color',(#10513),#1631,
  #10484);
#10513 = PRESENTATION_STYLE_ASSIGNMENT((#10514));
#10514 = SURFACE_STYLE_USAGE(.BOTH.,#10515);
#10515 = SURFACE_SIDE_STYLE('',(#10516));
#10516 = SURFACE_STYLE_FILL_AREA(#10517);
#10517 = FILL_AREA_STYLE('',(#10518));
#10518 = FILL_AREA_STYLE_COLOUR('',#10308);
#10519 = OVER_RIDING_STYLED_ITEM('overriding color',(#10520),#1667,
  #10484);
#10520 = PRESENTATION_STYLE_ASSIGNMENT((#10521));
#10521 = SURFACE_STYLE_USAGE(.BOTH.,#10522);
#10522 = SURFACE_SIDE_STYLE('',(#10523));
#10523 = SURFACE_STYLE_FILL_AREA(#10524);
#10524 = FILL_AREA_STYLE('',(#10525));
#10525 = FILL_AREA_STYLE_COLOUR('',#10308);
#10526 = OVER_RIDING_STYLED_ITEM('overriding color',(#10527),#1687,
  #10484);
#10527 = PRESENTATION_STYLE_ASSIGNMENT((#10528));
#10528 = SURFACE_STYLE_USAGE(.BOTH.,#10529);
#10529 = SURFACE_SIDE_STYLE('',(#10530));
#10530 = SURFACE_STYLE_FILL_AREA(#10531);
#10531 = FILL_AREA_STYLE('',(#10532));
#10532 = FILL_AREA_STYLE_COLOUR('',#10308);
#10533 = OVER_RIDING_STYLED_ITEM('overriding color',(#10534),#1707,
  #10484);
#10534 = PRESENTATION_STYLE_ASSIGNMENT((#10535));
#10535 = SURFACE_STYLE_USAGE(.BOTH.,#10536);
#10536 = SURFACE_SIDE_STYLE('',(#10537));
#10537 = SURFACE_STYLE_FILL_AREA(#10538);
#10538 = FILL_AREA_STYLE('',(#10539));
#10539 = FILL_AREA_STYLE_COLOUR('',#10308);
#10540 = OVER_RIDING_STYLED_ITEM('overriding color',(#10541),#1727,
  #10484);
#10541 = PRESENTATION_STYLE_ASSIGNMENT((#10542));
#10542 = SURFACE_STYLE_USAGE(.BOTH.,#10543);
#10543 = SURFACE_SIDE_STYLE('',(#10544));
#10544 = SURFACE_STYLE_FILL_AREA(#10545);
#10545 = FILL_AREA_STYLE('',(#10546));
#10546 = FILL_AREA_STYLE_COLOUR('',#10308);
#10547 = OVER_RIDING_STYLED_ITEM('overriding color',(#10548),#1747,
  #10484);
#10548 = PRESENTATION_STYLE_ASSIGNMENT((#10549));
#10549 = SURFACE_STYLE_USAGE(.BOTH.,#10550);
#10550 = SURFACE_SIDE_STYLE('',(#10551));
#10551 = SURFACE_STYLE_FILL_AREA(#10552);
#10552 = FILL_AREA_STYLE('',(#10553));
#10553 = FILL_AREA_STYLE_COLOUR('',#10308);
#10554 = STYLED_ITEM('color',(#10555),#1761);
#10555 = PRESENTATION_STYLE_ASSIGNMENT((#10556));
#10556 = SURFACE_STYLE_USAGE(.BOTH.,#10557);
#10557 = SURFACE_SIDE_STYLE('',(#10558));
#10558 = SURFACE_STYLE_FILL_AREA(#10559);
#10559 = FILL_AREA_STYLE('',(#10560));
#10560 = FILL_AREA_STYLE_COLOUR('',#10073);
#10561 = OVER_RIDING_STYLED_ITEM('overriding color',(#10562),#1763,
  #10554);
#10562 = PRESENTATION_STYLE_ASSIGNMENT((#10563));
#10563 = SURFACE_STYLE_USAGE(.BOTH.,#10564);
#10564 = SURFACE_SIDE_STYLE('',(#10565));
#10565 = SURFACE_STYLE_FILL_AREA(#10566);
#10566 = FILL_AREA_STYLE('',(#10567));
#10567 = FILL_AREA_STYLE_COLOUR('',#10308);
#10568 = OVER_RIDING_STYLED_ITEM('overriding color',(#10569),#1803,
  #10554);
#10569 = PRESENTATION_STYLE_ASSIGNMENT((#10570));
#10570 = SURFACE_STYLE_USAGE(.BOTH.,#10571);
#10571 = SURFACE_SIDE_STYLE('',(#10572));
#10572 = SURFACE_STYLE_FILL_AREA(#10573);
#10573 = FILL_AREA_STYLE('',(#10574));
#10574 = FILL_AREA_STYLE_COLOUR('',#10308);
#10575 = OVER_RIDING_STYLED_ITEM('overriding color',(#10576),#1831,
  #10554);
#10576 = PRESENTATION_STYLE_ASSIGNMENT((#10577));
#10577 = SURFACE_STYLE_USAGE(.BOTH.,#10578);
#10578 = SURFACE_SIDE_STYLE('',(#10579));
#10579 = SURFACE_STYLE_FILL_AREA(#10580);
#10580 = FILL_AREA_STYLE('',(#10581));
#10581 = FILL_AREA_STYLE_COLOUR('',#10308);
#10582 = OVER_RIDING_STYLED_ITEM('overriding color',(#10583),#1867,
  #10554);
#10583 = PRESENTATION_STYLE_ASSIGNMENT((#10584));
#10584 = SURFACE_STYLE_USAGE(.BOTH.,#10585);
#10585 = SURFACE_SIDE_STYLE('',(#10586));
#10586 = SURFACE_STYLE_FILL_AREA(#10587);
#10587 = FILL_AREA_STYLE('',(#10588));
#10588 = FILL_AREA_STYLE_COLOUR('',#10308);
#10589 = OVER_RIDING_STYLED_ITEM('overriding color',(#10590),#1903,
  #10554);
#10590 = PRESENTATION_STYLE_ASSIGNMENT((#10591));
#10591 = SURFACE_STYLE_USAGE(.BOTH.,#10592);
#10592 = SURFACE_SIDE_STYLE('',(#10593));
#10593 = SURFACE_STYLE_FILL_AREA(#10594);
#10594 = FILL_AREA_STYLE('',(#10595));
#10595 = FILL_AREA_STYLE_COLOUR('',#10308);
#10596 = OVER_RIDING_STYLED_ITEM('overriding color',(#10597),#1923,
  #10554);
#10597 = PRESENTATION_STYLE_ASSIGNMENT((#10598));
#10598 = SURFACE_STYLE_USAGE(.BOTH.,#10599);
#10599 = SURFACE_SIDE_STYLE('',(#10600));
#10600 = SURFACE_STYLE_FILL_AREA(#10601);
#10601 = FILL_AREA_STYLE('',(#10602));
#10602 = FILL_AREA_STYLE_COLOUR('',#10308);
#10603 = OVER_RIDING_STYLED_ITEM('overriding color',(#10604),#1943,
  #10554);
#10604 = PRESENTATION_STYLE_ASSIGNMENT((#10605));
#10605 = SURFACE_STYLE_USAGE(.BOTH.,#10606);
#10606 = SURFACE_SIDE_STYLE('',(#10607));
#10607 = SURFACE_STYLE_FILL_AREA(#10608);
#10608 = FILL_AREA_STYLE('',(#10609));
#10609 = FILL_AREA_STYLE_COLOUR('',#10308);
#10610 = OVER_RIDING_STYLED_ITEM('overriding color',(#10611),#1963,
  #10554);
#10611 = PRESENTATION_STYLE_ASSIGNMENT((#10612));
#10612 = SURFACE_STYLE_USAGE(.BOTH.,#10613);
#10613 = SURFACE_SIDE_STYLE('',(#10614));
#10614 = SURFACE_STYLE_FILL_AREA(#10615);
#10615 = FILL_AREA_STYLE('',(#10616));
#10616 = FILL_AREA_STYLE_COLOUR('',#10308);
#10617 = OVER_RIDING_STYLED_ITEM('overriding color',(#10618),#1983,
  #10554);
#10618 = PRESENTATION_STYLE_ASSIGNMENT((#10619));
#10619 = SURFACE_STYLE_USAGE(.BOTH.,#10620);
#10620 = SURFACE_SIDE_STYLE('',(#10621));
#10621 = SURFACE_STYLE_FILL_AREA(#10622);
#10622 = FILL_AREA_STYLE('',(#10623));
#10623 = FILL_AREA_STYLE_COLOUR('',#10308);
#10624 = STYLED_ITEM('color',(#10625),#1997);
#10625 = PRESENTATION_STYLE_ASSIGNMENT((#10626));
#10626 = SURFACE_STYLE_USAGE(.BOTH.,#10627);
#10627 = SURFACE_SIDE_STYLE('',(#10628));
#10628 = SURFACE_STYLE_FILL_AREA(#10629);
#10629 = FILL_AREA_STYLE('',(#10630));
#10630 = FILL_AREA_STYLE_COLOUR('',#10073);
#10631 = OVER_RIDING_STYLED_ITEM('overriding color',(#10632),#1999,
  #10624);
#10632 = PRESENTATION_STYLE_ASSIGNMENT((#10633));
#10633 = SURFACE_STYLE_USAGE(.BOTH.,#10634);
#10634 = SURFACE_SIDE_STYLE('',(#10635));
#10635 = SURFACE_STYLE_FILL_AREA(#10636);
#10636 = FILL_AREA_STYLE('',(#10637));
#10637 = FILL_AREA_STYLE_COLOUR('',#10308);
#10638 = OVER_RIDING_STYLED_ITEM('overriding color',(#10639),#2039,
  #10624);
#10639 = PRESENTATION_STYLE_ASSIGNMENT((#10640));
#10640 = SURFACE_STYLE_USAGE(.BOTH.,#10641);
#10641 = SURFACE_SIDE_STYLE('',(#10642));
#10642 = SURFACE_STYLE_FILL_AREA(#10643);
#10643 = FILL_AREA_STYLE('',(#10644));
#10644 = FILL_AREA_STYLE_COLOUR('',#10308);
#10645 = OVER_RIDING_STYLED_ITEM('overriding color',(#10646),#2067,
  #10624);
#10646 = PRESENTATION_STYLE_ASSIGNMENT((#10647));
#10647 = SURFACE_STYLE_USAGE(.BOTH.,#10648);
#10648 = SURFACE_SIDE_STYLE('',(#10649));
#10649 = SURFACE_STYLE_FILL_AREA(#10650);
#10650 = FILL_AREA_STYLE('',(#10651));
#10651 = FILL_AREA_STYLE_COLOUR('',#10308);
#10652 = OVER_RIDING_STYLED_ITEM('overriding color',(#10653),#2103,
  #10624);
#10653 = PRESENTATION_STYLE_ASSIGNMENT((#10654));
#10654 = SURFACE_STYLE_USAGE(.BOTH.,#10655);
#10655 = SURFACE_SIDE_STYLE('',(#10656));
#10656 = SURFACE_STYLE_FILL_AREA(#10657);
#10657 = FILL_AREA_STYLE('',(#10658));
#10658 = FILL_AREA_STYLE_COLOUR('',#10308);
#10659 = OVER_RIDING_STYLED_ITEM('overriding color',(#10660),#2131,
  #10624);
#10660 = PRESENTATION_STYLE_ASSIGNMENT((#10661));
#10661 = SURFACE_STYLE_USAGE(.BOTH.,#10662);
#10662 = SURFACE_SIDE_STYLE('',(#10663));
#10663 = SURFACE_STYLE_FILL_AREA(#10664);
#10664 = FILL_AREA_STYLE('',(#10665));
#10665 = FILL_AREA_STYLE_COLOUR('',#10308);
#10666 = OVER_RIDING_STYLED_ITEM('overriding color',(#10667),#2159,
  #10624);
#10667 = PRESENTATION_STYLE_ASSIGNMENT((#10668));
#10668 = SURFACE_STYLE_USAGE(.BOTH.,#10669);
#10669 = SURFACE_SIDE_STYLE('',(#10670));
#10670 = SURFACE_STYLE_FILL_AREA(#10671);
#10671 = FILL_AREA_STYLE('',(#10672));
#10672 = FILL_AREA_STYLE_COLOUR('',#10308);
#10673 = OVER_RIDING_STYLED_ITEM('overriding color',(#10674),#2179,
  #10624);
#10674 = PRESENTATION_STYLE_ASSIGNMENT((#10675));
#10675 = SURFACE_STYLE_USAGE(.BOTH.,#10676);
#10676 = SURFACE_SIDE_STYLE('',(#10677));
#10677 = SURFACE_STYLE_FILL_AREA(#10678);
#10678 = FILL_AREA_STYLE('',(#10679));
#10679 = FILL_AREA_STYLE_COLOUR('',#10308);
#10680 = OVER_RIDING_STYLED_ITEM('overriding color',(#10681),#2199,
  #10624);
#10681 = PRESENTATION_STYLE_ASSIGNMENT((#10682));
#10682 = SURFACE_STYLE_USAGE(.BOTH.,#10683);
#10683 = SURFACE_SIDE_STYLE('',(#10684));
#10684 = SURFACE_STYLE_FILL_AREA(#10685);
#10685 = FILL_AREA_STYLE('',(#10686));
#10686 = FILL_AREA_STYLE_COLOUR('',#10308);
#10687 = OVER_RIDING_STYLED_ITEM('overriding color',(#10688),#2219,
  #10624);
#10688 = PRESENTATION_STYLE_ASSIGNMENT((#10689));
#10689 = SURFACE_STYLE_USAGE(.BOTH.,#10690);
#10690 = SURFACE_SIDE_STYLE('',(#10691));
#10691 = SURFACE_STYLE_FILL_AREA(#10692);
#10692 = FILL_AREA_STYLE('',(#10693));
#10693 = FILL_AREA_STYLE_COLOUR('',#10308);
#10694 = STYLED_ITEM('color',(#10695),#2233);
#10695 = PRESENTATION_STYLE_ASSIGNMENT((#10696));
#10696 = SURFACE_STYLE_USAGE(.BOTH.,#10697);
#10697 = SURFACE_SIDE_STYLE('',(#10698));
#10698 = SURFACE_STYLE_FILL_AREA(#10699);
#10699 = FILL_AREA_STYLE('',(#10700));
#10700 = FILL_AREA_STYLE_COLOUR('',#10073);
#10701 = OVER_RIDING_STYLED_ITEM('overriding color',(#10702),#2235,
  #10694);
#10702 = PRESENTATION_STYLE_ASSIGNMENT((#10703));
#10703 = SURFACE_STYLE_USAGE(.BOTH.,#10704);
#10704 = SURFACE_SIDE_STYLE('',(#10705));
#10705 = SURFACE_STYLE_FILL_AREA(#10706);
#10706 = FILL_AREA_STYLE('',(#10707));
#10707 = FILL_AREA_STYLE_COLOUR('',#10308);
#10708 = OVER_RIDING_STYLED_ITEM('overriding color',(#10709),#2271,
  #10694);
#10709 = PRESENTATION_STYLE_ASSIGNMENT((#10710));
#10710 = SURFACE_STYLE_USAGE(.BOTH.,#10711);
#10711 = SURFACE_SIDE_STYLE('',(#10712));
#10712 = SURFACE_STYLE_FILL_AREA(#10713);
#10713 = FILL_AREA_STYLE('',(#10714));
#10714 = FILL_AREA_STYLE_COLOUR('',#10308);
#10715 = OVER_RIDING_STYLED_ITEM('overriding color',(#10716),#2299,
  #10694);
#10716 = PRESENTATION_STYLE_ASSIGNMENT((#10717));
#10717 = SURFACE_STYLE_USAGE(.BOTH.,#10718);
#10718 = SURFACE_SIDE_STYLE('',(#10719));
#10719 = SURFACE_STYLE_FILL_AREA(#10720);
#10720 = FILL_AREA_STYLE('',(#10721));
#10721 = FILL_AREA_STYLE_COLOUR('',#10308);
#10722 = OVER_RIDING_STYLED_ITEM('overriding color',(#10723),#2327,
  #10694);
#10723 = PRESENTATION_STYLE_ASSIGNMENT((#10724));
#10724 = SURFACE_STYLE_USAGE(.BOTH.,#10725);
#10725 = SURFACE_SIDE_STYLE('',(#10726));
#10726 = SURFACE_STYLE_FILL_AREA(#10727);
#10727 = FILL_AREA_STYLE('',(#10728));
#10728 = FILL_AREA_STYLE_COLOUR('',#10308);
#10729 = OVER_RIDING_STYLED_ITEM('overriding color',(#10730),#2355,
  #10694);
#10730 = PRESENTATION_STYLE_ASSIGNMENT((#10731));
#10731 = SURFACE_STYLE_USAGE(.BOTH.,#10732);
#10732 = SURFACE_SIDE_STYLE('',(#10733));
#10733 = SURFACE_STYLE_FILL_AREA(#10734);
#10734 = FILL_AREA_STYLE('',(#10735));
#10735 = FILL_AREA_STYLE_COLOUR('',#10308);
#10736 = OVER_RIDING_STYLED_ITEM('overriding color',(#10737),#2383,
  #10694);
#10737 = PRESENTATION_STYLE_ASSIGNMENT((#10738));
#10738 = SURFACE_STYLE_USAGE(.BOTH.,#10739);
#10739 = SURFACE_SIDE_STYLE('',(#10740));
#10740 = SURFACE_STYLE_FILL_AREA(#10741);
#10741 = FILL_AREA_STYLE('',(#10742));
#10742 = FILL_AREA_STYLE_COLOUR('',#10308);
#10743 = OVER_RIDING_STYLED_ITEM('overriding color',(#10744),#2411,
  #10694);
#10744 = PRESENTATION_STYLE_ASSIGNMENT((#10745));
#10745 = SURFACE_STYLE_USAGE(.BOTH.,#10746);
#10746 = SURFACE_SIDE_STYLE('',(#10747));
#10747 = SURFACE_STYLE_FILL_AREA(#10748);
#10748 = FILL_AREA_STYLE('',(#10749));
#10749 = FILL_AREA_STYLE_COLOUR('',#10308);
#10750 = OVER_RIDING_STYLED_ITEM('overriding color',(#10751),#2439,
  #10694);
#10751 = PRESENTATION_STYLE_ASSIGNMENT((#10752));
#10752 = SURFACE_STYLE_USAGE(.BOTH.,#10753);
#10753 = SURFACE_SIDE_STYLE('',(#10754));
#10754 = SURFACE_STYLE_FILL_AREA(#10755);
#10755 = FILL_AREA_STYLE('',(#10756));
#10756 = FILL_AREA_STYLE_COLOUR('',#10308);
#10757 = OVER_RIDING_STYLED_ITEM('overriding color',(#10758),#2467,
  #10694);
#10758 = PRESENTATION_STYLE_ASSIGNMENT((#10759));
#10759 = SURFACE_STYLE_USAGE(.BOTH.,#10760);
#10760 = SURFACE_SIDE_STYLE('',(#10761));
#10761 = SURFACE_STYLE_FILL_AREA(#10762);
#10762 = FILL_AREA_STYLE('',(#10763));
#10763 = FILL_AREA_STYLE_COLOUR('',#10308);
#10764 = OVER_RIDING_STYLED_ITEM('overriding color',(#10765),#2495,
  #10694);
#10765 = PRESENTATION_STYLE_ASSIGNMENT((#10766));
#10766 = SURFACE_STYLE_USAGE(.BOTH.,#10767);
#10767 = SURFACE_SIDE_STYLE('',(#10768));
#10768 = SURFACE_STYLE_FILL_AREA(#10769);
#10769 = FILL_AREA_STYLE('',(#10770));
#10770 = FILL_AREA_STYLE_COLOUR('',#10308);
#10771 = OVER_RIDING_STYLED_ITEM('overriding color',(#10772),#2523,
  #10694);
#10772 = PRESENTATION_STYLE_ASSIGNMENT((#10773));
#10773 = SURFACE_STYLE_USAGE(.BOTH.,#10774);
#10774 = SURFACE_SIDE_STYLE('',(#10775));
#10775 = SURFACE_STYLE_FILL_AREA(#10776);
#10776 = FILL_AREA_STYLE('',(#10777));
#10777 = FILL_AREA_STYLE_COLOUR('',#10308);
#10778 = OVER_RIDING_STYLED_ITEM('overriding color',(#10779),#2551,
  #10694);
#10779 = PRESENTATION_STYLE_ASSIGNMENT((#10780));
#10780 = SURFACE_STYLE_USAGE(.BOTH.,#10781);
#10781 = SURFACE_SIDE_STYLE('',(#10782));
#10782 = SURFACE_STYLE_FILL_AREA(#10783);
#10783 = FILL_AREA_STYLE('',(#10784));
#10784 = FILL_AREA_STYLE_COLOUR('',#10308);
#10785 = OVER_RIDING_STYLED_ITEM('overriding color',(#10786),#2579,
  #10694);
#10786 = PRESENTATION_STYLE_ASSIGNMENT((#10787));
#10787 = SURFACE_STYLE_USAGE(.BOTH.,#10788);
#10788 = SURFACE_SIDE_STYLE('',(#10789));
#10789 = SURFACE_STYLE_FILL_AREA(#10790);
#10790 = FILL_AREA_STYLE('',(#10791));
#10791 = FILL_AREA_STYLE_COLOUR('',#10308);
#10792 = OVER_RIDING_STYLED_ITEM('overriding color',(#10793),#2607,
  #10694);
#10793 = PRESENTATION_STYLE_ASSIGNMENT((#10794));
#10794 = SURFACE_STYLE_USAGE(.BOTH.,#10795);
#10795 = SURFACE_SIDE_STYLE('',(#10796));
#10796 = SURFACE_STYLE_FILL_AREA(#10797);
#10797 = FILL_AREA_STYLE('',(#10798));
#10798 = FILL_AREA_STYLE_COLOUR('',#10308);
#10799 = OVER_RIDING_STYLED_ITEM('overriding color',(#10800),#2635,
  #10694);
#10800 = PRESENTATION_STYLE_ASSIGNMENT((#10801));
#10801 = SURFACE_STYLE_USAGE(.BOTH.,#10802);
#10802 = SURFACE_SIDE_STYLE('',(#10803));
#10803 = SURFACE_STYLE_FILL_AREA(#10804);
#10804 = FILL_AREA_STYLE('',(#10805));
#10805 = FILL_AREA_STYLE_COLOUR('',#10308);
#10806 = OVER_RIDING_STYLED_ITEM('overriding color',(#10807),#2663,
  #10694);
#10807 = PRESENTATION_STYLE_ASSIGNMENT((#10808));
#10808 = SURFACE_STYLE_USAGE(.BOTH.,#10809);
#10809 = SURFACE_SIDE_STYLE('',(#10810));
#10810 = SURFACE_STYLE_FILL_AREA(#10811);
#10811 = FILL_AREA_STYLE('',(#10812));
#10812 = FILL_AREA_STYLE_COLOUR('',#10308);
#10813 = OVER_RIDING_STYLED_ITEM('overriding color',(#10814),#2683,
  #10694);
#10814 = PRESENTATION_STYLE_ASSIGNMENT((#10815));
#10815 = SURFACE_STYLE_USAGE(.BOTH.,#10816);
#10816 = SURFACE_SIDE_STYLE('',(#10817));
#10817 = SURFACE_STYLE_FILL_AREA(#10818);
#10818 = FILL_AREA_STYLE('',(#10819));
#10819 = FILL_AREA_STYLE_COLOUR('',#10308);
#10820 = OVER_RIDING_STYLED_ITEM('overriding color',(#10821),#2707,
  #10694);
#10821 = PRESENTATION_STYLE_ASSIGNMENT((#10822));
#10822 = SURFACE_STYLE_USAGE(.BOTH.,#10823);
#10823 = SURFACE_SIDE_STYLE('',(#10824));
#10824 = SURFACE_STYLE_FILL_AREA(#10825);
#10825 = FILL_AREA_STYLE('',(#10826));
#10826 = FILL_AREA_STYLE_COLOUR('',#10308);
#10827 = STYLED_ITEM('color',(#10828),#2731);
#10828 = PRESENTATION_STYLE_ASSIGNMENT((#10829));
#10829 = SURFACE_STYLE_USAGE(.BOTH.,#10830);
#10830 = SURFACE_SIDE_STYLE('',(#10831));
#10831 = SURFACE_STYLE_FILL_AREA(#10832);
#10832 = FILL_AREA_STYLE('',(#10833));
#10833 = FILL_AREA_STYLE_COLOUR('',#10073);
#10834 = OVER_RIDING_STYLED_ITEM('overriding color',(#10835),#2733,
  #10827);
#10835 = PRESENTATION_STYLE_ASSIGNMENT((#10836));
#10836 = SURFACE_STYLE_USAGE(.BOTH.,#10837);
#10837 = SURFACE_SIDE_STYLE('',(#10838));
#10838 = SURFACE_STYLE_FILL_AREA(#10839);
#10839 = FILL_AREA_STYLE('',(#10840));
#10840 = FILL_AREA_STYLE_COLOUR('',#10308);
#10841 = OVER_RIDING_STYLED_ITEM('overriding color',(#10842),#2769,
  #10827);
#10842 = PRESENTATION_STYLE_ASSIGNMENT((#10843));
#10843 = SURFACE_STYLE_USAGE(.BOTH.,#10844);
#10844 = SURFACE_SIDE_STYLE('',(#10845));
#10845 = SURFACE_STYLE_FILL_AREA(#10846);
#10846 = FILL_AREA_STYLE('',(#10847));
#10847 = FILL_AREA_STYLE_COLOUR('',#10308);
#10848 = OVER_RIDING_STYLED_ITEM('overriding color',(#10849),#2797,
  #10827);
#10849 = PRESENTATION_STYLE_ASSIGNMENT((#10850));
#10850 = SURFACE_STYLE_USAGE(.BOTH.,#10851);
#10851 = SURFACE_SIDE_STYLE('',(#10852));
#10852 = SURFACE_STYLE_FILL_AREA(#10853);
#10853 = FILL_AREA_STYLE('',(#10854));
#10854 = FILL_AREA_STYLE_COLOUR('',#10308);
#10855 = OVER_RIDING_STYLED_ITEM('overriding color',(#10856),#2817,
  #10827);
#10856 = PRESENTATION_STYLE_ASSIGNMENT((#10857));
#10857 = SURFACE_STYLE_USAGE(.BOTH.,#10858);
#10858 = SURFACE_SIDE_STYLE('',(#10859));
#10859 = SURFACE_STYLE_FILL_AREA(#10860);
#10860 = FILL_AREA_STYLE('',(#10861));
#10861 = FILL_AREA_STYLE_COLOUR('',#10308);
#10862 = OVER_RIDING_STYLED_ITEM('overriding color',(#10863),#2828,
  #10827);
#10863 = PRESENTATION_STYLE_ASSIGNMENT((#10864));
#10864 = SURFACE_STYLE_USAGE(.BOTH.,#10865);
#10865 = SURFACE_SIDE_STYLE('',(#10866));
#10866 = SURFACE_STYLE_FILL_AREA(#10867);
#10867 = FILL_AREA_STYLE('',(#10868));
#10868 = FILL_AREA_STYLE_COLOUR('',#10308);
#10869 = STYLED_ITEM('color',(#10870),#2839);
#10870 = PRESENTATION_STYLE_ASSIGNMENT((#10871));
#10871 = SURFACE_STYLE_USAGE(.BOTH.,#10872);
#10872 = SURFACE_SIDE_STYLE('',(#10873));
#10873 = SURFACE_STYLE_FILL_AREA(#10874);
#10874 = FILL_AREA_STYLE('',(#10875));
#10875 = FILL_AREA_STYLE_COLOUR('',#10073);
#10876 = OVER_RIDING_STYLED_ITEM('overriding color',(#10877),#2841,
  #10869);
#10877 = PRESENTATION_STYLE_ASSIGNMENT((#10878));
#10878 = SURFACE_STYLE_USAGE(.BOTH.,#10879);
#10879 = SURFACE_SIDE_STYLE('',(#10880));
#10880 = SURFACE_STYLE_FILL_AREA(#10881);
#10881 = FILL_AREA_STYLE('',(#10882));
#10882 = FILL_AREA_STYLE_COLOUR('',#10081);
#10883 = OVER_RIDING_STYLED_ITEM('overriding color',(#10884),#2877,
  #10869);
#10884 = PRESENTATION_STYLE_ASSIGNMENT((#10885));
#10885 = SURFACE_STYLE_USAGE(.BOTH.,#10886);
#10886 = SURFACE_SIDE_STYLE('',(#10887));
#10887 = SURFACE_STYLE_FILL_AREA(#10888);
#10888 = FILL_AREA_STYLE('',(#10889));
#10889 = FILL_AREA_STYLE_COLOUR('',#10081);
#10890 = OVER_RIDING_STYLED_ITEM('overriding color',(#10891),#2905,
  #10869);
#10891 = PRESENTATION_STYLE_ASSIGNMENT((#10892));
#10892 = SURFACE_STYLE_USAGE(.BOTH.,#10893);
#10893 = SURFACE_SIDE_STYLE('',(#10894));
#10894 = SURFACE_STYLE_FILL_AREA(#10895);
#10895 = FILL_AREA_STYLE('',(#10896));
#10896 = FILL_AREA_STYLE_COLOUR('',#10081);
#10897 = OVER_RIDING_STYLED_ITEM('overriding color',(#10898),#2933,
  #10869);
#10898 = PRESENTATION_STYLE_ASSIGNMENT((#10899));
#10899 = SURFACE_STYLE_USAGE(.BOTH.,#10900);
#10900 = SURFACE_SIDE_STYLE('',(#10901));
#10901 = SURFACE_STYLE_FILL_AREA(#10902);
#10902 = FILL_AREA_STYLE('',(#10903));
#10903 = FILL_AREA_STYLE_COLOUR('',#10081);
#10904 = OVER_RIDING_STYLED_ITEM('overriding color',(#10905),#2961,
  #10869);
#10905 = PRESENTATION_STYLE_ASSIGNMENT((#10906));
#10906 = SURFACE_STYLE_USAGE(.BOTH.,#10907);
#10907 = SURFACE_SIDE_STYLE('',(#10908));
#10908 = SURFACE_STYLE_FILL_AREA(#10909);
#10909 = FILL_AREA_STYLE('',(#10910));
#10910 = FILL_AREA_STYLE_COLOUR('',#10081);
#10911 = OVER_RIDING_STYLED_ITEM('overriding color',(#10912),#2989,
  #10869);
#10912 = PRESENTATION_STYLE_ASSIGNMENT((#10913));
#10913 = SURFACE_STYLE_USAGE(.BOTH.,#10914);
#10914 = SURFACE_SIDE_STYLE('',(#10915));
#10915 = SURFACE_STYLE_FILL_AREA(#10916);
#10916 = FILL_AREA_STYLE('',(#10917));
#10917 = FILL_AREA_STYLE_COLOUR('',#10081);
#10918 = OVER_RIDING_STYLED_ITEM('overriding color',(#10919),#3009,
  #10869);
#10919 = PRESENTATION_STYLE_ASSIGNMENT((#10920));
#10920 = SURFACE_STYLE_USAGE(.BOTH.,#10921);
#10921 = SURFACE_SIDE_STYLE('',(#10922));
#10922 = SURFACE_STYLE_FILL_AREA(#10923);
#10923 = FILL_AREA_STYLE('',(#10924));
#10924 = FILL_AREA_STYLE_COLOUR('',#10081);
#10925 = OVER_RIDING_STYLED_ITEM('overriding color',(#10926),#3023,
  #10869);
#10926 = PRESENTATION_STYLE_ASSIGNMENT((#10927));
#10927 = SURFACE_STYLE_USAGE(.BOTH.,#10928);
#10928 = SURFACE_SIDE_STYLE('',(#10929));
#10929 = SURFACE_STYLE_FILL_AREA(#10930);
#10930 = FILL_AREA_STYLE('',(#10931));
#10931 = FILL_AREA_STYLE_COLOUR('',#10081);
#10932 = STYLED_ITEM('color',(#10933),#3037);
#10933 = PRESENTATION_STYLE_ASSIGNMENT((#10934));
#10934 = SURFACE_STYLE_USAGE(.BOTH.,#10935);
#10935 = SURFACE_SIDE_STYLE('',(#10936));
#10936 = SURFACE_STYLE_FILL_AREA(#10937);
#10937 = FILL_AREA_STYLE('',(#10938));
#10938 = FILL_AREA_STYLE_COLOUR('',#10073);
#10939 = OVER_RIDING_STYLED_ITEM('overriding color',(#10940),#3039,
  #10932);
#10940 = PRESENTATION_STYLE_ASSIGNMENT((#10941));
#10941 = SURFACE_STYLE_USAGE(.BOTH.,#10942);
#10942 = SURFACE_SIDE_STYLE('',(#10943));
#10943 = SURFACE_STYLE_FILL_AREA(#10944);
#10944 = FILL_AREA_STYLE('',(#10945));
#10945 = FILL_AREA_STYLE_COLOUR('',#10081);
#10946 = OVER_RIDING_STYLED_ITEM('overriding color',(#10947),#3083,
  #10932);
#10947 = PRESENTATION_STYLE_ASSIGNMENT((#10948));
#10948 = SURFACE_STYLE_USAGE(.BOTH.,#10949);
#10949 = SURFACE_SIDE_STYLE('',(#10950));
#10950 = SURFACE_STYLE_FILL_AREA(#10951);
#10951 = FILL_AREA_STYLE('',(#10952));
#10952 = FILL_AREA_STYLE_COLOUR('',#10081);
#10953 = OVER_RIDING_STYLED_ITEM('overriding color',(#10954),#3111,
  #10932);
#10954 = PRESENTATION_STYLE_ASSIGNMENT((#10955));
#10955 = SURFACE_STYLE_USAGE(.BOTH.,#10956);
#10956 = SURFACE_SIDE_STYLE('',(#10957));
#10957 = SURFACE_STYLE_FILL_AREA(#10958);
#10958 = FILL_AREA_STYLE('',(#10959));
#10959 = FILL_AREA_STYLE_COLOUR('',#10081);
#10960 = OVER_RIDING_STYLED_ITEM('overriding color',(#10961),#3147,
  #10932);
#10961 = PRESENTATION_STYLE_ASSIGNMENT((#10962));
#10962 = SURFACE_STYLE_USAGE(.BOTH.,#10963);
#10963 = SURFACE_SIDE_STYLE('',(#10964));
#10964 = SURFACE_STYLE_FILL_AREA(#10965);
#10965 = FILL_AREA_STYLE('',(#10966));
#10966 = FILL_AREA_STYLE_COLOUR('',#10081);
#10967 = OVER_RIDING_STYLED_ITEM('overriding color',(#10968),#3183,
  #10932);
#10968 = PRESENTATION_STYLE_ASSIGNMENT((#10969));
#10969 = SURFACE_STYLE_USAGE(.BOTH.,#10970);
#10970 = SURFACE_SIDE_STYLE('',(#10971));
#10971 = SURFACE_STYLE_FILL_AREA(#10972);
#10972 = FILL_AREA_STYLE('',(#10973));
#10973 = FILL_AREA_STYLE_COLOUR('',#10081);
#10974 = OVER_RIDING_STYLED_ITEM('overriding color',(#10975),#3219,
  #10932);
#10975 = PRESENTATION_STYLE_ASSIGNMENT((#10976));
#10976 = SURFACE_STYLE_USAGE(.BOTH.,#10977);
#10977 = SURFACE_SIDE_STYLE('',(#10978));
#10978 = SURFACE_STYLE_FILL_AREA(#10979);
#10979 = FILL_AREA_STYLE('',(#10980));
#10980 = FILL_AREA_STYLE_COLOUR('',#10081);
#10981 = OVER_RIDING_STYLED_ITEM('overriding color',(#10982),#3255,
  #10932);
#10982 = PRESENTATION_STYLE_ASSIGNMENT((#10983));
#10983 = SURFACE_STYLE_USAGE(.BOTH.,#10984);
#10984 = SURFACE_SIDE_STYLE('',(#10985));
#10985 = SURFACE_STYLE_FILL_AREA(#10986);
#10986 = FILL_AREA_STYLE('',(#10987));
#10987 = FILL_AREA_STYLE_COLOUR('',#10081);
#10988 = OVER_RIDING_STYLED_ITEM('overriding color',(#10989),#3291,
  #10932);
#10989 = PRESENTATION_STYLE_ASSIGNMENT((#10990));
#10990 = SURFACE_STYLE_USAGE(.BOTH.,#10991);
#10991 = SURFACE_SIDE_STYLE('',(#10992));
#10992 = SURFACE_STYLE_FILL_AREA(#10993);
#10993 = FILL_AREA_STYLE('',(#10994));
#10994 = FILL_AREA_STYLE_COLOUR('',#10081);
#10995 = OVER_RIDING_STYLED_ITEM('overriding color',(#10996),#3327,
  #10932);
#10996 = PRESENTATION_STYLE_ASSIGNMENT((#10997));
#10997 = SURFACE_STYLE_USAGE(.BOTH.,#10998);
#10998 = SURFACE_SIDE_STYLE('',(#10999));
#10999 = SURFACE_STYLE_FILL_AREA(#11000);
#11000 = FILL_AREA_STYLE('',(#11001));
#11001 = FILL_AREA_STYLE_COLOUR('',#10081);
#11002 = OVER_RIDING_STYLED_ITEM('overriding color',(#11003),#3355,
  #10932);
#11003 = PRESENTATION_STYLE_ASSIGNMENT((#11004));
#11004 = SURFACE_STYLE_USAGE(.BOTH.,#11005);
#11005 = SURFACE_SIDE_STYLE('',(#11006));
#11006 = SURFACE_STYLE_FILL_AREA(#11007);
#11007 = FILL_AREA_STYLE('',(#11008));
#11008 = FILL_AREA_STYLE_COLOUR('',#10081);
#11009 = OVER_RIDING_STYLED_ITEM('overriding color',(#11010),#3391,
  #10932);
#11010 = PRESENTATION_STYLE_ASSIGNMENT((#11011));
#11011 = SURFACE_STYLE_USAGE(.BOTH.,#11012);
#11012 = SURFACE_SIDE_STYLE('',(#11013));
#11013 = SURFACE_STYLE_FILL_AREA(#11014);
#11014 = FILL_AREA_STYLE('',(#11015));
#11015 = FILL_AREA_STYLE_COLOUR('',#10081);
#11016 = OVER_RIDING_STYLED_ITEM('overriding color',(#11017),#3427,
  #10932);
#11017 = PRESENTATION_STYLE_ASSIGNMENT((#11018));
#11018 = SURFACE_STYLE_USAGE(.BOTH.,#11019);
#11019 = SURFACE_SIDE_STYLE('',(#11020));
#11020 = SURFACE_STYLE_FILL_AREA(#11021);
#11021 = FILL_AREA_STYLE('',(#11022));
#11022 = FILL_AREA_STYLE_COLOUR('',#10081);
#11023 = OVER_RIDING_STYLED_ITEM('overriding color',(#11024),#3463,
  #10932);
#11024 = PRESENTATION_STYLE_ASSIGNMENT((#11025));
#11025 = SURFACE_STYLE_USAGE(.BOTH.,#11026);
#11026 = SURFACE_SIDE_STYLE('',(#11027));
#11027 = SURFACE_STYLE_FILL_AREA(#11028);
#11028 = FILL_AREA_STYLE('',(#11029));
#11029 = FILL_AREA_STYLE_COLOUR('',#10081);
#11030 = OVER_RIDING_STYLED_ITEM('overriding color',(#11031),#3499,
  #10932);
#11031 = PRESENTATION_STYLE_ASSIGNMENT((#11032));
#11032 = SURFACE_STYLE_USAGE(.BOTH.,#11033);
#11033 = SURFACE_SIDE_STYLE('',(#11034));
#11034 = SURFACE_STYLE_FILL_AREA(#11035);
#11035 = FILL_AREA_STYLE('',(#11036));
#11036 = FILL_AREA_STYLE_COLOUR('',#10081);
#11037 = OVER_RIDING_STYLED_ITEM('overriding color',(#11038),#3527,
  #10932);
#11038 = PRESENTATION_STYLE_ASSIGNMENT((#11039));
#11039 = SURFACE_STYLE_USAGE(.BOTH.,#11040);
#11040 = SURFACE_SIDE_STYLE('',(#11041));
#11041 = SURFACE_STYLE_FILL_AREA(#11042);
#11042 = FILL_AREA_STYLE('',(#11043));
#11043 = FILL_AREA_STYLE_COLOUR('',#10081);
#11044 = OVER_RIDING_STYLED_ITEM('overriding color',(#11045),#3549,
  #10932);
#11045 = PRESENTATION_STYLE_ASSIGNMENT((#11046));
#11046 = SURFACE_STYLE_USAGE(.BOTH.,#11047);
#11047 = SURFACE_SIDE_STYLE('',(#11048));
#11048 = SURFACE_STYLE_FILL_AREA(#11049);
#11049 = FILL_AREA_STYLE('',(#11050));
#11050 = FILL_AREA_STYLE_COLOUR('',#10081);
#11051 = STYLED_ITEM('color',(#11052),#3571);
#11052 = PRESENTATION_STYLE_ASSIGNMENT((#11053));
#11053 = SURFACE_STYLE_USAGE(.BOTH.,#11054);
#11054 = SURFACE_SIDE_STYLE('',(#11055));
#11055 = SURFACE_STYLE_FILL_AREA(#11056);
#11056 = FILL_AREA_STYLE('',(#11057));
#11057 = FILL_AREA_STYLE_COLOUR('',#10073);
#11058 = OVER_RIDING_STYLED_ITEM('overriding color',(#11059),#3573,
  #11051);
#11059 = PRESENTATION_STYLE_ASSIGNMENT((#11060));
#11060 = SURFACE_STYLE_USAGE(.BOTH.,#11061);
#11061 = SURFACE_SIDE_STYLE('',(#11062));
#11062 = SURFACE_STYLE_FILL_AREA(#11063);
#11063 = FILL_AREA_STYLE('',(#11064));
#11064 = FILL_AREA_STYLE_COLOUR('',#10081);
#11065 = OVER_RIDING_STYLED_ITEM('overriding color',(#11066),#3609,
  #11051);
#11066 = PRESENTATION_STYLE_ASSIGNMENT((#11067));
#11067 = SURFACE_STYLE_USAGE(.BOTH.,#11068);
#11068 = SURFACE_SIDE_STYLE('',(#11069));
#11069 = SURFACE_STYLE_FILL_AREA(#11070);
#11070 = FILL_AREA_STYLE('',(#11071));
#11071 = FILL_AREA_STYLE_COLOUR('',#10081);
#11072 = OVER_RIDING_STYLED_ITEM('overriding color',(#11073),#3637,
  #11051);
#11073 = PRESENTATION_STYLE_ASSIGNMENT((#11074));
#11074 = SURFACE_STYLE_USAGE(.BOTH.,#11075);
#11075 = SURFACE_SIDE_STYLE('',(#11076));
#11076 = SURFACE_STYLE_FILL_AREA(#11077);
#11077 = FILL_AREA_STYLE('',(#11078));
#11078 = FILL_AREA_STYLE_COLOUR('',#10081);
#11079 = OVER_RIDING_STYLED_ITEM('overriding color',(#11080),#3665,
  #11051);
#11080 = PRESENTATION_STYLE_ASSIGNMENT((#11081));
#11081 = SURFACE_STYLE_USAGE(.BOTH.,#11082);
#11082 = SURFACE_SIDE_STYLE('',(#11083));
#11083 = SURFACE_STYLE_FILL_AREA(#11084);
#11084 = FILL_AREA_STYLE('',(#11085));
#11085 = FILL_AREA_STYLE_COLOUR('',#10081);
#11086 = OVER_RIDING_STYLED_ITEM('overriding color',(#11087),#3693,
  #11051);
#11087 = PRESENTATION_STYLE_ASSIGNMENT((#11088));
#11088 = SURFACE_STYLE_USAGE(.BOTH.,#11089);
#11089 = SURFACE_SIDE_STYLE('',(#11090));
#11090 = SURFACE_STYLE_FILL_AREA(#11091);
#11091 = FILL_AREA_STYLE('',(#11092));
#11092 = FILL_AREA_STYLE_COLOUR('',#10081);
#11093 = OVER_RIDING_STYLED_ITEM('overriding color',(#11094),#3721,
  #11051);
#11094 = PRESENTATION_STYLE_ASSIGNMENT((#11095));
#11095 = SURFACE_STYLE_USAGE(.BOTH.,#11096);
#11096 = SURFACE_SIDE_STYLE('',(#11097));
#11097 = SURFACE_STYLE_FILL_AREA(#11098);
#11098 = FILL_AREA_STYLE('',(#11099));
#11099 = FILL_AREA_STYLE_COLOUR('',#10081);
#11100 = OVER_RIDING_STYLED_ITEM('overriding color',(#11101),#3749,
  #11051);
#11101 = PRESENTATION_STYLE_ASSIGNMENT((#11102));
#11102 = SURFACE_STYLE_USAGE(.BOTH.,#11103);
#11103 = SURFACE_SIDE_STYLE('',(#11104));
#11104 = SURFACE_STYLE_FILL_AREA(#11105);
#11105 = FILL_AREA_STYLE('',(#11106));
#11106 = FILL_AREA_STYLE_COLOUR('',#10081);
#11107 = OVER_RIDING_STYLED_ITEM('overriding color',(#11108),#3777,
  #11051);
#11108 = PRESENTATION_STYLE_ASSIGNMENT((#11109));
#11109 = SURFACE_STYLE_USAGE(.BOTH.,#11110);
#11110 = SURFACE_SIDE_STYLE('',(#11111));
#11111 = SURFACE_STYLE_FILL_AREA(#11112);
#11112 = FILL_AREA_STYLE('',(#11113));
#11113 = FILL_AREA_STYLE_COLOUR('',#10081);
#11114 = OVER_RIDING_STYLED_ITEM('overriding color',(#11115),#3805,
  #11051);
#11115 = PRESENTATION_STYLE_ASSIGNMENT((#11116));
#11116 = SURFACE_STYLE_USAGE(.BOTH.,#11117);
#11117 = SURFACE_SIDE_STYLE('',(#11118));
#11118 = SURFACE_STYLE_FILL_AREA(#11119);
#11119 = FILL_AREA_STYLE('',(#11120));
#11120 = FILL_AREA_STYLE_COLOUR('',#10081);
#11121 = OVER_RIDING_STYLED_ITEM('overriding color',(#11122),#3833,
  #11051);
#11122 = PRESENTATION_STYLE_ASSIGNMENT((#11123));
#11123 = SURFACE_STYLE_USAGE(.BOTH.,#11124);
#11124 = SURFACE_SIDE_STYLE('',(#11125));
#11125 = SURFACE_STYLE_FILL_AREA(#11126);
#11126 = FILL_AREA_STYLE('',(#11127));
#11127 = FILL_AREA_STYLE_COLOUR('',#10081);
#11128 = OVER_RIDING_STYLED_ITEM('overriding color',(#11129),#3861,
  #11051);
#11129 = PRESENTATION_STYLE_ASSIGNMENT((#11130));
#11130 = SURFACE_STYLE_USAGE(.BOTH.,#11131);
#11131 = SURFACE_SIDE_STYLE('',(#11132));
#11132 = SURFACE_STYLE_FILL_AREA(#11133);
#11133 = FILL_AREA_STYLE('',(#11134));
#11134 = FILL_AREA_STYLE_COLOUR('',#10081);
#11135 = OVER_RIDING_STYLED_ITEM('overriding color',(#11136),#3889,
  #11051);
#11136 = PRESENTATION_STYLE_ASSIGNMENT((#11137));
#11137 = SURFACE_STYLE_USAGE(.BOTH.,#11138);
#11138 = SURFACE_SIDE_STYLE('',(#11139));
#11139 = SURFACE_STYLE_FILL_AREA(#11140);
#11140 = FILL_AREA_STYLE('',(#11141));
#11141 = FILL_AREA_STYLE_COLOUR('',#10081);
#11142 = OVER_RIDING_STYLED_ITEM('overriding color',(#11143),#3909,
  #11051);
#11143 = PRESENTATION_STYLE_ASSIGNMENT((#11144));
#11144 = SURFACE_STYLE_USAGE(.BOTH.,#11145);
#11145 = SURFACE_SIDE_STYLE('',(#11146));
#11146 = SURFACE_STYLE_FILL_AREA(#11147);
#11147 = FILL_AREA_STYLE('',(#11148));
#11148 = FILL_AREA_STYLE_COLOUR('',#10081);
#11149 = OVER_RIDING_STYLED_ITEM('overriding color',(#11150),#3929,
  #11051);
#11150 = PRESENTATION_STYLE_ASSIGNMENT((#11151));
#11151 = SURFACE_STYLE_USAGE(.BOTH.,#11152);
#11152 = SURFACE_SIDE_STYLE('',(#11153));
#11153 = SURFACE_STYLE_FILL_AREA(#11154);
#11154 = FILL_AREA_STYLE('',(#11155));
#11155 = FILL_AREA_STYLE_COLOUR('',#10081);
#11156 = STYLED_ITEM('color',(#11157),#3949);
#11157 = PRESENTATION_STYLE_ASSIGNMENT((#11158));
#11158 = SURFACE_STYLE_USAGE(.BOTH.,#11159);
#11159 = SURFACE_SIDE_STYLE('',(#11160));
#11160 = SURFACE_STYLE_FILL_AREA(#11161);
#11161 = FILL_AREA_STYLE('',(#11162));
#11162 = FILL_AREA_STYLE_COLOUR('',#10073);
#11163 = OVER_RIDING_STYLED_ITEM('overriding color',(#11164),#3951,
  #11156);
#11164 = PRESENTATION_STYLE_ASSIGNMENT((#11165));
#11165 = SURFACE_STYLE_USAGE(.BOTH.,#11166);
#11166 = SURFACE_SIDE_STYLE('',(#11167));
#11167 = SURFACE_STYLE_FILL_AREA(#11168);
#11168 = FILL_AREA_STYLE('',(#11169));
#11169 = FILL_AREA_STYLE_COLOUR('',#10081);
#11170 = OVER_RIDING_STYLED_ITEM('overriding color',(#11171),#4075,
  #11156);
#11171 = PRESENTATION_STYLE_ASSIGNMENT((#11172));
#11172 = SURFACE_STYLE_USAGE(.BOTH.,#11173);
#11173 = SURFACE_SIDE_STYLE('',(#11174));
#11174 = SURFACE_STYLE_FILL_AREA(#11175);
#11175 = FILL_AREA_STYLE('',(#11176));
#11176 = FILL_AREA_STYLE_COLOUR('',#10081);
#11177 = OVER_RIDING_STYLED_ITEM('overriding color',(#11178),#4199,
  #11156);
#11178 = PRESENTATION_STYLE_ASSIGNMENT((#11179));
#11179 = SURFACE_STYLE_USAGE(.BOTH.,#11180);
#11180 = SURFACE_SIDE_STYLE('',(#11181));
#11181 = SURFACE_STYLE_FILL_AREA(#11182);
#11182 = FILL_AREA_STYLE('',(#11183));
#11183 = FILL_AREA_STYLE_COLOUR('',#10081);
#11184 = OVER_RIDING_STYLED_ITEM('overriding color',(#11185),#4219,
  #11156);
#11185 = PRESENTATION_STYLE_ASSIGNMENT((#11186));
#11186 = SURFACE_STYLE_USAGE(.BOTH.,#11187);
#11187 = SURFACE_SIDE_STYLE('',(#11188));
#11188 = SURFACE_STYLE_FILL_AREA(#11189);
#11189 = FILL_AREA_STYLE('',(#11190));
#11190 = FILL_AREA_STYLE_COLOUR('',#10081);
#11191 = OVER_RIDING_STYLED_ITEM('overriding color',(#11192),#4239,
  #11156);
#11192 = PRESENTATION_STYLE_ASSIGNMENT((#11193));
#11193 = SURFACE_STYLE_USAGE(.BOTH.,#11194);
#11194 = SURFACE_SIDE_STYLE('',(#11195));
#11195 = SURFACE_STYLE_FILL_AREA(#11196);
#11196 = FILL_AREA_STYLE('',(#11197));
#11197 = FILL_AREA_STYLE_COLOUR('',#10081);
#11198 = OVER_RIDING_STYLED_ITEM('overriding color',(#11199),#4259,
  #11156);
#11199 = PRESENTATION_STYLE_ASSIGNMENT((#11200));
#11200 = SURFACE_STYLE_USAGE(.BOTH.,#11201);
#11201 = SURFACE_SIDE_STYLE('',(#11202));
#11202 = SURFACE_STYLE_FILL_AREA(#11203);
#11203 = FILL_AREA_STYLE('',(#11204));
#11204 = FILL_AREA_STYLE_COLOUR('',#10081);
#11205 = OVER_RIDING_STYLED_ITEM('overriding color',(#11206),#4279,
  #11156);
#11206 = PRESENTATION_STYLE_ASSIGNMENT((#11207));
#11207 = SURFACE_STYLE_USAGE(.BOTH.,#11208);
#11208 = SURFACE_SIDE_STYLE('',(#11209));
#11209 = SURFACE_STYLE_FILL_AREA(#11210);
#11210 = FILL_AREA_STYLE('',(#11211));
#11211 = FILL_AREA_STYLE_COLOUR('',#10081);
#11212 = OVER_RIDING_STYLED_ITEM('overriding color',(#11213),#4299,
  #11156);
#11213 = PRESENTATION_STYLE_ASSIGNMENT((#11214));
#11214 = SURFACE_STYLE_USAGE(.BOTH.,#11215);
#11215 = SURFACE_SIDE_STYLE('',(#11216));
#11216 = SURFACE_STYLE_FILL_AREA(#11217);
#11217 = FILL_AREA_STYLE('',(#11218));
#11218 = FILL_AREA_STYLE_COLOUR('',#10081);
#11219 = OVER_RIDING_STYLED_ITEM('overriding color',(#11220),#4315,
  #11156);
#11220 = PRESENTATION_STYLE_ASSIGNMENT((#11221));
#11221 = SURFACE_STYLE_USAGE(.BOTH.,#11222);
#11222 = SURFACE_SIDE_STYLE('',(#11223));
#11223 = SURFACE_STYLE_FILL_AREA(#11224);
#11224 = FILL_AREA_STYLE('',(#11225));
#11225 = FILL_AREA_STYLE_COLOUR('',#10081);
#11226 = OVER_RIDING_STYLED_ITEM('overriding color',(#11227),#4327,
  #11156);
#11227 = PRESENTATION_STYLE_ASSIGNMENT((#11228));
#11228 = SURFACE_STYLE_USAGE(.BOTH.,#11229);
#11229 = SURFACE_SIDE_STYLE('',(#11230));
#11230 = SURFACE_STYLE_FILL_AREA(#11231);
#11231 = FILL_AREA_STYLE('',(#11232));
#11232 = FILL_AREA_STYLE_COLOUR('',#10081);
#11233 = OVER_RIDING_STYLED_ITEM('overriding color',(#11234),#4347,
  #11156);
#11234 = PRESENTATION_STYLE_ASSIGNMENT((#11235));
#11235 = SURFACE_STYLE_USAGE(.BOTH.,#11236);
#11236 = SURFACE_SIDE_STYLE('',(#11237));
#11237 = SURFACE_STYLE_FILL_AREA(#11238);
#11238 = FILL_AREA_STYLE('',(#11239));
#11239 = FILL_AREA_STYLE_COLOUR('',#10081);
#11240 = OVER_RIDING_STYLED_ITEM('overriding color',(#11241),#4363,
  #11156);
#11241 = PRESENTATION_STYLE_ASSIGNMENT((#11242));
#11242 = SURFACE_STYLE_USAGE(.BOTH.,#11243);
#11243 = SURFACE_SIDE_STYLE('',(#11244));
#11244 = SURFACE_STYLE_FILL_AREA(#11245);
#11245 = FILL_AREA_STYLE('',(#11246));
#11246 = FILL_AREA_STYLE_COLOUR('',#10081);
#11247 = OVER_RIDING_STYLED_ITEM('overriding color',(#11248),#4379,
  #11156);
#11248 = PRESENTATION_STYLE_ASSIGNMENT((#11249));
#11249 = SURFACE_STYLE_USAGE(.BOTH.,#11250);
#11250 = SURFACE_SIDE_STYLE('',(#11251));
#11251 = SURFACE_STYLE_FILL_AREA(#11252);
#11252 = FILL_AREA_STYLE('',(#11253));
#11253 = FILL_AREA_STYLE_COLOUR('',#10081);
#11254 = OVER_RIDING_STYLED_ITEM('overriding color',(#11255),#4399,
  #11156);
#11255 = PRESENTATION_STYLE_ASSIGNMENT((#11256));
#11256 = SURFACE_STYLE_USAGE(.BOTH.,#11257);
#11257 = SURFACE_SIDE_STYLE('',(#11258));
#11258 = SURFACE_STYLE_FILL_AREA(#11259);
#11259 = FILL_AREA_STYLE('',(#11260));
#11260 = FILL_AREA_STYLE_COLOUR('',#10081);
#11261 = OVER_RIDING_STYLED_ITEM('overriding color',(#11262),#4419,
  #11156);
#11262 = PRESENTATION_STYLE_ASSIGNMENT((#11263));
#11263 = SURFACE_STYLE_USAGE(.BOTH.,#11264);
#11264 = SURFACE_SIDE_STYLE('',(#11265));
#11265 = SURFACE_STYLE_FILL_AREA(#11266);
#11266 = FILL_AREA_STYLE('',(#11267));
#11267 = FILL_AREA_STYLE_COLOUR('',#10081);
#11268 = OVER_RIDING_STYLED_ITEM('overriding color',(#11269),#4439,
  #11156);
#11269 = PRESENTATION_STYLE_ASSIGNMENT((#11270));
#11270 = SURFACE_STYLE_USAGE(.BOTH.,#11271);
#11271 = SURFACE_SIDE_STYLE('',(#11272));
#11272 = SURFACE_STYLE_FILL_AREA(#11273);
#11273 = FILL_AREA_STYLE('',(#11274));
#11274 = FILL_AREA_STYLE_COLOUR('',#10081);
#11275 = STYLED_ITEM('color',(#11276),#4455);
#11276 = PRESENTATION_STYLE_ASSIGNMENT((#11277));
#11277 = SURFACE_STYLE_USAGE(.BOTH.,#11278);
#11278 = SURFACE_SIDE_STYLE('',(#11279));
#11279 = SURFACE_STYLE_FILL_AREA(#11280);
#11280 = FILL_AREA_STYLE('',(#11281));
#11281 = FILL_AREA_STYLE_COLOUR('',#10073);
#11282 = OVER_RIDING_STYLED_ITEM('overriding color',(#11283),#4457,
  #11275);
#11283 = PRESENTATION_STYLE_ASSIGNMENT((#11284));
#11284 = SURFACE_STYLE_USAGE(.BOTH.,#11285);
#11285 = SURFACE_SIDE_STYLE('',(#11286));
#11286 = SURFACE_STYLE_FILL_AREA(#11287);
#11287 = FILL_AREA_STYLE('',(#11288));
#11288 = FILL_AREA_STYLE_COLOUR('',#10081);
#11289 = OVER_RIDING_STYLED_ITEM('overriding color',(#11290),#4569,
  #11275);
#11290 = PRESENTATION_STYLE_ASSIGNMENT((#11291));
#11291 = SURFACE_STYLE_USAGE(.BOTH.,#11292);
#11292 = SURFACE_SIDE_STYLE('',(#11293));
#11293 = SURFACE_STYLE_FILL_AREA(#11294);
#11294 = FILL_AREA_STYLE('',(#11295));
#11295 = FILL_AREA_STYLE_COLOUR('',#10081);
#11296 = OVER_RIDING_STYLED_ITEM('overriding color',(#11297),#4681,
  #11275);
#11297 = PRESENTATION_STYLE_ASSIGNMENT((#11298));
#11298 = SURFACE_STYLE_USAGE(.BOTH.,#11299);
#11299 = SURFACE_SIDE_STYLE('',(#11300));
#11300 = SURFACE_STYLE_FILL_AREA(#11301);
#11301 = FILL_AREA_STYLE('',(#11302));
#11302 = FILL_AREA_STYLE_COLOUR('',#10081);
#11303 = OVER_RIDING_STYLED_ITEM('overriding color',(#11304),#4701,
  #11275);
#11304 = PRESENTATION_STYLE_ASSIGNMENT((#11305));
#11305 = SURFACE_STYLE_USAGE(.BOTH.,#11306);
#11306 = SURFACE_SIDE_STYLE('',(#11307));
#11307 = SURFACE_STYLE_FILL_AREA(#11308);
#11308 = FILL_AREA_STYLE('',(#11309));
#11309 = FILL_AREA_STYLE_COLOUR('',#10081);
#11310 = OVER_RIDING_STYLED_ITEM('overriding color',(#11311),#4717,
  #11275);
#11311 = PRESENTATION_STYLE_ASSIGNMENT((#11312));
#11312 = SURFACE_STYLE_USAGE(.BOTH.,#11313);
#11313 = SURFACE_SIDE_STYLE('',(#11314));
#11314 = SURFACE_STYLE_FILL_AREA(#11315);
#11315 = FILL_AREA_STYLE('',(#11316));
#11316 = FILL_AREA_STYLE_COLOUR('',#10081);
#11317 = OVER_RIDING_STYLED_ITEM('overriding color',(#11318),#4733,
  #11275);
#11318 = PRESENTATION_STYLE_ASSIGNMENT((#11319));
#11319 = SURFACE_STYLE_USAGE(.BOTH.,#11320);
#11320 = SURFACE_SIDE_STYLE('',(#11321));
#11321 = SURFACE_STYLE_FILL_AREA(#11322);
#11322 = FILL_AREA_STYLE('',(#11323));
#11323 = FILL_AREA_STYLE_COLOUR('',#10081);
#11324 = OVER_RIDING_STYLED_ITEM('overriding color',(#11325),#4749,
  #11275);
#11325 = PRESENTATION_STYLE_ASSIGNMENT((#11326));
#11326 = SURFACE_STYLE_USAGE(.BOTH.,#11327);
#11327 = SURFACE_SIDE_STYLE('',(#11328));
#11328 = SURFACE_STYLE_FILL_AREA(#11329);
#11329 = FILL_AREA_STYLE('',(#11330));
#11330 = FILL_AREA_STYLE_COLOUR('',#10081);
#11331 = OVER_RIDING_STYLED_ITEM('overriding color',(#11332),#4765,
  #11275);
#11332 = PRESENTATION_STYLE_ASSIGNMENT((#11333));
#11333 = SURFACE_STYLE_USAGE(.BOTH.,#11334);
#11334 = SURFACE_SIDE_STYLE('',(#11335));
#11335 = SURFACE_STYLE_FILL_AREA(#11336);
#11336 = FILL_AREA_STYLE('',(#11337));
#11337 = FILL_AREA_STYLE_COLOUR('',#10081);
#11338 = OVER_RIDING_STYLED_ITEM('overriding color',(#11339),#4781,
  #11275);
#11339 = PRESENTATION_STYLE_ASSIGNMENT((#11340));
#11340 = SURFACE_STYLE_USAGE(.BOTH.,#11341);
#11341 = SURFACE_SIDE_STYLE('',(#11342));
#11342 = SURFACE_STYLE_FILL_AREA(#11343);
#11343 = FILL_AREA_STYLE('',(#11344));
#11344 = FILL_AREA_STYLE_COLOUR('',#10081);
#11345 = OVER_RIDING_STYLED_ITEM('overriding color',(#11346),#4797,
  #11275);
#11346 = PRESENTATION_STYLE_ASSIGNMENT((#11347));
#11347 = SURFACE_STYLE_USAGE(.BOTH.,#11348);
#11348 = SURFACE_SIDE_STYLE('',(#11349));
#11349 = SURFACE_STYLE_FILL_AREA(#11350);
#11350 = FILL_AREA_STYLE('',(#11351));
#11351 = FILL_AREA_STYLE_COLOUR('',#10081);
#11352 = OVER_RIDING_STYLED_ITEM('overriding color',(#11353),#4809,
  #11275);
#11353 = PRESENTATION_STYLE_ASSIGNMENT((#11354));
#11354 = SURFACE_STYLE_USAGE(.BOTH.,#11355);
#11355 = SURFACE_SIDE_STYLE('',(#11356));
#11356 = SURFACE_STYLE_FILL_AREA(#11357);
#11357 = FILL_AREA_STYLE('',(#11358));
#11358 = FILL_AREA_STYLE_COLOUR('',#10081);
#11359 = OVER_RIDING_STYLED_ITEM('overriding color',(#11360),#4829,
  #11275);
#11360 = PRESENTATION_STYLE_ASSIGNMENT((#11361));
#11361 = SURFACE_STYLE_USAGE(.BOTH.,#11362);
#11362 = SURFACE_SIDE_STYLE('',(#11363));
#11363 = SURFACE_STYLE_FILL_AREA(#11364);
#11364 = FILL_AREA_STYLE('',(#11365));
#11365 = FILL_AREA_STYLE_COLOUR('',#10081);
#11366 = OVER_RIDING_STYLED_ITEM('overriding color',(#11367),#4845,
  #11275);
#11367 = PRESENTATION_STYLE_ASSIGNMENT((#11368));
#11368 = SURFACE_STYLE_USAGE(.BOTH.,#11369);
#11369 = SURFACE_SIDE_STYLE('',(#11370));
#11370 = SURFACE_STYLE_FILL_AREA(#11371);
#11371 = FILL_AREA_STYLE('',(#11372));
#11372 = FILL_AREA_STYLE_COLOUR('',#10081);
#11373 = OVER_RIDING_STYLED_ITEM('overriding color',(#11374),#4865,
  #11275);
#11374 = PRESENTATION_STYLE_ASSIGNMENT((#11375));
#11375 = SURFACE_STYLE_USAGE(.BOTH.,#11376);
#11376 = SURFACE_SIDE_STYLE('',(#11377));
#11377 = SURFACE_STYLE_FILL_AREA(#11378);
#11378 = FILL_AREA_STYLE('',(#11379));
#11379 = FILL_AREA_STYLE_COLOUR('',#10081);
#11380 = OVER_RIDING_STYLED_ITEM('overriding color',(#11381),#4881,
  #11275);
#11381 = PRESENTATION_STYLE_ASSIGNMENT((#11382));
#11382 = SURFACE_STYLE_USAGE(.BOTH.,#11383);
#11383 = SURFACE_SIDE_STYLE('',(#11384));
#11384 = SURFACE_STYLE_FILL_AREA(#11385);
#11385 = FILL_AREA_STYLE('',(#11386));
#11386 = FILL_AREA_STYLE_COLOUR('',#10081);
#11387 = OVER_RIDING_STYLED_ITEM('overriding color',(#11388),#4901,
  #11275);
#11388 = PRESENTATION_STYLE_ASSIGNMENT((#11389));
#11389 = SURFACE_STYLE_USAGE(.BOTH.,#11390);
#11390 = SURFACE_SIDE_STYLE('',(#11391));
#11391 = SURFACE_STYLE_FILL_AREA(#11392);
#11392 = FILL_AREA_STYLE('',(#11393));
#11393 = FILL_AREA_STYLE_COLOUR('',#10081);
#11394 = STYLED_ITEM('color',(#11395),#4913);
#11395 = PRESENTATION_STYLE_ASSIGNMENT((#11396));
#11396 = SURFACE_STYLE_USAGE(.BOTH.,#11397);
#11397 = SURFACE_SIDE_STYLE('',(#11398));
#11398 = SURFACE_STYLE_FILL_AREA(#11399);
#11399 = FILL_AREA_STYLE('',(#11400));
#11400 = FILL_AREA_STYLE_COLOUR('',#10073);
#11401 = OVER_RIDING_STYLED_ITEM('overriding color',(#11402),#4915,
  #11394);
#11402 = PRESENTATION_STYLE_ASSIGNMENT((#11403));
#11403 = SURFACE_STYLE_USAGE(.BOTH.,#11404);
#11404 = SURFACE_SIDE_STYLE('',(#11405));
#11405 = SURFACE_STYLE_FILL_AREA(#11406);
#11406 = FILL_AREA_STYLE('',(#11407));
#11407 = FILL_AREA_STYLE_COLOUR('',#10081);
#11408 = OVER_RIDING_STYLED_ITEM('overriding color',(#11409),#4951,
  #11394);
#11409 = PRESENTATION_STYLE_ASSIGNMENT((#11410));
#11410 = SURFACE_STYLE_USAGE(.BOTH.,#11411);
#11411 = SURFACE_SIDE_STYLE('',(#11412));
#11412 = SURFACE_STYLE_FILL_AREA(#11413);
#11413 = FILL_AREA_STYLE('',(#11414));
#11414 = FILL_AREA_STYLE_COLOUR('',#10081);
#11415 = OVER_RIDING_STYLED_ITEM('overriding color',(#11416),#4979,
  #11394);
#11416 = PRESENTATION_STYLE_ASSIGNMENT((#11417));
#11417 = SURFACE_STYLE_USAGE(.BOTH.,#11418);
#11418 = SURFACE_SIDE_STYLE('',(#11419));
#11419 = SURFACE_STYLE_FILL_AREA(#11420);
#11420 = FILL_AREA_STYLE('',(#11421));
#11421 = FILL_AREA_STYLE_COLOUR('',#10081);
#11422 = OVER_RIDING_STYLED_ITEM('overriding color',(#11423),#5007,
  #11394);
#11423 = PRESENTATION_STYLE_ASSIGNMENT((#11424));
#11424 = SURFACE_STYLE_USAGE(.BOTH.,#11425);
#11425 = SURFACE_SIDE_STYLE('',(#11426));
#11426 = SURFACE_STYLE_FILL_AREA(#11427);
#11427 = FILL_AREA_STYLE('',(#11428));
#11428 = FILL_AREA_STYLE_COLOUR('',#10081);
#11429 = OVER_RIDING_STYLED_ITEM('overriding color',(#11430),#5035,
  #11394);
#11430 = PRESENTATION_STYLE_ASSIGNMENT((#11431));
#11431 = SURFACE_STYLE_USAGE(.BOTH.,#11432);
#11432 = SURFACE_SIDE_STYLE('',(#11433));
#11433 = SURFACE_STYLE_FILL_AREA(#11434);
#11434 = FILL_AREA_STYLE('',(#11435));
#11435 = FILL_AREA_STYLE_COLOUR('',#10081);
#11436 = OVER_RIDING_STYLED_ITEM('overriding color',(#11437),#5063,
  #11394);
#11437 = PRESENTATION_STYLE_ASSIGNMENT((#11438));
#11438 = SURFACE_STYLE_USAGE(.BOTH.,#11439);
#11439 = SURFACE_SIDE_STYLE('',(#11440));
#11440 = SURFACE_STYLE_FILL_AREA(#11441);
#11441 = FILL_AREA_STYLE('',(#11442));
#11442 = FILL_AREA_STYLE_COLOUR('',#10081);
#11443 = OVER_RIDING_STYLED_ITEM('overriding color',(#11444),#5091,
  #11394);
#11444 = PRESENTATION_STYLE_ASSIGNMENT((#11445));
#11445 = SURFACE_STYLE_USAGE(.BOTH.,#11446);
#11446 = SURFACE_SIDE_STYLE('',(#11447));
#11447 = SURFACE_STYLE_FILL_AREA(#11448);
#11448 = FILL_AREA_STYLE('',(#11449));
#11449 = FILL_AREA_STYLE_COLOUR('',#10081);
#11450 = OVER_RIDING_STYLED_ITEM('overriding color',(#11451),#5119,
  #11394);
#11451 = PRESENTATION_STYLE_ASSIGNMENT((#11452));
#11452 = SURFACE_STYLE_USAGE(.BOTH.,#11453);
#11453 = SURFACE_SIDE_STYLE('',(#11454));
#11454 = SURFACE_STYLE_FILL_AREA(#11455);
#11455 = FILL_AREA_STYLE('',(#11456));
#11456 = FILL_AREA_STYLE_COLOUR('',#10081);
#11457 = OVER_RIDING_STYLED_ITEM('overriding color',(#11458),#5147,
  #11394);
#11458 = PRESENTATION_STYLE_ASSIGNMENT((#11459));
#11459 = SURFACE_STYLE_USAGE(.BOTH.,#11460);
#11460 = SURFACE_SIDE_STYLE('',(#11461));
#11461 = SURFACE_STYLE_FILL_AREA(#11462);
#11462 = FILL_AREA_STYLE('',(#11463));
#11463 = FILL_AREA_STYLE_COLOUR('',#10081);
#11464 = OVER_RIDING_STYLED_ITEM('overriding color',(#11465),#5175,
  #11394);
#11465 = PRESENTATION_STYLE_ASSIGNMENT((#11466));
#11466 = SURFACE_STYLE_USAGE(.BOTH.,#11467);
#11467 = SURFACE_SIDE_STYLE('',(#11468));
#11468 = SURFACE_STYLE_FILL_AREA(#11469);
#11469 = FILL_AREA_STYLE('',(#11470));
#11470 = FILL_AREA_STYLE_COLOUR('',#10081);
#11471 = OVER_RIDING_STYLED_ITEM('overriding color',(#11472),#5203,
  #11394);
#11472 = PRESENTATION_STYLE_ASSIGNMENT((#11473));
#11473 = SURFACE_STYLE_USAGE(.BOTH.,#11474);
#11474 = SURFACE_SIDE_STYLE('',(#11475));
#11475 = SURFACE_STYLE_FILL_AREA(#11476);
#11476 = FILL_AREA_STYLE('',(#11477));
#11477 = FILL_AREA_STYLE_COLOUR('',#10081);
#11478 = OVER_RIDING_STYLED_ITEM('overriding color',(#11479),#5231,
  #11394);
#11479 = PRESENTATION_STYLE_ASSIGNMENT((#11480));
#11480 = SURFACE_STYLE_USAGE(.BOTH.,#11481);
#11481 = SURFACE_SIDE_STYLE('',(#11482));
#11482 = SURFACE_STYLE_FILL_AREA(#11483);
#11483 = FILL_AREA_STYLE('',(#11484));
#11484 = FILL_AREA_STYLE_COLOUR('',#10081);
#11485 = OVER_RIDING_STYLED_ITEM('overriding color',(#11486),#5251,
  #11394);
#11486 = PRESENTATION_STYLE_ASSIGNMENT((#11487));
#11487 = SURFACE_STYLE_USAGE(.BOTH.,#11488);
#11488 = SURFACE_SIDE_STYLE('',(#11489));
#11489 = SURFACE_STYLE_FILL_AREA(#11490);
#11490 = FILL_AREA_STYLE('',(#11491));
#11491 = FILL_AREA_STYLE_COLOUR('',#10081);
#11492 = OVER_RIDING_STYLED_ITEM('overriding color',(#11493),#5271,
  #11394);
#11493 = PRESENTATION_STYLE_ASSIGNMENT((#11494));
#11494 = SURFACE_STYLE_USAGE(.BOTH.,#11495);
#11495 = SURFACE_SIDE_STYLE('',(#11496));
#11496 = SURFACE_STYLE_FILL_AREA(#11497);
#11497 = FILL_AREA_STYLE('',(#11498));
#11498 = FILL_AREA_STYLE_COLOUR('',#10081);
#11499 = STYLED_ITEM('color',(#11500),#5291);
#11500 = PRESENTATION_STYLE_ASSIGNMENT((#11501));
#11501 = SURFACE_STYLE_USAGE(.BOTH.,#11502);
#11502 = SURFACE_SIDE_STYLE('',(#11503));
#11503 = SURFACE_STYLE_FILL_AREA(#11504);
#11504 = FILL_AREA_STYLE('',(#11505));
#11505 = FILL_AREA_STYLE_COLOUR('',#10073);
#11506 = OVER_RIDING_STYLED_ITEM('overriding color',(#11507),#5293,
  #11499);
#11507 = PRESENTATION_STYLE_ASSIGNMENT((#11508));
#11508 = SURFACE_STYLE_USAGE(.BOTH.,#11509);
#11509 = SURFACE_SIDE_STYLE('',(#11510));
#11510 = SURFACE_STYLE_FILL_AREA(#11511);
#11511 = FILL_AREA_STYLE('',(#11512));
#11512 = FILL_AREA_STYLE_COLOUR('',#10081);
#11513 = OVER_RIDING_STYLED_ITEM('overriding color',(#11514),#5485,
  #11499);
#11514 = PRESENTATION_STYLE_ASSIGNMENT((#11515));
#11515 = SURFACE_STYLE_USAGE(.BOTH.,#11516);
#11516 = SURFACE_SIDE_STYLE('',(#11517));
#11517 = SURFACE_STYLE_FILL_AREA(#11518);
#11518 = FILL_AREA_STYLE('',(#11519));
#11519 = FILL_AREA_STYLE_COLOUR('',#10081);
#11520 = OVER_RIDING_STYLED_ITEM('overriding color',(#11521),#5677,
  #11499);
#11521 = PRESENTATION_STYLE_ASSIGNMENT((#11522));
#11522 = SURFACE_STYLE_USAGE(.BOTH.,#11523);
#11523 = SURFACE_SIDE_STYLE('',(#11524));
#11524 = SURFACE_STYLE_FILL_AREA(#11525);
#11525 = FILL_AREA_STYLE('',(#11526));
#11526 = FILL_AREA_STYLE_COLOUR('',#10081);
#11527 = OVER_RIDING_STYLED_ITEM('overriding color',(#11528),#5701,
  #11499);
#11528 = PRESENTATION_STYLE_ASSIGNMENT((#11529));
#11529 = SURFACE_STYLE_USAGE(.BOTH.,#11530);
#11530 = SURFACE_SIDE_STYLE('',(#11531));
#11531 = SURFACE_STYLE_FILL_AREA(#11532);
#11532 = FILL_AREA_STYLE('',(#11533));
#11533 = FILL_AREA_STYLE_COLOUR('',#10081);
#11534 = OVER_RIDING_STYLED_ITEM('overriding color',(#11535),#5717,
  #11499);
#11535 = PRESENTATION_STYLE_ASSIGNMENT((#11536));
#11536 = SURFACE_STYLE_USAGE(.BOTH.,#11537);
#11537 = SURFACE_SIDE_STYLE('',(#11538));
#11538 = SURFACE_STYLE_FILL_AREA(#11539);
#11539 = FILL_AREA_STYLE('',(#11540));
#11540 = FILL_AREA_STYLE_COLOUR('',#10081);
#11541 = OVER_RIDING_STYLED_ITEM('overriding color',(#11542),#5737,
  #11499);
#11542 = PRESENTATION_STYLE_ASSIGNMENT((#11543));
#11543 = SURFACE_STYLE_USAGE(.BOTH.,#11544);
#11544 = SURFACE_SIDE_STYLE('',(#11545));
#11545 = SURFACE_STYLE_FILL_AREA(#11546);
#11546 = FILL_AREA_STYLE('',(#11547));
#11547 = FILL_AREA_STYLE_COLOUR('',#10081);
#11548 = OVER_RIDING_STYLED_ITEM('overriding color',(#11549),#5757,
  #11499);
#11549 = PRESENTATION_STYLE_ASSIGNMENT((#11550));
#11550 = SURFACE_STYLE_USAGE(.BOTH.,#11551);
#11551 = SURFACE_SIDE_STYLE('',(#11552));
#11552 = SURFACE_STYLE_FILL_AREA(#11553);
#11553 = FILL_AREA_STYLE('',(#11554));
#11554 = FILL_AREA_STYLE_COLOUR('',#10081);
#11555 = OVER_RIDING_STYLED_ITEM('overriding color',(#11556),#5773,
  #11499);
#11556 = PRESENTATION_STYLE_ASSIGNMENT((#11557));
#11557 = SURFACE_STYLE_USAGE(.BOTH.,#11558);
#11558 = SURFACE_SIDE_STYLE('',(#11559));
#11559 = SURFACE_STYLE_FILL_AREA(#11560);
#11560 = FILL_AREA_STYLE('',(#11561));
#11561 = FILL_AREA_STYLE_COLOUR('',#10081);
#11562 = OVER_RIDING_STYLED_ITEM('overriding color',(#11563),#5793,
  #11499);
#11563 = PRESENTATION_STYLE_ASSIGNMENT((#11564));
#11564 = SURFACE_STYLE_USAGE(.BOTH.,#11565);
#11565 = SURFACE_SIDE_STYLE('',(#11566));
#11566 = SURFACE_STYLE_FILL_AREA(#11567);
#11567 = FILL_AREA_STYLE('',(#11568));
#11568 = FILL_AREA_STYLE_COLOUR('',#10081);
#11569 = OVER_RIDING_STYLED_ITEM('overriding color',(#11570),#5813,
  #11499);
#11570 = PRESENTATION_STYLE_ASSIGNMENT((#11571));
#11571 = SURFACE_STYLE_USAGE(.BOTH.,#11572);
#11572 = SURFACE_SIDE_STYLE('',(#11573));
#11573 = SURFACE_STYLE_FILL_AREA(#11574);
#11574 = FILL_AREA_STYLE('',(#11575));
#11575 = FILL_AREA_STYLE_COLOUR('',#10081);
#11576 = OVER_RIDING_STYLED_ITEM('overriding color',(#11577),#5833,
  #11499);
#11577 = PRESENTATION_STYLE_ASSIGNMENT((#11578));
#11578 = SURFACE_STYLE_USAGE(.BOTH.,#11579);
#11579 = SURFACE_SIDE_STYLE('',(#11580));
#11580 = SURFACE_STYLE_FILL_AREA(#11581);
#11581 = FILL_AREA_STYLE('',(#11582));
#11582 = FILL_AREA_STYLE_COLOUR('',#10081);
#11583 = OVER_RIDING_STYLED_ITEM('overriding color',(#11584),#5853,
  #11499);
#11584 = PRESENTATION_STYLE_ASSIGNMENT((#11585));
#11585 = SURFACE_STYLE_USAGE(.BOTH.,#11586);
#11586 = SURFACE_SIDE_STYLE('',(#11587));
#11587 = SURFACE_STYLE_FILL_AREA(#11588);
#11588 = FILL_AREA_STYLE('',(#11589));
#11589 = FILL_AREA_STYLE_COLOUR('',#10081);
#11590 = OVER_RIDING_STYLED_ITEM('overriding color',(#11591),#5869,
  #11499);
#11591 = PRESENTATION_STYLE_ASSIGNMENT((#11592));
#11592 = SURFACE_STYLE_USAGE(.BOTH.,#11593);
#11593 = SURFACE_SIDE_STYLE('',(#11594));
#11594 = SURFACE_STYLE_FILL_AREA(#11595);
#11595 = FILL_AREA_STYLE('',(#11596));
#11596 = FILL_AREA_STYLE_COLOUR('',#10081);
#11597 = OVER_RIDING_STYLED_ITEM('overriding color',(#11598),#5885,
  #11499);
#11598 = PRESENTATION_STYLE_ASSIGNMENT((#11599));
#11599 = SURFACE_STYLE_USAGE(.BOTH.,#11600);
#11600 = SURFACE_SIDE_STYLE('',(#11601));
#11601 = SURFACE_STYLE_FILL_AREA(#11602);
#11602 = FILL_AREA_STYLE('',(#11603));
#11603 = FILL_AREA_STYLE_COLOUR('',#10081);
#11604 = OVER_RIDING_STYLED_ITEM('overriding color',(#11605),#5901,
  #11499);
#11605 = PRESENTATION_STYLE_ASSIGNMENT((#11606));
#11606 = SURFACE_STYLE_USAGE(.BOTH.,#11607);
#11607 = SURFACE_SIDE_STYLE('',(#11608));
#11608 = SURFACE_STYLE_FILL_AREA(#11609);
#11609 = FILL_AREA_STYLE('',(#11610));
#11610 = FILL_AREA_STYLE_COLOUR('',#10081);
#11611 = OVER_RIDING_STYLED_ITEM('overriding color',(#11612),#5917,
  #11499);
#11612 = PRESENTATION_STYLE_ASSIGNMENT((#11613));
#11613 = SURFACE_STYLE_USAGE(.BOTH.,#11614);
#11614 = SURFACE_SIDE_STYLE('',(#11615));
#11615 = SURFACE_STYLE_FILL_AREA(#11616);
#11616 = FILL_AREA_STYLE('',(#11617));
#11617 = FILL_AREA_STYLE_COLOUR('',#10081);
#11618 = OVER_RIDING_STYLED_ITEM('overriding color',(#11619),#5933,
  #11499);
#11619 = PRESENTATION_STYLE_ASSIGNMENT((#11620));
#11620 = SURFACE_STYLE_USAGE(.BOTH.,#11621);
#11621 = SURFACE_SIDE_STYLE('',(#11622));
#11622 = SURFACE_STYLE_FILL_AREA(#11623);
#11623 = FILL_AREA_STYLE('',(#11624));
#11624 = FILL_AREA_STYLE_COLOUR('',#10081);
#11625 = OVER_RIDING_STYLED_ITEM('overriding color',(#11626),#5957,
  #11499);
#11626 = PRESENTATION_STYLE_ASSIGNMENT((#11627));
#11627 = SURFACE_STYLE_USAGE(.BOTH.,#11628);
#11628 = SURFACE_SIDE_STYLE('',(#11629));
#11629 = SURFACE_STYLE_FILL_AREA(#11630);
#11630 = FILL_AREA_STYLE('',(#11631));
#11631 = FILL_AREA_STYLE_COLOUR('',#10081);
#11632 = OVER_RIDING_STYLED_ITEM('overriding color',(#11633),#5977,
  #11499);
#11633 = PRESENTATION_STYLE_ASSIGNMENT((#11634));
#11634 = SURFACE_STYLE_USAGE(.BOTH.,#11635);
#11635 = SURFACE_SIDE_STYLE('',(#11636));
#11636 = SURFACE_STYLE_FILL_AREA(#11637);
#11637 = FILL_AREA_STYLE('',(#11638));
#11638 = FILL_AREA_STYLE_COLOUR('',#10081);
#11639 = OVER_RIDING_STYLED_ITEM('overriding color',(#11640),#5997,
  #11499);
#11640 = PRESENTATION_STYLE_ASSIGNMENT((#11641));
#11641 = SURFACE_STYLE_USAGE(.BOTH.,#11642);
#11642 = SURFACE_SIDE_STYLE('',(#11643));
#11643 = SURFACE_STYLE_FILL_AREA(#11644);
#11644 = FILL_AREA_STYLE('',(#11645));
#11645 = FILL_AREA_STYLE_COLOUR('',#10081);
#11646 = OVER_RIDING_STYLED_ITEM('overriding color',(#11647),#6017,
  #11499);
#11647 = PRESENTATION_STYLE_ASSIGNMENT((#11648));
#11648 = SURFACE_STYLE_USAGE(.BOTH.,#11649);
#11649 = SURFACE_SIDE_STYLE('',(#11650));
#11650 = SURFACE_STYLE_FILL_AREA(#11651);
#11651 = FILL_AREA_STYLE('',(#11652));
#11652 = FILL_AREA_STYLE_COLOUR('',#10081);
#11653 = OVER_RIDING_STYLED_ITEM('overriding color',(#11654),#6037,
  #11499);
#11654 = PRESENTATION_STYLE_ASSIGNMENT((#11655));
#11655 = SURFACE_STYLE_USAGE(.BOTH.,#11656);
#11656 = SURFACE_SIDE_STYLE('',(#11657));
#11657 = SURFACE_STYLE_FILL_AREA(#11658);
#11658 = FILL_AREA_STYLE('',(#11659));
#11659 = FILL_AREA_STYLE_COLOUR('',#10081);
#11660 = OVER_RIDING_STYLED_ITEM('overriding color',(#11661),#6057,
  #11499);
#11661 = PRESENTATION_STYLE_ASSIGNMENT((#11662));
#11662 = SURFACE_STYLE_USAGE(.BOTH.,#11663);
#11663 = SURFACE_SIDE_STYLE('',(#11664));
#11664 = SURFACE_STYLE_FILL_AREA(#11665);
#11665 = FILL_AREA_STYLE('',(#11666));
#11666 = FILL_AREA_STYLE_COLOUR('',#10081);
#11667 = OVER_RIDING_STYLED_ITEM('overriding color',(#11668),#6073,
  #11499);
#11668 = PRESENTATION_STYLE_ASSIGNMENT((#11669));
#11669 = SURFACE_STYLE_USAGE(.BOTH.,#11670);
#11670 = SURFACE_SIDE_STYLE('',(#11671));
#11671 = SURFACE_STYLE_FILL_AREA(#11672);
#11672 = FILL_AREA_STYLE('',(#11673));
#11673 = FILL_AREA_STYLE_COLOUR('',#10081);
#11674 = STYLED_ITEM('color',(#11675),#6085);
#11675 = PRESENTATION_STYLE_ASSIGNMENT((#11676));
#11676 = SURFACE_STYLE_USAGE(.BOTH.,#11677);
#11677 = SURFACE_SIDE_STYLE('',(#11678));
#11678 = SURFACE_STYLE_FILL_AREA(#11679);
#11679 = FILL_AREA_STYLE('',(#11680));
#11680 = FILL_AREA_STYLE_COLOUR('',#10073);
#11681 = OVER_RIDING_STYLED_ITEM('overriding color',(#11682),#6087,
  #11674);
#11682 = PRESENTATION_STYLE_ASSIGNMENT((#11683));
#11683 = SURFACE_STYLE_USAGE(.BOTH.,#11684);
#11684 = SURFACE_SIDE_STYLE('',(#11685));
#11685 = SURFACE_STYLE_FILL_AREA(#11686);
#11686 = FILL_AREA_STYLE('',(#11687));
#11687 = FILL_AREA_STYLE_COLOUR('',#10081);
#11688 = OVER_RIDING_STYLED_ITEM('overriding color',(#11689),#6131,
  #11674);
#11689 = PRESENTATION_STYLE_ASSIGNMENT((#11690));
#11690 = SURFACE_STYLE_USAGE(.BOTH.,#11691);
#11691 = SURFACE_SIDE_STYLE('',(#11692));
#11692 = SURFACE_STYLE_FILL_AREA(#11693);
#11693 = FILL_AREA_STYLE('',(#11694));
#11694 = FILL_AREA_STYLE_COLOUR('',#10081);
#11695 = OVER_RIDING_STYLED_ITEM('overriding color',(#11696),#6159,
  #11674);
#11696 = PRESENTATION_STYLE_ASSIGNMENT((#11697));
#11697 = SURFACE_STYLE_USAGE(.BOTH.,#11698);
#11698 = SURFACE_SIDE_STYLE('',(#11699));
#11699 = SURFACE_STYLE_FILL_AREA(#11700);
#11700 = FILL_AREA_STYLE('',(#11701));
#11701 = FILL_AREA_STYLE_COLOUR('',#10081);
#11702 = OVER_RIDING_STYLED_ITEM('overriding color',(#11703),#6195,
  #11674);
#11703 = PRESENTATION_STYLE_ASSIGNMENT((#11704));
#11704 = SURFACE_STYLE_USAGE(.BOTH.,#11705);
#11705 = SURFACE_SIDE_STYLE('',(#11706));
#11706 = SURFACE_STYLE_FILL_AREA(#11707);
#11707 = FILL_AREA_STYLE('',(#11708));
#11708 = FILL_AREA_STYLE_COLOUR('',#10081);
#11709 = OVER_RIDING_STYLED_ITEM('overriding color',(#11710),#6231,
  #11674);
#11710 = PRESENTATION_STYLE_ASSIGNMENT((#11711));
#11711 = SURFACE_STYLE_USAGE(.BOTH.,#11712);
#11712 = SURFACE_SIDE_STYLE('',(#11713));
#11713 = SURFACE_STYLE_FILL_AREA(#11714);
#11714 = FILL_AREA_STYLE('',(#11715));
#11715 = FILL_AREA_STYLE_COLOUR('',#10081);
#11716 = OVER_RIDING_STYLED_ITEM('overriding color',(#11717),#6267,
  #11674);
#11717 = PRESENTATION_STYLE_ASSIGNMENT((#11718));
#11718 = SURFACE_STYLE_USAGE(.BOTH.,#11719);
#11719 = SURFACE_SIDE_STYLE('',(#11720));
#11720 = SURFACE_STYLE_FILL_AREA(#11721);
#11721 = FILL_AREA_STYLE('',(#11722));
#11722 = FILL_AREA_STYLE_COLOUR('',#10081);
#11723 = OVER_RIDING_STYLED_ITEM('overriding color',(#11724),#6303,
  #11674);
#11724 = PRESENTATION_STYLE_ASSIGNMENT((#11725));
#11725 = SURFACE_STYLE_USAGE(.BOTH.,#11726);
#11726 = SURFACE_SIDE_STYLE('',(#11727));
#11727 = SURFACE_STYLE_FILL_AREA(#11728);
#11728 = FILL_AREA_STYLE('',(#11729));
#11729 = FILL_AREA_STYLE_COLOUR('',#10081);
#11730 = OVER_RIDING_STYLED_ITEM('overriding color',(#11731),#6339,
  #11674);
#11731 = PRESENTATION_STYLE_ASSIGNMENT((#11732));
#11732 = SURFACE_STYLE_USAGE(.BOTH.,#11733);
#11733 = SURFACE_SIDE_STYLE('',(#11734));
#11734 = SURFACE_STYLE_FILL_AREA(#11735);
#11735 = FILL_AREA_STYLE('',(#11736));
#11736 = FILL_AREA_STYLE_COLOUR('',#10081);
#11737 = OVER_RIDING_STYLED_ITEM('overriding color',(#11738),#6375,
  #11674);
#11738 = PRESENTATION_STYLE_ASSIGNMENT((#11739));
#11739 = SURFACE_STYLE_USAGE(.BOTH.,#11740);
#11740 = SURFACE_SIDE_STYLE('',(#11741));
#11741 = SURFACE_STYLE_FILL_AREA(#11742);
#11742 = FILL_AREA_STYLE('',(#11743));
#11743 = FILL_AREA_STYLE_COLOUR('',#10081);
#11744 = OVER_RIDING_STYLED_ITEM('overriding color',(#11745),#6411,
  #11674);
#11745 = PRESENTATION_STYLE_ASSIGNMENT((#11746));
#11746 = SURFACE_STYLE_USAGE(.BOTH.,#11747);
#11747 = SURFACE_SIDE_STYLE('',(#11748));
#11748 = SURFACE_STYLE_FILL_AREA(#11749);
#11749 = FILL_AREA_STYLE('',(#11750));
#11750 = FILL_AREA_STYLE_COLOUR('',#10081);
#11751 = OVER_RIDING_STYLED_ITEM('overriding color',(#11752),#6447,
  #11674);
#11752 = PRESENTATION_STYLE_ASSIGNMENT((#11753));
#11753 = SURFACE_STYLE_USAGE(.BOTH.,#11754);
#11754 = SURFACE_SIDE_STYLE('',(#11755));
#11755 = SURFACE_STYLE_FILL_AREA(#11756);
#11756 = FILL_AREA_STYLE('',(#11757));
#11757 = FILL_AREA_STYLE_COLOUR('',#10081);
#11758 = OVER_RIDING_STYLED_ITEM('overriding color',(#11759),#6483,
  #11674);
#11759 = PRESENTATION_STYLE_ASSIGNMENT((#11760));
#11760 = SURFACE_STYLE_USAGE(.BOTH.,#11761);
#11761 = SURFACE_SIDE_STYLE('',(#11762));
#11762 = SURFACE_STYLE_FILL_AREA(#11763);
#11763 = FILL_AREA_STYLE('',(#11764));
#11764 = FILL_AREA_STYLE_COLOUR('',#10081);
#11765 = OVER_RIDING_STYLED_ITEM('overriding color',(#11766),#6519,
  #11674);
#11766 = PRESENTATION_STYLE_ASSIGNMENT((#11767));
#11767 = SURFACE_STYLE_USAGE(.BOTH.,#11768);
#11768 = SURFACE_SIDE_STYLE('',(#11769));
#11769 = SURFACE_STYLE_FILL_AREA(#11770);
#11770 = FILL_AREA_STYLE('',(#11771));
#11771 = FILL_AREA_STYLE_COLOUR('',#10081);
#11772 = OVER_RIDING_STYLED_ITEM('overriding color',(#11773),#6547,
  #11674);
#11773 = PRESENTATION_STYLE_ASSIGNMENT((#11774));
#11774 = SURFACE_STYLE_USAGE(.BOTH.,#11775);
#11775 = SURFACE_SIDE_STYLE('',(#11776));
#11776 = SURFACE_STYLE_FILL_AREA(#11777);
#11777 = FILL_AREA_STYLE('',(#11778));
#11778 = FILL_AREA_STYLE_COLOUR('',#10081);
#11779 = OVER_RIDING_STYLED_ITEM('overriding color',(#11780),#6583,
  #11674);
#11780 = PRESENTATION_STYLE_ASSIGNMENT((#11781));
#11781 = SURFACE_STYLE_USAGE(.BOTH.,#11782);
#11782 = SURFACE_SIDE_STYLE('',(#11783));
#11783 = SURFACE_STYLE_FILL_AREA(#11784);
#11784 = FILL_AREA_STYLE('',(#11785));
#11785 = FILL_AREA_STYLE_COLOUR('',#10081);
#11786 = OVER_RIDING_STYLED_ITEM('overriding color',(#11787),#6619,
  #11674);
#11787 = PRESENTATION_STYLE_ASSIGNMENT((#11788));
#11788 = SURFACE_STYLE_USAGE(.BOTH.,#11789);
#11789 = SURFACE_SIDE_STYLE('',(#11790));
#11790 = SURFACE_STYLE_FILL_AREA(#11791);
#11791 = FILL_AREA_STYLE('',(#11792));
#11792 = FILL_AREA_STYLE_COLOUR('',#10081);
#11793 = OVER_RIDING_STYLED_ITEM('overriding color',(#11794),#6655,
  #11674);
#11794 = PRESENTATION_STYLE_ASSIGNMENT((#11795));
#11795 = SURFACE_STYLE_USAGE(.BOTH.,#11796);
#11796 = SURFACE_SIDE_STYLE('',(#11797));
#11797 = SURFACE_STYLE_FILL_AREA(#11798);
#11798 = FILL_AREA_STYLE('',(#11799));
#11799 = FILL_AREA_STYLE_COLOUR('',#10081);
#11800 = OVER_RIDING_STYLED_ITEM('overriding color',(#11801),#6691,
  #11674);
#11801 = PRESENTATION_STYLE_ASSIGNMENT((#11802));
#11802 = SURFACE_STYLE_USAGE(.BOTH.,#11803);
#11803 = SURFACE_SIDE_STYLE('',(#11804));
#11804 = SURFACE_STYLE_FILL_AREA(#11805);
#11805 = FILL_AREA_STYLE('',(#11806));
#11806 = FILL_AREA_STYLE_COLOUR('',#10081);
#11807 = OVER_RIDING_STYLED_ITEM('overriding color',(#11808),#6727,
  #11674);
#11808 = PRESENTATION_STYLE_ASSIGNMENT((#11809));
#11809 = SURFACE_STYLE_USAGE(.BOTH.,#11810);
#11810 = SURFACE_SIDE_STYLE('',(#11811));
#11811 = SURFACE_STYLE_FILL_AREA(#11812);
#11812 = FILL_AREA_STYLE('',(#11813));
#11813 = FILL_AREA_STYLE_COLOUR('',#10081);
#11814 = OVER_RIDING_STYLED_ITEM('overriding color',(#11815),#6763,
  #11674);
#11815 = PRESENTATION_STYLE_ASSIGNMENT((#11816));
#11816 = SURFACE_STYLE_USAGE(.BOTH.,#11817);
#11817 = SURFACE_SIDE_STYLE('',(#11818));
#11818 = SURFACE_STYLE_FILL_AREA(#11819);
#11819 = FILL_AREA_STYLE('',(#11820));
#11820 = FILL_AREA_STYLE_COLOUR('',#10081);
#11821 = OVER_RIDING_STYLED_ITEM('overriding color',(#11822),#6799,
  #11674);
#11822 = PRESENTATION_STYLE_ASSIGNMENT((#11823));
#11823 = SURFACE_STYLE_USAGE(.BOTH.,#11824);
#11824 = SURFACE_SIDE_STYLE('',(#11825));
#11825 = SURFACE_STYLE_FILL_AREA(#11826);
#11826 = FILL_AREA_STYLE('',(#11827));
#11827 = FILL_AREA_STYLE_COLOUR('',#10081);
#11828 = OVER_RIDING_STYLED_ITEM('overriding color',(#11829),#6827,
  #11674);
#11829 = PRESENTATION_STYLE_ASSIGNMENT((#11830));
#11830 = SURFACE_STYLE_USAGE(.BOTH.,#11831);
#11831 = SURFACE_SIDE_STYLE('',(#11832));
#11832 = SURFACE_STYLE_FILL_AREA(#11833);
#11833 = FILL_AREA_STYLE('',(#11834));
#11834 = FILL_AREA_STYLE_COLOUR('',#10081);
#11835 = OVER_RIDING_STYLED_ITEM('overriding color',(#11836),#6856,
  #11674);
#11836 = PRESENTATION_STYLE_ASSIGNMENT((#11837));
#11837 = SURFACE_STYLE_USAGE(.BOTH.,#11838);
#11838 = SURFACE_SIDE_STYLE('',(#11839));
#11839 = SURFACE_STYLE_FILL_AREA(#11840);
#11840 = FILL_AREA_STYLE('',(#11841));
#11841 = FILL_AREA_STYLE_COLOUR('',#10081);
#11842 = STYLED_ITEM('color',(#11843),#6885);
#11843 = PRESENTATION_STYLE_ASSIGNMENT((#11844));
#11844 = SURFACE_STYLE_USAGE(.BOTH.,#11845);
#11845 = SURFACE_SIDE_STYLE('',(#11846));
#11846 = SURFACE_STYLE_FILL_AREA(#11847);
#11847 = FILL_AREA_STYLE('',(#11848));
#11848 = FILL_AREA_STYLE_COLOUR('',#10073);
#11849 = OVER_RIDING_STYLED_ITEM('overriding color',(#11850),#6887,
  #11842);
#11850 = PRESENTATION_STYLE_ASSIGNMENT((#11851));
#11851 = SURFACE_STYLE_USAGE(.BOTH.,#11852);
#11852 = SURFACE_SIDE_STYLE('',(#11853));
#11853 = SURFACE_STYLE_FILL_AREA(#11854);
#11854 = FILL_AREA_STYLE('',(#11855));
#11855 = FILL_AREA_STYLE_COLOUR('',#10081);
#11856 = OVER_RIDING_STYLED_ITEM('overriding color',(#11857),#6923,
  #11842);
#11857 = PRESENTATION_STYLE_ASSIGNMENT((#11858));
#11858 = SURFACE_STYLE_USAGE(.BOTH.,#11859);
#11859 = SURFACE_SIDE_STYLE('',(#11860));
#11860 = SURFACE_STYLE_FILL_AREA(#11861);
#11861 = FILL_AREA_STYLE('',(#11862));
#11862 = FILL_AREA_STYLE_COLOUR('',#10081);
#11863 = OVER_RIDING_STYLED_ITEM('overriding color',(#11864),#6951,
  #11842);
#11864 = PRESENTATION_STYLE_ASSIGNMENT((#11865));
#11865 = SURFACE_STYLE_USAGE(.BOTH.,#11866);
#11866 = SURFACE_SIDE_STYLE('',(#11867));
#11867 = SURFACE_STYLE_FILL_AREA(#11868);
#11868 = FILL_AREA_STYLE('',(#11869));
#11869 = FILL_AREA_STYLE_COLOUR('',#10081);
#11870 = OVER_RIDING_STYLED_ITEM('overriding color',(#11871),#6987,
  #11842);
#11871 = PRESENTATION_STYLE_ASSIGNMENT((#11872));
#11872 = SURFACE_STYLE_USAGE(.BOTH.,#11873);
#11873 = SURFACE_SIDE_STYLE('',(#11874));
#11874 = SURFACE_STYLE_FILL_AREA(#11875);
#11875 = FILL_AREA_STYLE('',(#11876));
#11876 = FILL_AREA_STYLE_COLOUR('',#10081);
#11877 = OVER_RIDING_STYLED_ITEM('overriding color',(#11878),#7015,
  #11842);
#11878 = PRESENTATION_STYLE_ASSIGNMENT((#11879));
#11879 = SURFACE_STYLE_USAGE(.BOTH.,#11880);
#11880 = SURFACE_SIDE_STYLE('',(#11881));
#11881 = SURFACE_STYLE_FILL_AREA(#11882);
#11882 = FILL_AREA_STYLE('',(#11883));
#11883 = FILL_AREA_STYLE_COLOUR('',#10081);
#11884 = OVER_RIDING_STYLED_ITEM('overriding color',(#11885),#7043,
  #11842);
#11885 = PRESENTATION_STYLE_ASSIGNMENT((#11886));
#11886 = SURFACE_STYLE_USAGE(.BOTH.,#11887);
#11887 = SURFACE_SIDE_STYLE('',(#11888));
#11888 = SURFACE_STYLE_FILL_AREA(#11889);
#11889 = FILL_AREA_STYLE('',(#11890));
#11890 = FILL_AREA_STYLE_COLOUR('',#10081);
#11891 = OVER_RIDING_STYLED_ITEM('overriding color',(#11892),#7071,
  #11842);
#11892 = PRESENTATION_STYLE_ASSIGNMENT((#11893));
#11893 = SURFACE_STYLE_USAGE(.BOTH.,#11894);
#11894 = SURFACE_SIDE_STYLE('',(#11895));
#11895 = SURFACE_STYLE_FILL_AREA(#11896);
#11896 = FILL_AREA_STYLE('',(#11897));
#11897 = FILL_AREA_STYLE_COLOUR('',#10081);
#11898 = OVER_RIDING_STYLED_ITEM('overriding color',(#11899),#7099,
  #11842);
#11899 = PRESENTATION_STYLE_ASSIGNMENT((#11900));
#11900 = SURFACE_STYLE_USAGE(.BOTH.,#11901);
#11901 = SURFACE_SIDE_STYLE('',(#11902));
#11902 = SURFACE_STYLE_FILL_AREA(#11903);
#11903 = FILL_AREA_STYLE('',(#11904));
#11904 = FILL_AREA_STYLE_COLOUR('',#10081);
#11905 = OVER_RIDING_STYLED_ITEM('overriding color',(#11906),#7127,
  #11842);
#11906 = PRESENTATION_STYLE_ASSIGNMENT((#11907));
#11907 = SURFACE_STYLE_USAGE(.BOTH.,#11908);
#11908 = SURFACE_SIDE_STYLE('',(#11909));
#11909 = SURFACE_STYLE_FILL_AREA(#11910);
#11910 = FILL_AREA_STYLE('',(#11911));
#11911 = FILL_AREA_STYLE_COLOUR('',#10081);
#11912 = OVER_RIDING_STYLED_ITEM('overriding color',(#11913),#7155,
  #11842);
#11913 = PRESENTATION_STYLE_ASSIGNMENT((#11914));
#11914 = SURFACE_STYLE_USAGE(.BOTH.,#11915);
#11915 = SURFACE_SIDE_STYLE('',(#11916));
#11916 = SURFACE_STYLE_FILL_AREA(#11917);
#11917 = FILL_AREA_STYLE('',(#11918));
#11918 = FILL_AREA_STYLE_COLOUR('',#10081);
#11919 = OVER_RIDING_STYLED_ITEM('overriding color',(#11920),#7191,
  #11842);
#11920 = PRESENTATION_STYLE_ASSIGNMENT((#11921));
#11921 = SURFACE_STYLE_USAGE(.BOTH.,#11922);
#11922 = SURFACE_SIDE_STYLE('',(#11923));
#11923 = SURFACE_STYLE_FILL_AREA(#11924);
#11924 = FILL_AREA_STYLE('',(#11925));
#11925 = FILL_AREA_STYLE_COLOUR('',#10081);
#11926 = OVER_RIDING_STYLED_ITEM('overriding color',(#11927),#7227,
  #11842);
#11927 = PRESENTATION_STYLE_ASSIGNMENT((#11928));
#11928 = SURFACE_STYLE_USAGE(.BOTH.,#11929);
#11929 = SURFACE_SIDE_STYLE('',(#11930));
#11930 = SURFACE_STYLE_FILL_AREA(#11931);
#11931 = FILL_AREA_STYLE('',(#11932));
#11932 = FILL_AREA_STYLE_COLOUR('',#10081);
#11933 = OVER_RIDING_STYLED_ITEM('overriding color',(#11934),#7255,
  #11842);
#11934 = PRESENTATION_STYLE_ASSIGNMENT((#11935));
#11935 = SURFACE_STYLE_USAGE(.BOTH.,#11936);
#11936 = SURFACE_SIDE_STYLE('',(#11937));
#11937 = SURFACE_STYLE_FILL_AREA(#11938);
#11938 = FILL_AREA_STYLE('',(#11939));
#11939 = FILL_AREA_STYLE_COLOUR('',#10081);
#11940 = OVER_RIDING_STYLED_ITEM('overriding color',(#11941),#7291,
  #11842);
#11941 = PRESENTATION_STYLE_ASSIGNMENT((#11942));
#11942 = SURFACE_STYLE_USAGE(.BOTH.,#11943);
#11943 = SURFACE_SIDE_STYLE('',(#11944));
#11944 = SURFACE_STYLE_FILL_AREA(#11945);
#11945 = FILL_AREA_STYLE('',(#11946));
#11946 = FILL_AREA_STYLE_COLOUR('',#10081);
#11947 = OVER_RIDING_STYLED_ITEM('overriding color',(#11948),#7327,
  #11842);
#11948 = PRESENTATION_STYLE_ASSIGNMENT((#11949));
#11949 = SURFACE_STYLE_USAGE(.BOTH.,#11950);
#11950 = SURFACE_SIDE_STYLE('',(#11951));
#11951 = SURFACE_STYLE_FILL_AREA(#11952);
#11952 = FILL_AREA_STYLE('',(#11953));
#11953 = FILL_AREA_STYLE_COLOUR('',#10081);
#11954 = OVER_RIDING_STYLED_ITEM('overriding color',(#11955),#7347,
  #11842);
#11955 = PRESENTATION_STYLE_ASSIGNMENT((#11956));
#11956 = SURFACE_STYLE_USAGE(.BOTH.,#11957);
#11957 = SURFACE_SIDE_STYLE('',(#11958));
#11958 = SURFACE_STYLE_FILL_AREA(#11959);
#11959 = FILL_AREA_STYLE('',(#11960));
#11960 = FILL_AREA_STYLE_COLOUR('',#10081);
#11961 = OVER_RIDING_STYLED_ITEM('overriding color',(#11962),#7370,
  #11842);
#11962 = PRESENTATION_STYLE_ASSIGNMENT((#11963));
#11963 = SURFACE_STYLE_USAGE(.BOTH.,#11964);
#11964 = SURFACE_SIDE_STYLE('',(#11965));
#11965 = SURFACE_STYLE_FILL_AREA(#11966);
#11966 = FILL_AREA_STYLE('',(#11967));
#11967 = FILL_AREA_STYLE_COLOUR('',#10081);
#11968 = STYLED_ITEM('color',(#11969),#7393);
#11969 = PRESENTATION_STYLE_ASSIGNMENT((#11970));
#11970 = SURFACE_STYLE_USAGE(.BOTH.,#11971);
#11971 = SURFACE_SIDE_STYLE('',(#11972));
#11972 = SURFACE_STYLE_FILL_AREA(#11973);
#11973 = FILL_AREA_STYLE('',(#11974));
#11974 = FILL_AREA_STYLE_COLOUR('',#10073);
#11975 = OVER_RIDING_STYLED_ITEM('overriding color',(#11976),#7395,
  #11968);
#11976 = PRESENTATION_STYLE_ASSIGNMENT((#11977));
#11977 = SURFACE_STYLE_USAGE(.BOTH.,#11978);
#11978 = SURFACE_SIDE_STYLE('',(#11979));
#11979 = SURFACE_STYLE_FILL_AREA(#11980);
#11980 = FILL_AREA_STYLE('',(#11981));
#11981 = FILL_AREA_STYLE_COLOUR('',#10081);
#11982 = OVER_RIDING_STYLED_ITEM('overriding color',(#11983),#7431,
  #11968);
#11983 = PRESENTATION_STYLE_ASSIGNMENT((#11984));
#11984 = SURFACE_STYLE_USAGE(.BOTH.,#11985);
#11985 = SURFACE_SIDE_STYLE('',(#11986));
#11986 = SURFACE_STYLE_FILL_AREA(#11987);
#11987 = FILL_AREA_STYLE('',(#11988));
#11988 = FILL_AREA_STYLE_COLOUR('',#10081);
#11989 = OVER_RIDING_STYLED_ITEM('overriding color',(#11990),#7459,
  #11968);
#11990 = PRESENTATION_STYLE_ASSIGNMENT((#11991));
#11991 = SURFACE_STYLE_USAGE(.BOTH.,#11992);
#11992 = SURFACE_SIDE_STYLE('',(#11993));
#11993 = SURFACE_STYLE_FILL_AREA(#11994);
#11994 = FILL_AREA_STYLE('',(#11995));
#11995 = FILL_AREA_STYLE_COLOUR('',#10081);
#11996 = OVER_RIDING_STYLED_ITEM('overriding color',(#11997),#7487,
  #11968);
#11997 = PRESENTATION_STYLE_ASSIGNMENT((#11998));
#11998 = SURFACE_STYLE_USAGE(.BOTH.,#11999);
#11999 = SURFACE_SIDE_STYLE('',(#12000));
#12000 = SURFACE_STYLE_FILL_AREA(#12001);
#12001 = FILL_AREA_STYLE('',(#12002));
#12002 = FILL_AREA_STYLE_COLOUR('',#10081);
#12003 = OVER_RIDING_STYLED_ITEM('overriding color',(#12004),#7515,
  #11968);
#12004 = PRESENTATION_STYLE_ASSIGNMENT((#12005));
#12005 = SURFACE_STYLE_USAGE(.BOTH.,#12006);
#12006 = SURFACE_SIDE_STYLE('',(#12007));
#12007 = SURFACE_STYLE_FILL_AREA(#12008);
#12008 = FILL_AREA_STYLE('',(#12009));
#12009 = FILL_AREA_STYLE_COLOUR('',#10081);
#12010 = OVER_RIDING_STYLED_ITEM('overriding color',(#12011),#7543,
  #11968);
#12011 = PRESENTATION_STYLE_ASSIGNMENT((#12012));
#12012 = SURFACE_STYLE_USAGE(.BOTH.,#12013);
#12013 = SURFACE_SIDE_STYLE('',(#12014));
#12014 = SURFACE_STYLE_FILL_AREA(#12015);
#12015 = FILL_AREA_STYLE('',(#12016));
#12016 = FILL_AREA_STYLE_COLOUR('',#10081);
#12017 = OVER_RIDING_STYLED_ITEM('overriding color',(#12018),#7571,
  #11968);
#12018 = PRESENTATION_STYLE_ASSIGNMENT((#12019));
#12019 = SURFACE_STYLE_USAGE(.BOTH.,#12020);
#12020 = SURFACE_SIDE_STYLE('',(#12021));
#12021 = SURFACE_STYLE_FILL_AREA(#12022);
#12022 = FILL_AREA_STYLE('',(#12023));
#12023 = FILL_AREA_STYLE_COLOUR('',#10081);
#12024 = OVER_RIDING_STYLED_ITEM('overriding color',(#12025),#7599,
  #11968);
#12025 = PRESENTATION_STYLE_ASSIGNMENT((#12026));
#12026 = SURFACE_STYLE_USAGE(.BOTH.,#12027);
#12027 = SURFACE_SIDE_STYLE('',(#12028));
#12028 = SURFACE_STYLE_FILL_AREA(#12029);
#12029 = FILL_AREA_STYLE('',(#12030));
#12030 = FILL_AREA_STYLE_COLOUR('',#10081);
#12031 = OVER_RIDING_STYLED_ITEM('overriding color',(#12032),#7627,
  #11968);
#12032 = PRESENTATION_STYLE_ASSIGNMENT((#12033));
#12033 = SURFACE_STYLE_USAGE(.BOTH.,#12034);
#12034 = SURFACE_SIDE_STYLE('',(#12035));
#12035 = SURFACE_STYLE_FILL_AREA(#12036);
#12036 = FILL_AREA_STYLE('',(#12037));
#12037 = FILL_AREA_STYLE_COLOUR('',#10081);
#12038 = OVER_RIDING_STYLED_ITEM('overriding color',(#12039),#7655,
  #11968);
#12039 = PRESENTATION_STYLE_ASSIGNMENT((#12040));
#12040 = SURFACE_STYLE_USAGE(.BOTH.,#12041);
#12041 = SURFACE_SIDE_STYLE('',(#12042));
#12042 = SURFACE_STYLE_FILL_AREA(#12043);
#12043 = FILL_AREA_STYLE('',(#12044));
#12044 = FILL_AREA_STYLE_COLOUR('',#10081);
#12045 = OVER_RIDING_STYLED_ITEM('overriding color',(#12046),#7683,
  #11968);
#12046 = PRESENTATION_STYLE_ASSIGNMENT((#12047));
#12047 = SURFACE_STYLE_USAGE(.BOTH.,#12048);
#12048 = SURFACE_SIDE_STYLE('',(#12049));
#12049 = SURFACE_STYLE_FILL_AREA(#12050);
#12050 = FILL_AREA_STYLE('',(#12051));
#12051 = FILL_AREA_STYLE_COLOUR('',#10081);
#12052 = OVER_RIDING_STYLED_ITEM('overriding color',(#12053),#7711,
  #11968);
#12053 = PRESENTATION_STYLE_ASSIGNMENT((#12054));
#12054 = SURFACE_STYLE_USAGE(.BOTH.,#12055);
#12055 = SURFACE_SIDE_STYLE('',(#12056));
#12056 = SURFACE_STYLE_FILL_AREA(#12057);
#12057 = FILL_AREA_STYLE('',(#12058));
#12058 = FILL_AREA_STYLE_COLOUR('',#10081);
#12059 = OVER_RIDING_STYLED_ITEM('overriding color',(#12060),#7731,
  #11968);
#12060 = PRESENTATION_STYLE_ASSIGNMENT((#12061));
#12061 = SURFACE_STYLE_USAGE(.BOTH.,#12062);
#12062 = SURFACE_SIDE_STYLE('',(#12063));
#12063 = SURFACE_STYLE_FILL_AREA(#12064);
#12064 = FILL_AREA_STYLE('',(#12065));
#12065 = FILL_AREA_STYLE_COLOUR('',#10081);
#12066 = OVER_RIDING_STYLED_ITEM('overriding color',(#12067),#7751,
  #11968);
#12067 = PRESENTATION_STYLE_ASSIGNMENT((#12068));
#12068 = SURFACE_STYLE_USAGE(.BOTH.,#12069);
#12069 = SURFACE_SIDE_STYLE('',(#12070));
#12070 = SURFACE_STYLE_FILL_AREA(#12071);
#12071 = FILL_AREA_STYLE('',(#12072));
#12072 = FILL_AREA_STYLE_COLOUR('',#10081);
#12073 = STYLED_ITEM('color',(#12074),#7771);
#12074 = PRESENTATION_STYLE_ASSIGNMENT((#12075));
#12075 = SURFACE_STYLE_USAGE(.BOTH.,#12076);
#12076 = SURFACE_SIDE_STYLE('',(#12077));
#12077 = SURFACE_STYLE_FILL_AREA(#12078);
#12078 = FILL_AREA_STYLE('',(#12079));
#12079 = FILL_AREA_STYLE_COLOUR('',#10073);
#12080 = OVER_RIDING_STYLED_ITEM('overriding color',(#12081),#7773,
  #12073);
#12081 = PRESENTATION_STYLE_ASSIGNMENT((#12082));
#12082 = SURFACE_STYLE_USAGE(.BOTH.,#12083);
#12083 = SURFACE_SIDE_STYLE('',(#12084));
#12084 = SURFACE_STYLE_FILL_AREA(#12085);
#12085 = FILL_AREA_STYLE('',(#12086));
#12086 = FILL_AREA_STYLE_COLOUR('',#10081);
#12087 = OVER_RIDING_STYLED_ITEM('overriding color',(#12088),#7897,
  #12073);
#12088 = PRESENTATION_STYLE_ASSIGNMENT((#12089));
#12089 = SURFACE_STYLE_USAGE(.BOTH.,#12090);
#12090 = SURFACE_SIDE_STYLE('',(#12091));
#12091 = SURFACE_STYLE_FILL_AREA(#12092);
#12092 = FILL_AREA_STYLE('',(#12093));
#12093 = FILL_AREA_STYLE_COLOUR('',#10081);
#12094 = OVER_RIDING_STYLED_ITEM('overriding color',(#12095),#8021,
  #12073);
#12095 = PRESENTATION_STYLE_ASSIGNMENT((#12096));
#12096 = SURFACE_STYLE_USAGE(.BOTH.,#12097);
#12097 = SURFACE_SIDE_STYLE('',(#12098));
#12098 = SURFACE_STYLE_FILL_AREA(#12099);
#12099 = FILL_AREA_STYLE('',(#12100));
#12100 = FILL_AREA_STYLE_COLOUR('',#10081);
#12101 = OVER_RIDING_STYLED_ITEM('overriding color',(#12102),#8041,
  #12073);
#12102 = PRESENTATION_STYLE_ASSIGNMENT((#12103));
#12103 = SURFACE_STYLE_USAGE(.BOTH.,#12104);
#12104 = SURFACE_SIDE_STYLE('',(#12105));
#12105 = SURFACE_STYLE_FILL_AREA(#12106);
#12106 = FILL_AREA_STYLE('',(#12107));
#12107 = FILL_AREA_STYLE_COLOUR('',#10081);
#12108 = OVER_RIDING_STYLED_ITEM('overriding color',(#12109),#8061,
  #12073);
#12109 = PRESENTATION_STYLE_ASSIGNMENT((#12110));
#12110 = SURFACE_STYLE_USAGE(.BOTH.,#12111);
#12111 = SURFACE_SIDE_STYLE('',(#12112));
#12112 = SURFACE_STYLE_FILL_AREA(#12113);
#12113 = FILL_AREA_STYLE('',(#12114));
#12114 = FILL_AREA_STYLE_COLOUR('',#10081);
#12115 = OVER_RIDING_STYLED_ITEM('overriding color',(#12116),#8081,
  #12073);
#12116 = PRESENTATION_STYLE_ASSIGNMENT((#12117));
#12117 = SURFACE_STYLE_USAGE(.BOTH.,#12118);
#12118 = SURFACE_SIDE_STYLE('',(#12119));
#12119 = SURFACE_STYLE_FILL_AREA(#12120);
#12120 = FILL_AREA_STYLE('',(#12121));
#12121 = FILL_AREA_STYLE_COLOUR('',#10081);
#12122 = OVER_RIDING_STYLED_ITEM('overriding color',(#12123),#8101,
  #12073);
#12123 = PRESENTATION_STYLE_ASSIGNMENT((#12124));
#12124 = SURFACE_STYLE_USAGE(.BOTH.,#12125);
#12125 = SURFACE_SIDE_STYLE('',(#12126));
#12126 = SURFACE_STYLE_FILL_AREA(#12127);
#12127 = FILL_AREA_STYLE('',(#12128));
#12128 = FILL_AREA_STYLE_COLOUR('',#10081);
#12129 = OVER_RIDING_STYLED_ITEM('overriding color',(#12130),#8121,
  #12073);
#12130 = PRESENTATION_STYLE_ASSIGNMENT((#12131));
#12131 = SURFACE_STYLE_USAGE(.BOTH.,#12132);
#12132 = SURFACE_SIDE_STYLE('',(#12133));
#12133 = SURFACE_STYLE_FILL_AREA(#12134);
#12134 = FILL_AREA_STYLE('',(#12135));
#12135 = FILL_AREA_STYLE_COLOUR('',#10081);
#12136 = OVER_RIDING_STYLED_ITEM('overriding color',(#12137),#8137,
  #12073);
#12137 = PRESENTATION_STYLE_ASSIGNMENT((#12138));
#12138 = SURFACE_STYLE_USAGE(.BOTH.,#12139);
#12139 = SURFACE_SIDE_STYLE('',(#12140));
#12140 = SURFACE_STYLE_FILL_AREA(#12141);
#12141 = FILL_AREA_STYLE('',(#12142));
#12142 = FILL_AREA_STYLE_COLOUR('',#10081);
#12143 = OVER_RIDING_STYLED_ITEM('overriding color',(#12144),#8149,
  #12073);
#12144 = PRESENTATION_STYLE_ASSIGNMENT((#12145));
#12145 = SURFACE_STYLE_USAGE(.BOTH.,#12146);
#12146 = SURFACE_SIDE_STYLE('',(#12147));
#12147 = SURFACE_STYLE_FILL_AREA(#12148);
#12148 = FILL_AREA_STYLE('',(#12149));
#12149 = FILL_AREA_STYLE_COLOUR('',#10081);
#12150 = OVER_RIDING_STYLED_ITEM('overriding color',(#12151),#8169,
  #12073);
#12151 = PRESENTATION_STYLE_ASSIGNMENT((#12152));
#12152 = SURFACE_STYLE_USAGE(.BOTH.,#12153);
#12153 = SURFACE_SIDE_STYLE('',(#12154));
#12154 = SURFACE_STYLE_FILL_AREA(#12155);
#12155 = FILL_AREA_STYLE('',(#12156));
#12156 = FILL_AREA_STYLE_COLOUR('',#10081);
#12157 = OVER_RIDING_STYLED_ITEM('overriding color',(#12158),#8185,
  #12073);
#12158 = PRESENTATION_STYLE_ASSIGNMENT((#12159));
#12159 = SURFACE_STYLE_USAGE(.BOTH.,#12160);
#12160 = SURFACE_SIDE_STYLE('',(#12161));
#12161 = SURFACE_STYLE_FILL_AREA(#12162);
#12162 = FILL_AREA_STYLE('',(#12163));
#12163 = FILL_AREA_STYLE_COLOUR('',#10081);
#12164 = OVER_RIDING_STYLED_ITEM('overriding color',(#12165),#8201,
  #12073);
#12165 = PRESENTATION_STYLE_ASSIGNMENT((#12166));
#12166 = SURFACE_STYLE_USAGE(.BOTH.,#12167);
#12167 = SURFACE_SIDE_STYLE('',(#12168));
#12168 = SURFACE_STYLE_FILL_AREA(#12169);
#12169 = FILL_AREA_STYLE('',(#12170));
#12170 = FILL_AREA_STYLE_COLOUR('',#10081);
#12171 = OVER_RIDING_STYLED_ITEM('overriding color',(#12172),#8221,
  #12073);
#12172 = PRESENTATION_STYLE_ASSIGNMENT((#12173));
#12173 = SURFACE_STYLE_USAGE(.BOTH.,#12174);
#12174 = SURFACE_SIDE_STYLE('',(#12175));
#12175 = SURFACE_STYLE_FILL_AREA(#12176);
#12176 = FILL_AREA_STYLE('',(#12177));
#12177 = FILL_AREA_STYLE_COLOUR('',#10081);
#12178 = OVER_RIDING_STYLED_ITEM('overriding color',(#12179),#8241,
  #12073);
#12179 = PRESENTATION_STYLE_ASSIGNMENT((#12180));
#12180 = SURFACE_STYLE_USAGE(.BOTH.,#12181);
#12181 = SURFACE_SIDE_STYLE('',(#12182));
#12182 = SURFACE_STYLE_FILL_AREA(#12183);
#12183 = FILL_AREA_STYLE('',(#12184));
#12184 = FILL_AREA_STYLE_COLOUR('',#10081);
#12185 = OVER_RIDING_STYLED_ITEM('overriding color',(#12186),#8261,
  #12073);
#12186 = PRESENTATION_STYLE_ASSIGNMENT((#12187));
#12187 = SURFACE_STYLE_USAGE(.BOTH.,#12188);
#12188 = SURFACE_SIDE_STYLE('',(#12189));
#12189 = SURFACE_STYLE_FILL_AREA(#12190);
#12190 = FILL_AREA_STYLE('',(#12191));
#12191 = FILL_AREA_STYLE_COLOUR('',#10081);
#12192 = STYLED_ITEM('color',(#12193),#8277);
#12193 = PRESENTATION_STYLE_ASSIGNMENT((#12194));
#12194 = SURFACE_STYLE_USAGE(.BOTH.,#12195);
#12195 = SURFACE_SIDE_STYLE('',(#12196));
#12196 = SURFACE_STYLE_FILL_AREA(#12197);
#12197 = FILL_AREA_STYLE('',(#12198));
#12198 = FILL_AREA_STYLE_COLOUR('',#10073);
#12199 = OVER_RIDING_STYLED_ITEM('overriding color',(#12200),#8279,
  #12192);
#12200 = PRESENTATION_STYLE_ASSIGNMENT((#12201));
#12201 = SURFACE_STYLE_USAGE(.BOTH.,#12202);
#12202 = SURFACE_SIDE_STYLE('',(#12203));
#12203 = SURFACE_STYLE_FILL_AREA(#12204);
#12204 = FILL_AREA_STYLE('',(#12205));
#12205 = FILL_AREA_STYLE_COLOUR('',#10081);
#12206 = OVER_RIDING_STYLED_ITEM('overriding color',(#12207),#8391,
  #12192);
#12207 = PRESENTATION_STYLE_ASSIGNMENT((#12208));
#12208 = SURFACE_STYLE_USAGE(.BOTH.,#12209);
#12209 = SURFACE_SIDE_STYLE('',(#12210));
#12210 = SURFACE_STYLE_FILL_AREA(#12211);
#12211 = FILL_AREA_STYLE('',(#12212));
#12212 = FILL_AREA_STYLE_COLOUR('',#10081);
#12213 = OVER_RIDING_STYLED_ITEM('overriding color',(#12214),#8503,
  #12192);
#12214 = PRESENTATION_STYLE_ASSIGNMENT((#12215));
#12215 = SURFACE_STYLE_USAGE(.BOTH.,#12216);
#12216 = SURFACE_SIDE_STYLE('',(#12217));
#12217 = SURFACE_STYLE_FILL_AREA(#12218);
#12218 = FILL_AREA_STYLE('',(#12219));
#12219 = FILL_AREA_STYLE_COLOUR('',#10081);
#12220 = OVER_RIDING_STYLED_ITEM('overriding color',(#12221),#8523,
  #12192);
#12221 = PRESENTATION_STYLE_ASSIGNMENT((#12222));
#12222 = SURFACE_STYLE_USAGE(.BOTH.,#12223);
#12223 = SURFACE_SIDE_STYLE('',(#12224));
#12224 = SURFACE_STYLE_FILL_AREA(#12225);
#12225 = FILL_AREA_STYLE('',(#12226));
#12226 = FILL_AREA_STYLE_COLOUR('',#10081);
#12227 = OVER_RIDING_STYLED_ITEM('overriding color',(#12228),#8539,
  #12192);
#12228 = PRESENTATION_STYLE_ASSIGNMENT((#12229));
#12229 = SURFACE_STYLE_USAGE(.BOTH.,#12230);
#12230 = SURFACE_SIDE_STYLE('',(#12231));
#12231 = SURFACE_STYLE_FILL_AREA(#12232);
#12232 = FILL_AREA_STYLE('',(#12233));
#12233 = FILL_AREA_STYLE_COLOUR('',#10081);
#12234 = OVER_RIDING_STYLED_ITEM('overriding color',(#12235),#8555,
  #12192);
#12235 = PRESENTATION_STYLE_ASSIGNMENT((#12236));
#12236 = SURFACE_STYLE_USAGE(.BOTH.,#12237);
#12237 = SURFACE_SIDE_STYLE('',(#12238));
#12238 = SURFACE_STYLE_FILL_AREA(#12239);
#12239 = FILL_AREA_STYLE('',(#12240));
#12240 = FILL_AREA_STYLE_COLOUR('',#10081);
#12241 = OVER_RIDING_STYLED_ITEM('overriding color',(#12242),#8571,
  #12192);
#12242 = PRESENTATION_STYLE_ASSIGNMENT((#12243));
#12243 = SURFACE_STYLE_USAGE(.BOTH.,#12244);
#12244 = SURFACE_SIDE_STYLE('',(#12245));
#12245 = SURFACE_STYLE_FILL_AREA(#12246);
#12246 = FILL_AREA_STYLE('',(#12247));
#12247 = FILL_AREA_STYLE_COLOUR('',#10081);
#12248 = OVER_RIDING_STYLED_ITEM('overriding color',(#12249),#8587,
  #12192);
#12249 = PRESENTATION_STYLE_ASSIGNMENT((#12250));
#12250 = SURFACE_STYLE_USAGE(.BOTH.,#12251);
#12251 = SURFACE_SIDE_STYLE('',(#12252));
#12252 = SURFACE_STYLE_FILL_AREA(#12253);
#12253 = FILL_AREA_STYLE('',(#12254));
#12254 = FILL_AREA_STYLE_COLOUR('',#10081);
#12255 = OVER_RIDING_STYLED_ITEM('overriding color',(#12256),#8603,
  #12192);
#12256 = PRESENTATION_STYLE_ASSIGNMENT((#12257));
#12257 = SURFACE_STYLE_USAGE(.BOTH.,#12258);
#12258 = SURFACE_SIDE_STYLE('',(#12259));
#12259 = SURFACE_STYLE_FILL_AREA(#12260);
#12260 = FILL_AREA_STYLE('',(#12261));
#12261 = FILL_AREA_STYLE_COLOUR('',#10081);
#12262 = OVER_RIDING_STYLED_ITEM('overriding color',(#12263),#8619,
  #12192);
#12263 = PRESENTATION_STYLE_ASSIGNMENT((#12264));
#12264 = SURFACE_STYLE_USAGE(.BOTH.,#12265);
#12265 = SURFACE_SIDE_STYLE('',(#12266));
#12266 = SURFACE_STYLE_FILL_AREA(#12267);
#12267 = FILL_AREA_STYLE('',(#12268));
#12268 = FILL_AREA_STYLE_COLOUR('',#10081);
#12269 = OVER_RIDING_STYLED_ITEM('overriding color',(#12270),#8631,
  #12192);
#12270 = PRESENTATION_STYLE_ASSIGNMENT((#12271));
#12271 = SURFACE_STYLE_USAGE(.BOTH.,#12272);
#12272 = SURFACE_SIDE_STYLE('',(#12273));
#12273 = SURFACE_STYLE_FILL_AREA(#12274);
#12274 = FILL_AREA_STYLE('',(#12275));
#12275 = FILL_AREA_STYLE_COLOUR('',#10081);
#12276 = OVER_RIDING_STYLED_ITEM('overriding color',(#12277),#8651,
  #12192);
#12277 = PRESENTATION_STYLE_ASSIGNMENT((#12278));
#12278 = SURFACE_STYLE_USAGE(.BOTH.,#12279);
#12279 = SURFACE_SIDE_STYLE('',(#12280));
#12280 = SURFACE_STYLE_FILL_AREA(#12281);
#12281 = FILL_AREA_STYLE('',(#12282));
#12282 = FILL_AREA_STYLE_COLOUR('',#10081);
#12283 = OVER_RIDING_STYLED_ITEM('overriding color',(#12284),#8667,
  #12192);
#12284 = PRESENTATION_STYLE_ASSIGNMENT((#12285));
#12285 = SURFACE_STYLE_USAGE(.BOTH.,#12286);
#12286 = SURFACE_SIDE_STYLE('',(#12287));
#12287 = SURFACE_STYLE_FILL_AREA(#12288);
#12288 = FILL_AREA_STYLE('',(#12289));
#12289 = FILL_AREA_STYLE_COLOUR('',#10081);
#12290 = OVER_RIDING_STYLED_ITEM('overriding color',(#12291),#8687,
  #12192);
#12291 = PRESENTATION_STYLE_ASSIGNMENT((#12292));
#12292 = SURFACE_STYLE_USAGE(.BOTH.,#12293);
#12293 = SURFACE_SIDE_STYLE('',(#12294));
#12294 = SURFACE_STYLE_FILL_AREA(#12295);
#12295 = FILL_AREA_STYLE('',(#12296));
#12296 = FILL_AREA_STYLE_COLOUR('',#10081);
#12297 = OVER_RIDING_STYLED_ITEM('overriding color',(#12298),#8703,
  #12192);
#12298 = PRESENTATION_STYLE_ASSIGNMENT((#12299));
#12299 = SURFACE_STYLE_USAGE(.BOTH.,#12300);
#12300 = SURFACE_SIDE_STYLE('',(#12301));
#12301 = SURFACE_STYLE_FILL_AREA(#12302);
#12302 = FILL_AREA_STYLE('',(#12303));
#12303 = FILL_AREA_STYLE_COLOUR('',#10081);
#12304 = OVER_RIDING_STYLED_ITEM('overriding color',(#12305),#8723,
  #12192);
#12305 = PRESENTATION_STYLE_ASSIGNMENT((#12306));
#12306 = SURFACE_STYLE_USAGE(.BOTH.,#12307);
#12307 = SURFACE_SIDE_STYLE('',(#12308));
#12308 = SURFACE_STYLE_FILL_AREA(#12309);
#12309 = FILL_AREA_STYLE('',(#12310));
#12310 = FILL_AREA_STYLE_COLOUR('',#10081);
#12311 = STYLED_ITEM('color',(#12312),#8735);
#12312 = PRESENTATION_STYLE_ASSIGNMENT((#12313));
#12313 = SURFACE_STYLE_USAGE(.BOTH.,#12314);
#12314 = SURFACE_SIDE_STYLE('',(#12315));
#12315 = SURFACE_STYLE_FILL_AREA(#12316);
#12316 = FILL_AREA_STYLE('',(#12317));
#12317 = FILL_AREA_STYLE_COLOUR('',#10073);
#12318 = OVER_RIDING_STYLED_ITEM('overriding color',(#12319),#8737,
  #12311);
#12319 = PRESENTATION_STYLE_ASSIGNMENT((#12320));
#12320 = SURFACE_STYLE_USAGE(.BOTH.,#12321);
#12321 = SURFACE_SIDE_STYLE('',(#12322));
#12322 = SURFACE_STYLE_FILL_AREA(#12323);
#12323 = FILL_AREA_STYLE('',(#12324));
#12324 = FILL_AREA_STYLE_COLOUR('',#10081);
#12325 = OVER_RIDING_STYLED_ITEM('overriding color',(#12326),#9057,
  #12311);
#12326 = PRESENTATION_STYLE_ASSIGNMENT((#12327));
#12327 = SURFACE_STYLE_USAGE(.BOTH.,#12328);
#12328 = SURFACE_SIDE_STYLE('',(#12329));
#12329 = SURFACE_STYLE_FILL_AREA(#12330);
#12330 = FILL_AREA_STYLE('',(#12331));
#12331 = FILL_AREA_STYLE_COLOUR('',#10081);
#12332 = OVER_RIDING_STYLED_ITEM('overriding color',(#12333),#9377,
  #12311);
#12333 = PRESENTATION_STYLE_ASSIGNMENT((#12334));
#12334 = SURFACE_STYLE_USAGE(.BOTH.,#12335);
#12335 = SURFACE_SIDE_STYLE('',(#12336));
#12336 = SURFACE_STYLE_FILL_AREA(#12337);
#12337 = FILL_AREA_STYLE('',(#12338));
#12338 = FILL_AREA_STYLE_COLOUR('',#10081);
#12339 = OVER_RIDING_STYLED_ITEM('overriding color',(#12340),#9401,
  #12311);
#12340 = PRESENTATION_STYLE_ASSIGNMENT((#12341));
#12341 = SURFACE_STYLE_USAGE(.BOTH.,#12342);
#12342 = SURFACE_SIDE_STYLE('',(#12343));
#12343 = SURFACE_STYLE_FILL_AREA(#12344);
#12344 = FILL_AREA_STYLE('',(#12345));
#12345 = FILL_AREA_STYLE_COLOUR('',#10081);
#12346 = OVER_RIDING_STYLED_ITEM('overriding color',(#12347),#9421,
  #12311);
#12347 = PRESENTATION_STYLE_ASSIGNMENT((#12348));
#12348 = SURFACE_STYLE_USAGE(.BOTH.,#12349);
#12349 = SURFACE_SIDE_STYLE('',(#12350));
#12350 = SURFACE_STYLE_FILL_AREA(#12351);
#12351 = FILL_AREA_STYLE('',(#12352));
#12352 = FILL_AREA_STYLE_COLOUR('',#10081);
#12353 = OVER_RIDING_STYLED_ITEM('overriding color',(#12354),#9441,
  #12311);
#12354 = PRESENTATION_STYLE_ASSIGNMENT((#12355));
#12355 = SURFACE_STYLE_USAGE(.BOTH.,#12356);
#12356 = SURFACE_SIDE_STYLE('',(#12357));
#12357 = SURFACE_STYLE_FILL_AREA(#12358);
#12358 = FILL_AREA_STYLE('',(#12359));
#12359 = FILL_AREA_STYLE_COLOUR('',#10081);
#12360 = OVER_RIDING_STYLED_ITEM('overriding color',(#12361),#9461,
  #12311);
#12361 = PRESENTATION_STYLE_ASSIGNMENT((#12362));
#12362 = SURFACE_STYLE_USAGE(.BOTH.,#12363);
#12363 = SURFACE_SIDE_STYLE('',(#12364));
#12364 = SURFACE_STYLE_FILL_AREA(#12365);
#12365 = FILL_AREA_STYLE('',(#12366));
#12366 = FILL_AREA_STYLE_COLOUR('',#10081);
#12367 = OVER_RIDING_STYLED_ITEM('overriding color',(#12368),#9481,
  #12311);
#12368 = PRESENTATION_STYLE_ASSIGNMENT((#12369));
#12369 = SURFACE_STYLE_USAGE(.BOTH.,#12370);
#12370 = SURFACE_SIDE_STYLE('',(#12371));
#12371 = SURFACE_STYLE_FILL_AREA(#12372);
#12372 = FILL_AREA_STYLE('',(#12373));
#12373 = FILL_AREA_STYLE_COLOUR('',#10081);
#12374 = OVER_RIDING_STYLED_ITEM('overriding color',(#12375),#9501,
  #12311);
#12375 = PRESENTATION_STYLE_ASSIGNMENT((#12376));
#12376 = SURFACE_STYLE_USAGE(.BOTH.,#12377);
#12377 = SURFACE_SIDE_STYLE('',(#12378));
#12378 = SURFACE_STYLE_FILL_AREA(#12379);
#12379 = FILL_AREA_STYLE('',(#12380));
#12380 = FILL_AREA_STYLE_COLOUR('',#10081);
#12381 = OVER_RIDING_STYLED_ITEM('overriding color',(#12382),#9521,
  #12311);
#12382 = PRESENTATION_STYLE_ASSIGNMENT((#12383));
#12383 = SURFACE_STYLE_USAGE(.BOTH.,#12384);
#12384 = SURFACE_SIDE_STYLE('',(#12385));
#12385 = SURFACE_STYLE_FILL_AREA(#12386);
#12386 = FILL_AREA_STYLE('',(#12387));
#12387 = FILL_AREA_STYLE_COLOUR('',#10081);
#12388 = OVER_RIDING_STYLED_ITEM('overriding color',(#12389),#9541,
  #12311);
#12389 = PRESENTATION_STYLE_ASSIGNMENT((#12390));
#12390 = SURFACE_STYLE_USAGE(.BOTH.,#12391);
#12391 = SURFACE_SIDE_STYLE('',(#12392));
#12392 = SURFACE_STYLE_FILL_AREA(#12393);
#12393 = FILL_AREA_STYLE('',(#12394));
#12394 = FILL_AREA_STYLE_COLOUR('',#10081);
#12395 = OVER_RIDING_STYLED_ITEM('overriding color',(#12396),#9561,
  #12311);
#12396 = PRESENTATION_STYLE_ASSIGNMENT((#12397));
#12397 = SURFACE_STYLE_USAGE(.BOTH.,#12398);
#12398 = SURFACE_SIDE_STYLE('',(#12399));
#12399 = SURFACE_STYLE_FILL_AREA(#12400);
#12400 = FILL_AREA_STYLE('',(#12401));
#12401 = FILL_AREA_STYLE_COLOUR('',#10081);
#12402 = OVER_RIDING_STYLED_ITEM('overriding color',(#12403),#9581,
  #12311);
#12403 = PRESENTATION_STYLE_ASSIGNMENT((#12404));
#12404 = SURFACE_STYLE_USAGE(.BOTH.,#12405);
#12405 = SURFACE_SIDE_STYLE('',(#12406));
#12406 = SURFACE_STYLE_FILL_AREA(#12407);
#12407 = FILL_AREA_STYLE('',(#12408));
#12408 = FILL_AREA_STYLE_COLOUR('',#10081);
#12409 = OVER_RIDING_STYLED_ITEM('overriding color',(#12410),#9601,
  #12311);
#12410 = PRESENTATION_STYLE_ASSIGNMENT((#12411));
#12411 = SURFACE_STYLE_USAGE(.BOTH.,#12412);
#12412 = SURFACE_SIDE_STYLE('',(#12413));
#12413 = SURFACE_STYLE_FILL_AREA(#12414);
#12414 = FILL_AREA_STYLE('',(#12415));
#12415 = FILL_AREA_STYLE_COLOUR('',#10081);
#12416 = OVER_RIDING_STYLED_ITEM('overriding color',(#12417),#9621,
  #12311);
#12417 = PRESENTATION_STYLE_ASSIGNMENT((#12418));
#12418 = SURFACE_STYLE_USAGE(.BOTH.,#12419);
#12419 = SURFACE_SIDE_STYLE('',(#12420));
#12420 = SURFACE_STYLE_FILL_AREA(#12421);
#12421 = FILL_AREA_STYLE('',(#12422));
#12422 = FILL_AREA_STYLE_COLOUR('',#10081);
#12423 = OVER_RIDING_STYLED_ITEM('overriding color',(#12424),#9637,
  #12311);
#12424 = PRESENTATION_STYLE_ASSIGNMENT((#12425));
#12425 = SURFACE_STYLE_USAGE(.BOTH.,#12426);
#12426 = SURFACE_SIDE_STYLE('',(#12427));
#12427 = SURFACE_STYLE_FILL_AREA(#12428);
#12428 = FILL_AREA_STYLE('',(#12429));
#12429 = FILL_AREA_STYLE_COLOUR('',#10081);
#12430 = OVER_RIDING_STYLED_ITEM('overriding color',(#12431),#9653,
  #12311);
#12431 = PRESENTATION_STYLE_ASSIGNMENT((#12432));
#12432 = SURFACE_STYLE_USAGE(.BOTH.,#12433);
#12433 = SURFACE_SIDE_STYLE('',(#12434));
#12434 = SURFACE_STYLE_FILL_AREA(#12435);
#12435 = FILL_AREA_STYLE('',(#12436));
#12436 = FILL_AREA_STYLE_COLOUR('',#10081);
#12437 = OVER_RIDING_STYLED_ITEM('overriding color',(#12438),#9669,
  #12311);
#12438 = PRESENTATION_STYLE_ASSIGNMENT((#12439));
#12439 = SURFACE_STYLE_USAGE(.BOTH.,#12440);
#12440 = SURFACE_SIDE_STYLE('',(#12441));
#12441 = SURFACE_STYLE_FILL_AREA(#12442);
#12442 = FILL_AREA_STYLE('',(#12443));
#12443 = FILL_AREA_STYLE_COLOUR('',#10081);
#12444 = OVER_RIDING_STYLED_ITEM('overriding color',(#12445),#9685,
  #12311);
#12445 = PRESENTATION_STYLE_ASSIGNMENT((#12446));
#12446 = SURFACE_STYLE_USAGE(.BOTH.,#12447);
#12447 = SURFACE_SIDE_STYLE('',(#12448));
#12448 = SURFACE_STYLE_FILL_AREA(#12449);
#12449 = FILL_AREA_STYLE('',(#12450));
#12450 = FILL_AREA_STYLE_COLOUR('',#10081);
#12451 = OVER_RIDING_STYLED_ITEM('overriding color',(#12452),#9705,
  #12311);
#12452 = PRESENTATION_STYLE_ASSIGNMENT((#12453));
#12453 = SURFACE_STYLE_USAGE(.BOTH.,#12454);
#12454 = SURFACE_SIDE_STYLE('',(#12455));
#12455 = SURFACE_STYLE_FILL_AREA(#12456);
#12456 = FILL_AREA_STYLE('',(#12457));
#12457 = FILL_AREA_STYLE_COLOUR('',#10081);
#12458 = OVER_RIDING_STYLED_ITEM('overriding color',(#12459),#9725,
  #12311);
#12459 = PRESENTATION_STYLE_ASSIGNMENT((#12460));
#12460 = SURFACE_STYLE_USAGE(.BOTH.,#12461);
#12461 = SURFACE_SIDE_STYLE('',(#12462));
#12462 = SURFACE_STYLE_FILL_AREA(#12463);
#12463 = FILL_AREA_STYLE('',(#12464));
#12464 = FILL_AREA_STYLE_COLOUR('',#10081);
#12465 = OVER_RIDING_STYLED_ITEM('overriding color',(#12466),#9745,
  #12311);
#12466 = PRESENTATION_STYLE_ASSIGNMENT((#12467));
#12467 = SURFACE_STYLE_USAGE(.BOTH.,#12468);
#12468 = SURFACE_SIDE_STYLE('',(#12469));
#12469 = SURFACE_STYLE_FILL_AREA(#12470);
#12470 = FILL_AREA_STYLE('',(#12471));
#12471 = FILL_AREA_STYLE_COLOUR('',#10081);
#12472 = OVER_RIDING_STYLED_ITEM('overriding color',(#12473),#9765,
  #12311);
#12473 = PRESENTATION_STYLE_ASSIGNMENT((#12474));
#12474 = SURFACE_STYLE_USAGE(.BOTH.,#12475);
#12475 = SURFACE_SIDE_STYLE('',(#12476));
#12476 = SURFACE_STYLE_FILL_AREA(#12477);
#12477 = FILL_AREA_STYLE('',(#12478));
#12478 = FILL_AREA_STYLE_COLOUR('',#10081);
#12479 = OVER_RIDING_STYLED_ITEM('overriding color',(#12480),#9785,
  #12311);
#12480 = PRESENTATION_STYLE_ASSIGNMENT((#12481));
#12481 = SURFACE_STYLE_USAGE(.BOTH.,#12482);
#12482 = SURFACE_SIDE_STYLE('',(#12483));
#12483 = SURFACE_STYLE_FILL_AREA(#12484);
#12484 = FILL_AREA_STYLE('',(#12485));
#12485 = FILL_AREA_STYLE_COLOUR('',#10081);
#12486 = OVER_RIDING_STYLED_ITEM('overriding color',(#12487),#9805,
  #12311);
#12487 = PRESENTATION_STYLE_ASSIGNMENT((#12488));
#12488 = SURFACE_STYLE_USAGE(.BOTH.,#12489);
#12489 = SURFACE_SIDE_STYLE('',(#12490));
#12490 = SURFACE_STYLE_FILL_AREA(#12491);
#12491 = FILL_AREA_STYLE('',(#12492));
#12492 = FILL_AREA_STYLE_COLOUR('',#10081);
#12493 = OVER_RIDING_STYLED_ITEM('overriding color',(#12494),#9825,
  #12311);
#12494 = PRESENTATION_STYLE_ASSIGNMENT((#12495));
#12495 = SURFACE_STYLE_USAGE(.BOTH.,#12496);
#12496 = SURFACE_SIDE_STYLE('',(#12497));
#12497 = SURFACE_STYLE_FILL_AREA(#12498);
#12498 = FILL_AREA_STYLE('',(#12499));
#12499 = FILL_AREA_STYLE_COLOUR('',#10081);
#12500 = OVER_RIDING_STYLED_ITEM('overriding color',(#12501),#9841,
  #12311);
#12501 = PRESENTATION_STYLE_ASSIGNMENT((#12502));
#12502 = SURFACE_STYLE_USAGE(.BOTH.,#12503);
#12503 = SURFACE_SIDE_STYLE('',(#12504));
#12504 = SURFACE_STYLE_FILL_AREA(#12505);
#12505 = FILL_AREA_STYLE('',(#12506));
#12506 = FILL_AREA_STYLE_COLOUR('',#10081);
#12507 = OVER_RIDING_STYLED_ITEM('overriding color',(#12508),#9861,
  #12311);
#12508 = PRESENTATION_STYLE_ASSIGNMENT((#12509));
#12509 = SURFACE_STYLE_USAGE(.BOTH.,#12510);
#12510 = SURFACE_SIDE_STYLE('',(#12511));
#12511 = SURFACE_STYLE_FILL_AREA(#12512);
#12512 = FILL_AREA_STYLE('',(#12513));
#12513 = FILL_AREA_STYLE_COLOUR('',#10081);
#12514 = OVER_RIDING_STYLED_ITEM('overriding color',(#12515),#9881,
  #12311);
#12515 = PRESENTATION_STYLE_ASSIGNMENT((#12516));
#12516 = SURFACE_STYLE_USAGE(.BOTH.,#12517);
#12517 = SURFACE_SIDE_STYLE('',(#12518));
#12518 = SURFACE_STYLE_FILL_AREA(#12519);
#12519 = FILL_AREA_STYLE('',(#12520));
#12520 = FILL_AREA_STYLE_COLOUR('',#10081);
#12521 = OVER_RIDING_STYLED_ITEM('overriding color',(#12522),#9897,
  #12311);
#12522 = PRESENTATION_STYLE_ASSIGNMENT((#12523));
#12523 = SURFACE_STYLE_USAGE(.BOTH.,#12524);
#12524 = SURFACE_SIDE_STYLE('',(#12525));
#12525 = SURFACE_STYLE_FILL_AREA(#12526);
#12526 = FILL_AREA_STYLE('',(#12527));
#12527 = FILL_AREA_STYLE_COLOUR('',#10081);
#12528 = OVER_RIDING_STYLED_ITEM('overriding color',(#12529),#9917,
  #12311);
#12529 = PRESENTATION_STYLE_ASSIGNMENT((#12530));
#12530 = SURFACE_STYLE_USAGE(.BOTH.,#12531);
#12531 = SURFACE_SIDE_STYLE('',(#12532));
#12532 = SURFACE_STYLE_FILL_AREA(#12533);
#12533 = FILL_AREA_STYLE('',(#12534));
#12534 = FILL_AREA_STYLE_COLOUR('',#10081);
#12535 = OVER_RIDING_STYLED_ITEM('overriding color',(#12536),#9937,
  #12311);
#12536 = PRESENTATION_STYLE_ASSIGNMENT((#12537));
#12537 = SURFACE_STYLE_USAGE(.BOTH.,#12538);
#12538 = SURFACE_SIDE_STYLE('',(#12539));
#12539 = SURFACE_STYLE_FILL_AREA(#12540);
#12540 = FILL_AREA_STYLE('',(#12541));
#12541 = FILL_AREA_STYLE_COLOUR('',#10081);
#12542 = OVER_RIDING_STYLED_ITEM('overriding color',(#12543),#9957,
  #12311);
#12543 = PRESENTATION_STYLE_ASSIGNMENT((#12544));
#12544 = SURFACE_STYLE_USAGE(.BOTH.,#12545);
#12545 = SURFACE_SIDE_STYLE('',(#12546));
#12546 = SURFACE_STYLE_FILL_AREA(#12547);
#12547 = FILL_AREA_STYLE('',(#12548));
#12548 = FILL_AREA_STYLE_COLOUR('',#10081);
#12549 = OVER_RIDING_STYLED_ITEM('overriding color',(#12550),#9973,
  #12311);
#12550 = PRESENTATION_STYLE_ASSIGNMENT((#12551));
#12551 = SURFACE_STYLE_USAGE(.BOTH.,#12552);
#12552 = SURFACE_SIDE_STYLE('',(#12553));
#12553 = SURFACE_STYLE_FILL_AREA(#12554);
#12554 = FILL_AREA_STYLE('',(#12555));
#12555 = FILL_AREA_STYLE_COLOUR('',#10081);
#12556 = OVER_RIDING_STYLED_ITEM('overriding color',(#12557),#9993,
  #12311);
#12557 = PRESENTATION_STYLE_ASSIGNMENT((#12558));
#12558 = SURFACE_STYLE_USAGE(.BOTH.,#12559);
#12559 = SURFACE_SIDE_STYLE('',(#12560));
#12560 = SURFACE_STYLE_FILL_AREA(#12561);
#12561 = FILL_AREA_STYLE('',(#12562));
#12562 = FILL_AREA_STYLE_COLOUR('',#10081);
#12563 = OVER_RIDING_STYLED_ITEM('overriding color',(#12564),#10009,
  #12311);
#12564 = PRESENTATION_STYLE_ASSIGNMENT((#12565));
#12565 = SURFACE_STYLE_USAGE(.BOTH.,#12566);
#12566 = SURFACE_SIDE_STYLE('',(#12567));
#12567 = SURFACE_STYLE_FILL_AREA(#12568);
#12568 = FILL_AREA_STYLE('',(#12569));
#12569 = FILL_AREA_STYLE_COLOUR('',#10081);
#12570 = OVER_RIDING_STYLED_ITEM('overriding color',(#12571),#10039,
  #12311);
#12571 = PRESENTATION_STYLE_ASSIGNMENT((#12572));
#12572 = SURFACE_STYLE_USAGE(.BOTH.,#12573);
#12573 = SURFACE_SIDE_STYLE('',(#12574));
#12574 = SURFACE_STYLE_FILL_AREA(#12575);
#12575 = FILL_AREA_STYLE('',(#12576));
#12576 = FILL_AREA_STYLE_COLOUR('',#10081);
ENDSEC;
END-ISO-10303-21;
